-- phpMyAdmin SQL Dump
-- version 4.6.6deb1+deb.cihar.com~xenial.2
-- https://www.phpmyadmin.net/
--
-- Хост: localhost
-- Время создания: Мар 27 2019 г., 10:27
-- Версия сервера: 5.7.25-0ubuntu0.16.04.2
-- Версия PHP: 7.1.20-1+ubuntu16.04.1+deb.sury.org+1

SET SQL_MODE = "NO_AUTO_VALUE_ON_ZERO";
SET time_zone = "+00:00";


/*!40101 SET @OLD_CHARACTER_SET_CLIENT=@@CHARACTER_SET_CLIENT */;
/*!40101 SET @OLD_CHARACTER_SET_RESULTS=@@CHARACTER_SET_RESULTS */;
/*!40101 SET @OLD_COLLATION_CONNECTION=@@COLLATION_CONNECTION */;
/*!40101 SET NAMES utf8mb4 */;

--
-- База данных: `ip-one-new`
--

-- --------------------------------------------------------

--
-- Структура таблицы `contents`
--

CREATE TABLE `contents` (
  `id` int(10) UNSIGNED NOT NULL,
  `name` varchar(100) COLLATE utf8mb4_unicode_ci DEFAULT NULL,
  `content` longtext COLLATE utf8mb4_unicode_ci,
  `created_at` timestamp NULL DEFAULT NULL,
  `updated_at` timestamp NULL DEFAULT NULL,
  `deleted_at` timestamp NULL DEFAULT NULL,
  `slug` varchar(100) COLLATE utf8mb4_unicode_ci DEFAULT NULL,
  `description` longtext COLLATE utf8mb4_unicode_ci
) ENGINE=InnoDB DEFAULT CHARSET=utf8mb4 COLLATE=utf8mb4_unicode_ci;

--
-- Дамп данных таблицы `contents`
--

INSERT INTO `contents` (`id`, `name`, `content`, `created_at`, `updated_at`, `deleted_at`, `slug`, `description`) VALUES
(3, 'Идея', '<h5>Многие люди считают, что для того, чтобы зарабатывать в сетевом <br />бизнесе, нужно продавать. Но это не так!</h5>\n<div class=\"block\">\n<p>Наша концепция бизнеса подразумевает создание сети потребителей посредством рекомендаций. Задумайтесь, мы с вами делаем это каждый день, но не получаем никакого вознаграждения! <br />Вспомните, когда Вы в последний раз кому-то с удовольствием рассказывали (рекомендовали) о магазине, турфирме, услуге, ресторане, интересном фильме? Вы это делали и делаете, не задумываясь о том, что Вам за рекомендацию кто-то заплатит. Любопытно, но так делают абсолютно все люди на планете! <br />Каждый человек имеет свое четкое мнение по отношении к тому, с чем он столкнулся, что пробовал и чем пользовался! <br />И хотим мы этого или не хотим, но всегда, когда мы говорим об этом ПОЛОЖИТЕЛЬНО &mdash; мы РЕКОМЕНДУЕМ, а если ОТРИЦАТЕЛЬНО &mdash; ПРЕДОСТЕРЕГАЕМ. <br />Сегодня покупать товары в интернет-магазине ОЧЕНЬ УДОБНО и ВЫГОДНО!</p>\n</div>\n<p><img src=\"img/head-icon.png\" alt=\"\" /></p>\n<div class=\"block\">\n<p>Приведем пример: <br />Все люди пьют воду - это факт. Зададим людям, которые <br />уже услышали о Water for life, три вопроса:</p>\n</div>\n<div class=\"block\">\n<p>Было бы Вам интересно иметь дома или всегда под рукой источник с целебной (живой) водой? Не все, но большая половина ответит - ДА! <br />А как Вы думаете, среди Ваших друзей, знакомых, есть люди, которым это тоже было бы интересно? Те, кто на первый вопрос ответил - ДА , скажут конечно - ДА! И так до бесконечности, у каждого человека есть большое количество людей, которым это интересно, а может быть даже необходимо. <br />А Вам было бы интересно получать 10% от каждой покупки Вашими рекомендованными людьми в интернет магазине компании? А по 10% от рекомендаций Ваших людей и т д? Все ответят однозначно - ДА! <br />А теперь представьте, что компания IMAGINE PEOPLE выплачивает Вам - 10% с каждой покупки тех людей, которые будут приобретать продукт компании по Вашей рекомендации. Вам предоставлена возможность все контролировать и видеть через свой интернет-офис: кто купил; что купил; на какую сумму сделана покупка; какое вознаграждение Вам причитается. Более того, каждый, кто купил товар по Вашей рекомендации в интернет-магазине, получает такие же возможности что и Вы &mdash; рекомендовать и получать процент от покупки. И что самое интересное &mdash; Вам заплатят за рекомендации Ваших людей! <br />Вы были бы заинтересованы, чтобы таких рекомендаций у Вас было очень много? Не трудно представить, как быстро начнет расти Ваша потребительская сеть, если каждый потребитель Вашей сети имеет финансовое вознаграждение за создание своей потребительской сети! <br />И это ВЫГОДНО ВСЕМ! Компания не вкладывает большие деньги в рекламу, а делится прибылью с теми, кто ему создает товарооборот. Вы получаете глобальную бизнес-возможность, не вкладывая миллионы для открытия своего бизнеса.</p>\n</div>\n<div class=\"block\">\n<p>Аналитики мирового уровня сделали вывод &mdash; 80% всего товара в мире продается и покупается за счет ПОТРЕБИТЕЛЬСКОЙ РЕКОМЕНДАЦИИ, и только 20% &mdash; за счет рекламы. <br />Каждый день мы рекомендуем, а значит, создаем магазинам, турфирмам, кинотеатрам потребительские рынки на миллионы долларов, но не получаем за это финансовое вознаграждение. <br />В компании &laquo;IMAGINE PEOPLE&raquo; Вы имеете возможность на основе потребительской рекомендации создать международную потребительскую сеть и воплотить в жизнь Ваши самые смелые мечты!</p>\n</div>', '2019-03-19 22:50:40', '2019-03-27 07:55:14', NULL, 'idea', 'Многие люди считают, что для того, чтобы зарабатывать в сетевом  бизнесе, нужно продавать. Но это не так!'),
(4, 'Возможности', '<h2 style=\"text-align: center;\">Бизнес возможности</h2>\r\n<p style=\"text-align: center;\">Стать партнером компании очень просто! Необходимо приобрести интернет-офис<br /> (стоимость за год обслуживания 20 у.е. для пакетов: &laquo;СТАРТ&raquo;, &laquo;ПРОФЕССИОНАЛ&raquo;, &laquo;МЕГА&raquo;<br /> и 10 у.е. для пакета &laquo;ПРОБНЫЙ&raquo;)<br /> и один из 4-х бизнес-пакетов<br /> (в состав пакета входит продукт компании)</p>\r\n<div class=\"row justify-content-center mb-5\">\r\n<div class=\"packet shadow py-4 d-flex flex-column mx-2\">\r\n<div class=\"packet-header\">\r\n<div class=\"number\">1</div>\r\n<div class=\"name\">Пробный</div>\r\n</div>\r\n<div class=\"packet-body mb-4\">В состав пакета входит:<br /> 1 шт Water for life<br /> 1 шт Каталог продукции</div>\r\n<div class=\"packet-bottom mt-auto\">\r\n<div class=\"price\">50у.е.</div>\r\n<div class=\"add-price\">стоимость пакета - 40у.е.<br /> интернет-офис - 10у.е.</div>\r\n</div>\r\n</div>\r\n<div class=\"packet shadow py-4 d-flex flex-column mx-2\">\r\n<div class=\"packet-header\">\r\n<div class=\"number\">2</div>\r\n<div class=\"name\">Старт</div>\r\n</div>\r\n<div class=\"packet-body mb-4\">В состав пакета входит:<br /> 3 шт Water for life<br /> 1 шт Absolute Energy<br /> 1 шт G-BIO<br /> <span style=\"color: red;\">+1 шт Alfa в подарок</span></div>\r\n<div class=\"packet-bottom mt-auto\">\r\n<div class=\"price\">270у.е.</div>\r\n<div class=\"add-price\">стоимость пакета - 250у.е.<br /> интернет-офис - 20у.е.</div>\r\n</div>\r\n</div>\r\n<div class=\"packet shadow py-4 d-flex flex-column mx-2\">\r\n<div class=\"packet-header\">\r\n<div class=\"number\">3</div>\r\n<div class=\"name\">Профессионал</div>\r\n</div>\r\n<div class=\"packet-body mb-4\">В состав пакета входит:<br /> 8 шт Water for life<br /> 4 шт Absolute Energy<br /> 4 шт G-BIO<br /> 1 шт Alfa<br /> 1 шт Clear Space<br /> <span style=\"color: red;\">+3 шт Wfl в подарок</span><br /> <span style=\"color: red;\">+1 шт Alfa в подарок</span></div>\r\n<div class=\"packet-bottom mt-auto\">\r\n<div class=\"price\">1020у.е.</div>\r\n<div class=\"add-price\">стоимость пакета - 1000у.е.<br /> интернет-офис - 20у.е.</div>\r\n</div>\r\n</div>\r\n<div class=\"packet shadow py-4 d-flex flex-column mx-2\">\r\n<div class=\"packet-header\">\r\n<div class=\"number\">4</div>\r\n<div class=\"name\">Мега</div>\r\n</div>\r\n<div class=\"packet-body mb-4\">В состав пакета входит:<br /> 16 шт Water for life<br /> 8 шт Absolute Energy<br /> 8 шт G-BIO<br /> 2 шт Alfa<br /> 2 шт Clear Space<br /> <span style=\"color: red;\">+6 шт Wfl в подарок</span><br /> <span style=\"color: red;\">+2 шт Alfa в подарок</span></div>\r\n<div class=\"packet-bottom mt-auto\">\r\n<div class=\"price\">2020у.е.</div>\r\n<div class=\"add-price\">стоимость пакета - 2000у.е.<br /> интернет-офис - 20у.е.</div>\r\n</div>\r\n</div>\r\n</div>\r\n<p class=\"mb-5\" style=\"text-align: center;\">Пакеты отличаются между собой не только стоимостью, объёмом приобретаемой продукции, но и <br /> финансовыми возможностями в бизнес-плане! Для того, чтобы повысить свои финансовые возможности, Вы <br /> можете перейти на более высокий по статусу пакет, оплатив разницу между ранее приобретенным <br /> пакетом, и тем, на который Вы хотите перейти. <br /> Срок для перехода (апгрейда) &mdash; 3 месяца с момента регистрации в компании.</p>\r\n<h2 style=\"text-align: center;\">Бизнес-план имеет 5 видов дохода:</h2>\r\n<p><span class=\"center-number mb-4\">1</span></p>\r\n<h3 style=\"text-align: center;\">БОНУС 30%</h3>\r\n<p class=\"mb-5\" style=\"text-align: center;\">от товарооборота Вашей реферальной страницы<br /> Вы рекламируете Вашу продающую реферальную страницу. Ваши клиенты приобретают продукт компании <br /> через эту рекламную страницу по розничной стоимости, а компания возвращает Вам на счет 30% от <br /> розничной стоимости товара.</p>\r\n<p><span class=\"center-number mb-4\">2</span></p>\r\n<h3 style=\"text-align: center;\">БОНУС ОНЛАЙН</h3>\r\n<p><img style=\"width: 1200px; max-width: 100%; display: block; margin: auto;\" src=\"https://ip-one.net/img/bussiness-2.png\" /></p>\r\n<p class=\"mb-5\" style=\"text-align: center;\">В зависимости от того, на какой пакет подключается Ваш лично рекомендованный партнер, Вы получаете <br /> бонус от 10 у.е. до 400 у.е.<br /> Ограничений по количеству лично рекомендованных пакетов нет.</p>\r\n<p><span class=\"center-number mb-4\">3</span></p>\r\n<h3 style=\"text-align: center;\">БИНАРНЫЙ СТЕПОВЫЙ БОНУС</h3>\r\n<p class=\"mb-5\" style=\"text-align: center;\">Для создания бизнес-структуры и получения права на все последующие бонусы, <br /> Вам необходимо подключить 2-х партнеров на любой из пакетов: один &mdash; в левую ветку,<br /> второй &mdash; в правую ветку.<br /> В бинарной структуре участвуют все бизнес пакеты. <br /> Товарооборот рассчитывается в баллах:</p>\r\n<p><img class=\"mb-4\" style=\"width: 1200px; max-width: 100%; display: block; margin: auto;\" src=\"https://ip-one.net/img/bussiness-3.png\" /></p>\r\n<p class=\"mb-5\" style=\"text-align: center;\">Необходимый товарооборот для закрытия степа &mdash; 400 баллов: 200 баллов слева и 200 баллов справа.<br /> Вам выплачиваются комиссионные в размере: 20 у.е; 30у.е; 40 у.е; 45 у.е; 50 у.е; 55 у.е; 60 у.е.<br /> (в зависимости от того на каком квалификационном ранге Вы находитесь). <br /> Расчет за каждый закрытый степ происходит онлайн (мгновенно).<br /> ВАЖНО: Условие для получения степовых бонусов: <br /> Ваша ежемесячная активность минимум на 40 баллов + КВАЛИФИКАЦИЯ:</p>\r\n<p><img class=\"mb-4\" style=\"width: 800px; max-width: 100%; display: block; margin: auto;\" src=\"https://ip-one.net/img/bussiness-figures.png\" /></p>\r\n<p class=\"mb-5\" style=\"text-align: center;\"><span style=\"color: red;\">Менеджер</span> - 20 у.е. за каждый закрытый степ.<br /> Условия: личное подключение 2-х партнеров на любой из пакетов, одного &mdash; <br /> в левую ветку, второго &mdash; в правую ветку.<br /> Максимальная выплата в неделю - 500 у.е.<br /> <span style=\"color: red;\">Директор</span> - 30 у.е. за каждый закрытый степ.<br /> Условия: двое из лично приглашенных партнеров имеют ранг МЕНЕДЖЕР: один &mdash; <br /> в левой ветке, один &mdash; в правой ветке.<br /> Максимальная выплата в неделю - 1000 у.е.<br /> <span style=\"color: red;\">Региональный директор</span> - 40 у.е. за каждый закрытый степ.<br /> Условия: четверо из лично приглашенных партнеров имеют ранг МЕНЕДЖЕР: двое из них &mdash;<br /> в левой ветке, двое &mdash; в правой ветке.<br /> Максимальная выплата в неделю - 3000 у.е.<br /> <span style=\"color: red;\">Федеральный директор</span> - 45 у.е. за каждый закрытый степ.<br /> Условия: восемь из лично приглашенных партнеров имеют ранг МЕНЕДЖЕР: четверо из них &mdash; <br /> в левой ветке, четверо в &mdash; правой ветке.<br /> Плюс закрытых 125 степов за прошлый месяц.<br /> Максимальная выплата в неделю - 5000 у.е.<br /> <span style=\"color: red;\">Международный директор</span> - 50 у.е. за каждый закрытый степ.<br /> Условия: десять из лично приглашенных партнеров имеют ранг МЕНЕДЖЕР: пять из них &mdash; <br /> в левой ветке, пять в &mdash; правой ветке.<br /> Плюс закрытых 250 степов за прошлый месяц.<br /> Максимальная выплата в неделю - 7000 у.е.<br /> <span style=\"color: red;\">Советник</span> - 55 у.е. за каждый закрытый степ.<br /> Условия: десять из лично приглашенных партнеров имеют ранг МЕНЕДЖЕР: пять из них &mdash;<br /> в левой ветке, пять в &mdash; правой ветке.<br /> Плюс двое из лично приглашенных партнеров имеют ранг МЕЖДУНАРОДНЫЙ ДИРЕКТОР : один из них &mdash;<br /> в левой ветке, второй &mdash; в правой ветке.<br /> Плюс закрытых 500 степов за прошлый месяц.<br /> Максимальная выплата в неделю - 10000 у.е.<br /> <span style=\"color: red;\">Член совета правления</span> - 60 у.е. за каждый закрытый степ.<br /> Условия: десять лично приглашенных партнеров имеют ранг МЕНЕДЖЕР: пять из них &mdash; <br /> в левой ветке, пять в &mdash; правой ветке.<br /> Плюс двое из лично приглашенных партнеров имеют ранг СОВЕТНИК: один из них &mdash; <br /> в левой ветке, второй &mdash; в правой ветке.<br /> Плюс закрытых 1000 степов за прошлый месяц.<br /> Максимальная выплата в неделю - без ограничений.</p>\r\n<p><img class=\"mb-4\" style=\"width: 1200px; max-width: 100%; display: block; margin: auto;\" src=\"https://ip-one.net/img/bussiness-4.png\" /> <span class=\"center-number mb-4\">4</span></p>\r\n<h3 style=\"text-align: center;\">РАНГОВЫЙ БОНУС</h3>\r\n<p><img class=\"mb-4\" style=\"width: 1200px; max-width: 100%; display: block; margin: auto;\" src=\"https://ip-one.net/img/bussiness-5.png\" /> <span class=\"center-number mb-4\">5</span></p>\r\n<h3 style=\"text-align: center;\">ГЛОБАЛЬНЫЙ БОНУС</h3>\r\n<p class=\"mb-5\" style=\"text-align: center;\">Компания выделяет <span style=\"font-size: 2rem; color: red;\">3%</span> со всего товарооборота и делит их между партнерами в квалификациях:<br /> Советник и Член совета правления.<br /> Бонус рассчитывается ежемесячно, выплачивается раз в полгода.</p>\r\n<p><span class=\"center-number mb-4\">!</span></p>\r\n<h3 style=\"text-align: center; color: red;\">ОБРАТИТЕ ВНИМАНИЕ</h3>\r\n<p class=\"mb-5\" style=\"text-align: justify;\"><span style=\"color: red;\">1.</span>В случае, если в Вашей структуре еще никого нет ни в левой, ни в правой ноге, Ваш первый лично приглашенный встанет в левую ногу! В случае, если в левой ноге уже кто- то есть (не важно - лично приглашенный это или нет), а в правой ноге никого нет, то лично приглашенный встанет в правую ногу. В случае, если в обеих ногах на первом уровне уже кто-то есть, то лично приглашенный пойдет в ту ногу, которую Вы указали. Далее Вы регулируете постановку партнеров самостоятельно с помощью перемещения стрелки. Для этого нужно зайти в &laquo;Настройки&raquo; и изменить местоположение стрелки.<br /><br /> <span style=\"color: red;\">2.</span>Предрегистрация ставит Вашего нового партнера в общий накопительный список. В какую &laquo;ногу&raquo; он встанет - определяется в момент оплаты. Поэтому перед его оплатой внимательно проверьте расположение стрелки в своем кабинете.<br /><br /> <span style=\"color: red;\">3.</span>Партнеры, попадающие в Вашу структуру \"переливом\", т.е. от вышестоящих по структуре, всегда попадают в правую ногу.<br /><br /> <span style=\"color: red;\">4.</span>Квалификация требуется для получения всех видов бонусов, кроме БОНУСА ОНЛАЙН (бонус за личную рекомендацию) и бонуса товарооборота страницы.<br /><br /> <span style=\"color: red;\">5.</span>Квалификация определяется в начале каждого месяца автоматически и действует весь месяц. Исключение составляют только те партнеры, которые выполняют условия новой квалификации в течение первых 30 дней после вступления в партнеры IMAGINE PEOPLE - у них квалификация присваивается автоматически, как только они выполняют ее условия.</p>', '2019-03-19 22:53:59', '2019-03-20 09:04:37', NULL, 'bussiness', 'Бизнес возможности Стать партнером компании очень просто! Необходимо приобрести интернет-офис (стоимость за год обслуживания 20 у.е. для пакетов: «СТАРТ», «ПРОФЕССИОНАЛ», «МЕГА»'),
(5, 'Faq', '\n            <h3>Часто задаваемые вопросы</h3>\n            <div class=\"question\">\n                <h4>\n                    1. Если продукция примерзла при доставке, сохраняет ли она свои свойства?\n                    <a href=\"#\" class=\"q_btn\">\n                        <span></span>\n                        <span></span>\n                    </a>\n                </h4>\n                <div class=\"question_text\">\n                    <p>Да! Если флакон не повредился, не лопнул от замерзания жидкости внутри, то ничего страшного не происходит. Его достаточно медленно оттаять при комнатной температуре (ни в коем случае не нагревать). Память и активность продукта сохраняется. Антиэнтропийные свойства сохраняются и его можно продолжать использовать с успехом во всех оздоровительных мероприятиях, которые мы рекоментуем. <br>При, наоборот, высоких температурах, наприммер при длительном кипячении 3-4 минуты или кипячении несколько раз, гидроплазма теряет сови свойства на 50-60%. В данном случае память и устойчивость постепенно стирается</p>\n                </div>\n            </div>', '2019-03-19 22:55:18', '2019-03-20 09:04:22', NULL, 'faq', 'Часто задаваемые вопросы 1. Если продукция примерзла при доставке, сохраняет ли она свои свойства?'),
(6, 'Инфо', '<div class=\"col-md-10 p-5\">\r\n<h3>Научное обоснование применения гидроплазмы в процессе тренировок</h3>\r\n<p style=\"font-size: 22px;\"><a href=\"https://ip-one.net/files/Yi902BW77Zr3jMMGs0Cfetn0U9NPSWYrjv41RZYK.pdf\">Биофизическая реабилитация спортсменов с применением гидроплазмы в процессе тренировок.pdf</a></p>\r\n<p style=\"font-size: 22px;\"><a href=\"https://ip-one.net/files/LUQKoxJtSPWV6nkozmah534jCK77NMTjjszmi02d.docx\">Этический кодекс партнеров Компании IMAGINE PEOPLE.docx</a></p>\r\n</div>', '2019-03-19 23:02:54', '2019-03-20 09:03:58', NULL, 'info', 'Научное обоснование применения гидроплазмы в процессе тренировок Биофизическая реабилитация спортсменов с применением гидроплазмы в процессе тренировок'),
(7, 'Как купить', '<div class=\"block\">\r\n<h6>Как приобрести продукцию</h6>\r\n<ul class=\"page_list\">\r\n<li>Если Вы уже партнер компании &mdash; оформите заказ в <span style=\"text-decoration: underline;\"><strong>&laquo;<a href=\"https://lk.ip-one.net\">Личном кабинете</a>&raquo;</strong></span></li>\r\n<li>Если Вы еще не партнер компании &mdash; <span style=\"text-decoration: underline;\"><a href=\"https://lk.ip-one.net/sign_up.php\"><strong>зарегистрируйтесь</strong></a> </span>в качестве партнера и оформляйте заказы с партнерской скидкой</li>\r\n<li>Если Вы не зарегистрируетесь - Вы всегда можете приобрести продукцию у одного из наших партнеров в Вашем регионе</li>\r\n</ul>\r\n</div>\r\n<p><img src=\"img/delivery_icon.png\" alt=\"\" /></p>\r\n<div class=\"block\">\r\n<h6>Доставка</h6>\r\n<p>Вы можете получить свой товар одним из следующих способов:</p>\r\n<ul class=\"page_list\">\r\n<li>Получить заказ в офисе Компании (ЦО) на условиях самовывоза. Срок хранения продукции в офисе не более двух месяцев. График работы ЦО Вы можете посмотреть в разделе &laquo;Контакты&raquo;</li>\r\n<li>Доставка осуществляется после оплаты через транспортную компанию. Точную сумму и срок доставки Вы сможете узнать после оформления заказа</li>\r\n<li>Вы можете воспользоваться доставкой &laquo;до двери&raquo;, т.е. на указанный Вами адрес или Вы можете получить посылку самостоятельно в офисе транспортной компании в Вашем городе</li>\r\n<li>При оформлении доставки заказа Вам присваивается номер накладной, по которому Вы сможете отследить движение своего заказа и статус заказа на сайте транспортной компании</li>\r\n<li>Номер накладной будет выслан на электронный адрес, который указан при регистрации</li>\r\n</ul>\r\n</div>\r\n<div class=\"block\">\r\n<h6>Cтоимость доставки зависит от:</h6>\r\n<ul class=\"page_list\">\r\n<li>удаленности Вашего города от г. Алматы</li>\r\n<li>веса посылки</li>\r\n<li>выбранного способа доставки (экспресс или стандарт)</li>\r\n<li>выбранного варианта получения заказа (офис транспортной компании или доставка &laquo;до двери&raquo;)</li>\r\n</ul>\r\n</div>\r\n<div class=\"block\">\r\n<h6>Получение заказа:</h6>\r\n<ul class=\"page_list\">\r\n<li>в день доставки заказа с Вами свяжется представитель транспортной компании для согласования времени и места доставки (при условии, что Вы оформили доставку &laquo;до двери&raquo;)</li>\r\n<li>при получении посылки при себе необходимо иметь документ, удостоверяющий личность</li>\r\n<li>оплата за доставку осуществляется в офисе транспортной компании (при условии доставки до офиса) или представителю транспортной компании (при условии доставки &laquo;до двери&raquo;)</li>\r\n</ul>\r\n</div>\r\n<div class=\"block\">\r\n<p>Внимание! Получатель несет ответственность за точность предоставленных данных. Все проблемные ситуации, связанные с неверно указанными данными, решаются за Ваш счет.</p>\r\n</div>\r\n<p><img src=\"https://ip-one.net/img/payment-icon.png\" alt=\"\" /></p>\r\n<div class=\"block\">\r\n<h6>Оплата:</h6>\r\n<ul class=\"page_list\">\r\n<li>Наличными в офисе компании (ЦО)</li>\r\n<li>Бонусами со счета в Личном кабинете</li>\r\n<li>Банковской картой VISA и Master Card, проверьте, предназначена ли ваша карта для оплаты в интернете (данную информацию Вам сможет предоставить Банк, в котором Вы обслуживаетесь). В момент оплаты банковской картой система переадресует Вас на сервер банка, который запросит параметры Вашей банковской карты (номер карты, дата окончания, действие карты, фамилия и имя). Данные необходимо ввести и подтвердить</li>\r\n<li>Минимальный единовременный платеж не ограничен</li>\r\n<li>Если за время обработки Вашего заказа какие-то из выбранных позиций закончились на складе компании, сумма в накладной будет меньше суммы заказа. При этом денежные средства на карте будут заблокированы в соответствии с заказом, а фактически будут списаны в соответствии с накладной. Возврат разницы денежных средств на карту происходит автоматически. Срок возврата зависит от банка, выпустившего карту, и составляет, как правило, от 1 рабочего дня до 30 рабочих дней.</li>\r\n</ul>\r\n</div>', '2019-03-19 23:07:19', '2019-03-20 11:26:54', NULL, 'how-to-buy', 'Как приобрести продукцию Если Вы уже партнер компании — оформите заказ в «Личном кабинете» Если Вы еще не партнер компании — зарегистрируйтесь в качестве партнера и оформляйте заказы с партнерской скидкой'),
(8, 'Наука', '<h3>Инюшин Виктор Михайлович</h3>\r\n<h5>Биофизика &mdash; дело его жизни</h5>\r\n<div class=\"row\">\r\n<div class=\"col-md-3\"><img class=\"science_person\" src=\"img/inushkin.png\" alt=\"\" /></div>\r\n<div class=\"col-md-9\">\r\n<ul class=\"page_list angle\">\r\n<li>Доктор биологических наук (1997 г)</li>\r\n<li>Профессор (1998 г)</li>\r\n<li>Стажер-исследователь (1963-1973 гг.)</li>\r\n<li>Старший преподаватель и доцент кафедры гистологии и цитологии КазГУ им. С.М. Кирова, заведующий кафедрой биофизики и биохимии (1973-1980 гг.)</li>\r\n<li>Руководитель проблемной лаборатории &laquo;Биоэнергетическая структура биосистем&raquo; (1974г.)</li>\r\n<li>Заведующий кафедрой биофизики и биохимии (1984-1995 гг.)</li>\r\n<li>Заведующий кафедрой биофизики и методики преподавания биологии (1995-1999 гг.), с 1999 г. по настоящее время &ndash; профессор кафедры биофизики и биомедицины</li>\r\n<li>Сертификат участника энциклопедии \"Известные Ученые\"</li>\r\n</ul>\r\n</div>\r\n</div>\r\n<div class=\"block\">\r\n<p>Виктор Михайлович Инюшин является основателем &laquo;Казахской биофизической школы&raquo;. Под его руководством были обоснованы возможности использования биорезонансной лазерной терапии в мировой науке и практике. Им впервые была осуществлена биорезонансная реабилитация клеток крови после лучевого поражения. В 1972 году в городе Львове В.М. Инюшин успешно защитил докторскую диссертацию на тему &laquo;Гистофизиологическое исследование действия излучений оптических квантовых генераторов и других светоустановок на организм человека и животных&raquo;, став самым молодым доктором биологических наук в СССР, а вскоре и профессором по специальности &laquo;Биофизика&raquo;. В.М. Инюшин является организатором единственной в Средней Азии и Казахстане кафедры биофизики, руководителем которой он был в период 1973-1999 гг. Создание кафедры биофизики раскрыло его яркий научно-педагогический талант. Это позволило ему уделять большое внимание развитию и координации биофизических исследований в Казахстане и решать вопросы подготовки специалистов по биофизике. Для экологии особое значение имеют его работы на тему патогенной и биогенной воды в жизни человека. Его труды вызвали дискуссию в научных кругах не только в СССР, но и в мире. Сейчас уже доказано, что биогенная и патогенная вода &ndash; реальность, с которой человечеству необходимо считаться.</p>\r\n</div>\r\n<div class=\"block\">\r\n<p>Общественные должности:</p>\r\n<ul class=\"page_list\">\r\n<li>1969-1988 гг. Член Международной ассоциации по изучению эффекта Кирлиан (Нью-Йорк) председатель Комитета биоэнергетической и психобиоэнергетической реабилитации международного антиядерного движения &laquo;Невада-Семипалатинск&raquo;</li>\r\n<li>1973-1999 г. Член Ученого совета биологического факультета и НТС НИИ проблем биологии и биотехнологии</li>\r\n<li>1978 г. Член редколлегии зарубежных изданий &laquo;Психоэнергетические системы&raquo; (США), &laquo;Аурикулотерапия&raquo; (Израиль)</li>\r\n<li>1989 г. Почетный член Ученого совета &laquo;Зороастрианского колледжа&raquo; (Бомбей, Индия);</li>\r\n<li>1991 г. Член Ученого совета Монтерейского &laquo;Института целительского искусства&raquo; (Сан-Франциско, США)</li>\r\n<li>2012 г. Почетный доктор медицины &laquo;Международного университета альтернативной медицины при ЮНЕСКО&raquo; (г. Коломбо).</li>\r\n</ul>\r\n</div>\r\n<div class=\"block\">\r\n<p>Основные награды:</p>\r\n<ul class=\"page_list medal\">\r\n<li>Знак &laquo;Заслуженный изобретатель Республики Казахстан&raquo; (1984 г.)</li>\r\n<li>Медаль Международного фонда имени А.Л.Чижевского (1992 г)</li>\r\n<li>Почётный знак &laquo;Истина, вера в добро&raquo; (2002 г.)</li>\r\n<li>Орден &laquo;Құрмет&raquo; (2008 г.)</li>\r\n<li>Золотая медаль Европейской научно-промышленной палаты (2013 г.)</li>\r\n<li>Медаль Международного антиядерного движения &laquo;Невада-Семей&raquo; (2014 г.)</li>\r\n<li>Медаль &laquo;80 лет КазНУ имени аль-Фараби&raquo; (2014 г.)</li>\r\n</ul>\r\n</div>', '2019-03-19 23:14:32', '2019-03-20 09:03:18', NULL, 'science', 'Виктор Михайлович Инюшин является основателем «Казахской биофизической школы».'),
(9, 'О нас', '<p class=\"about_title\">IMAGINE PEOPLE <br />Международная интернет-компания, которая дает возможность приобретать продукт <br />и вести бизнес по всему миру!</p>\r\n<p>МИССИЯ: Самая главная ценность на земле - это люди! Миссия компании - сохранение здоровья, продление и улучшение качества жизни людей во всем мире. <br />Руководство компании &ndash; профессионалы, всю жизнь посвятившие сетевому маркетингу и получившие колоссальный опыт в сфере администрирования и построения сети. Вся линейка продуктов компании IMAGINE PEOPLE является ее интеллектуальной собственностью и производится по эксклюзивным договорам на современных производствах с соблюдением европейских стандартов!</p>\r\n<p>Мы отбираем самое интересное, что есть на сегодняшний день на рынке, совершенствуем, дорабатываем и делаем из этого эксклюзивное товарное предложение! <br />В дальнейшем, когда на рынке будет создан стабильно растущий потребительский спрос на данный продукт, компания, для обеспечения качества и объемов производимого продукта, создает своё собственное производство с возможным участием в акционировании партнеров компании! Приоритетными направлениями для развития, компания выбрала: концепцию Water for Life &mdash; вода для сохранения здоровья, функциональное и спортивное питание.</p>\r\n<p>Цель компании IMAGINE PEOPLE &ndash; дать людям во всем мире возможность пользоваться высококачественным продуктом, быть полноценными интернет-предпринимателями в любой точке мира и иметь высокодоходный бизнес ПОД КЛЮЧ!</p>\r\n<p>Задача компании IMAGINE PEOPLE &ndash; создать многомиллионную международную сеть потребителей продукции компании в десятках стран мира посредством глобальной сети Интернет! <br />Сделать общедоступными современные технологии для развития бизнеса и всегда создавать возможности высочайшего уровня для личностного развития! <br />Став партнером компании, вы приобретаете высокотехнологичный бизнес, а так же систему для развития вашего бизнеса, где бы вы не находились!</p>\r\n<p>Огромное количество людей во всем мире хотят изменить свою жизнь к лучшему &mdash; помочь им это сделать и есть наша основная задача!!!</p>\r\n<p><img class=\"hand_icon\" src=\"img/hand-icon.png\" alt=\"\" /></p>', '2019-03-19 23:17:24', '2019-03-20 08:59:18', NULL, 'about', 'IMAGINE PEOPLE  Международная интернет-компания, которая дает возможность приобретать продукт  и вести бизнес по всему миру!'),
(10, 'ОТКРОЙ ДЛЯ СЕБЯ IMAGINE PEOPLE', '<h2>Открой для себя</h2>\n<h1>Imagine People</h1>\n<div class=\"row my-5 pb-5\">\n<div class=\"col-12\"><img src=\"img/open-ip-one.png\" /></div>\n</div>\n<p>Став партнером компании, Вы приобретаете высокоэффективный бизнес, а также<br />систему для развития Вашего бизнеса, где бы Вы не находились!</p>', '2019-03-27 07:12:32', '2019-03-27 07:12:32', NULL, 'otkroj-dlya-sebya-imagine-people', NULL),
(11, 'Контакты', '<p class=\"contacts-title\">Представляем Вам команду Центрального офиса. <br />Вы можете напрямую обратиться к нашим сотрудникам по интересующим Вас вопросам.</p>\n<div class=\"row\">\n<div class=\"col-md-6\">\n<h6>отдел логистики</h6>\n<div class=\"row\">\n<div class=\"col-md-2 contacts_icon\"><img src=\"img/empl-icon.png\" alt=\"\" /></div>\n<div class=\"col-md-10\">\n<p>Ким Дмитрий</p>\n<span class=\"post\"><a href=\"mailto:post@ip-one.net\">post@ip-one.net</a></span></div>\n</div>\n</div>\n<div class=\"col-md-6\">\n<h6>служба поддержки</h6>\n<div class=\"row\">\n<div class=\"col-md-2 contacts_icon\"><img src=\"img/feed-icon.png\" alt=\"\" /></div>\n<div class=\"col-md-10 align-self-center\"><span class=\"tel\"><a href=\"tel:+7 707 746 65 64\">+7 707 746 65 64</a></span></div>\n</div>\n</div>\n</div>\n<h6>отдел по работе с show-room</h6>\n<div class=\"row\">\n<div class=\"col-md-6\">\n<div class=\"row\">\n<div class=\"col-md-2 contacts_icon\"><img src=\"img/empl-icon.png\" alt=\"\" /></div>\n<div class=\"col-md-10\">\n<p>Келимбетов Рифат</p>\n<span class=\"tel\"><a href=\"tel:+7 707 822 29 92\">+7 707 822 29 92</a></span> <span class=\"skype\"><a href=\"#\">manager2_375</a></span> <span class=\"post\"><a href=\"mailto:manager2@ip-one.net\">manager2@ip-one.net</a></span></div>\n</div>\n</div>\n<div class=\"col-md-6\">\n<div class=\"row\">\n<div class=\"col-md-2 contacts_icon\"><img src=\"img/empl-icon.png\" alt=\"\" /></div>\n<div class=\"col-md-10\">\n<p>Камза Карина</p>\n<span class=\"tel\"><a href=\"tel:+7 700 687 17 58\">+7 700 687 17 58</a></span> <span class=\"skype\"><a href=\"#\">manager1_350</a></span> <span class=\"post\"><a href=\"mailto:manager1@ip-one.net\">manager1@ip-one.net</a></span></div>\n</div>\n</div>\n<div class=\"col-md-6\">\n<div class=\"row\">\n<div class=\"col-md-2 contacts_icon\"><img src=\"img/empl-icon.png\" alt=\"\" /></div>\n<div class=\"col-md-10\">\n<p>Канатулы Жансар</p>\n<span class=\"tel\"><a href=\"tel:+7 708 624 11 75\">+7 708 624 11 75</a></span> <span class=\"skype\"><a href=\"#\">manager4_151</a></span> <span class=\"post\"><a href=\"mailto:manager4@ip-one.net\">manager4@ip-one.net</a></span></div>\n</div>\n</div>\n</div>\n<h6>oтдел по работе с регионами</h6>\n<div class=\"row\">\n<div class=\"col-md-6\">\n<div class=\"row\">\n<div class=\"col-md-2 contacts_icon\"><img src=\"img/empl-icon.png\" alt=\"\" /></div>\n<div class=\"col-md-10\">\n<p>Умбетьярова Гульмира</p>\n<span class=\"tel\"><a href=\"tel:+7 775 824 44 17\">+7 775 824 44 17</a></span> <span class=\"post\"><a href=\"mailto:manager@ip-one.net\">manager@ip-one.net</a></span></div>\n</div>\n</div>\n</div>\n<h6>oтдел маркетинга</h6>\n<div class=\"row\">\n<div class=\"col-md-6\">\n<div class=\"row\">\n<div class=\"col-md-2 contacts_icon\"><img src=\"img/empl-icon.png\" alt=\"\" /></div>\n<div class=\"col-md-10\">\n<p>Жалиева Саида</p>\n<span class=\"tel\"><a href=\"tel:+7 747 255 50 38\">+7 747 255 50 38</a></span> <span class=\"post\"><a href=\"mailto:marketing@ip-one.net\">marketing@ip-one.net</a></span></div>\n</div>\n</div>\n</div>\n<h6>информационный отдел</h6>\n<div class=\"row\">\n<div class=\"col-md-6\">\n<div class=\"row\">\n<div class=\"col-md-2 contacts_icon\"><img src=\"img/empl-icon.png\" alt=\"\" /></div>\n<div class=\"col-md-10\">\n<p>Медеум Алима</p>\n<span class=\"tel\"><a href=\"tel:+7 747 157 75 94\">+7 747 157 75 94</a></span> <span class=\"post\"><a href=\"mailto:info@ip-one.net\">info@ip-one.net</a></span></div>\n</div>\n</div>\n</div>', '2019-03-27 07:22:30', '2019-03-27 07:22:30', NULL, 'kontakty', NULL),
(12, 'Футер', '<p><img class=\"mb-4\" style=\"display: block; margin: auto; width: 250px; padding: 10px 0;\" src=\"https://ip-one.net/img/logo.png\" /></p>\n<p class=\"mb-4 text-center\" style=\"line-height: 1.5rem;\">IMAGINE PEOPLE - это международная<br />интернет-компания,<br />которая дает возможность приобретать<br />продукт и вести<br />бизнес по всему миру!</p>\n<p class=\"mb-4 text-center\" style=\"line-height: 1.5rem; position: relative;\">Республика Казахстан, 050000, город Алматы,<br />Бухар Жырау 33, Бизнес центр \"Jenis\", офис 4</p>', '2019-03-27 07:30:39', '2019-03-27 07:30:39', NULL, 'futer', NULL),
(13, 'Отзывы', '<div class=\"row\">\n<div class=\"col-md-6 comment_text\">\n<div class=\"comment_list\">\n<h6>Андрей, 48 лет (г. Челябинск)</h6>\n<p>Гипертония &ndash; около 30 лет, сахарный диабет &ndash; около 20 лет (сахар 12 ед). После 3-х месяцев употребления гидроплазмы &laquo;WATER FOR LIFE&raquo; повышение давления стало меньше беспокоить, прибавилось энергии, улучшилось настроение, сахар снизился до 7 ед.</p>\n</div>\n<div class=\"comment_list\">\n<h6>Олег, 46 лет (г. Челябинск)</h6>\n<p>На фоне приема биогенной воды &laquo;WATER FOR LIFE&raquo; (10-15 капель на 500 мл питьевой воды) стала замечать по утрам, что отхаркивается зеленая мокрота. До этого беспокоил непродолжительный кашель по утрам. Через 3 недели выделения из бронхо-легочной системы прекратились, и исчез утренний кашель.</p>\n</div>\n<div class=\"comment_list\">\n<h6>Рафаэль, 76 лет (Башкирия)</h6>\n<p>Более 15 лет страдал простатитом. После 2-х месяцев употребления гидроплазмы &laquo;WATER FOR LIFE&raquo; перестали беспокоить частые ночные позывы на мочеиспускание.</p>\n</div>\n<div class=\"comment_hidden-block\">\n<div class=\"comment_list\">\n<h6>Елена(Екатеринбург)</h6>\n<p>Здравствуйте. На работе моя коллега пожаловалась на расстройство желудка. Я на стакан воды развела 15 капель гидроплазмы и она ее выпила. Через час все пришло в норму. Проблема прошла. Коллега сразу приобрела бутылочку гидроплазмы.</p>\n</div>\n<div class=\"comment_list\">\n<h6>Сергей(Екатеринбург)</h6>\n<p>Несколько лет сохла и трескалась кожа на руках. Никакие мази, гели, и др. не помогали. Начал делать примочки с гидроплазмой в течении двух недель, трещины зажили, кожа стала мягкой, увлажненной, перестала трескаться.</p>\n</div>\n<div class=\"comment_list\">\n<h6>Михаил Легаев, 50 лет, Краснотурьинск</h6>\n<p>У жены случился насморк &ndash; 5 платков за день. Закапав в каждую ноздрю в течение дня 4 раза по 1 капле &laquo;WATER FOR LIFE&raquo;, на утро встала без насморка.</p>\n</div>\n<div class=\"comment_list\">\n<h6>Павел, 48 лет. (г. Уфа)</h6>\n<p>Вчера, 26 декабря 2016 года, я ножом срезал кожу на среднем пальце правой руки. Кровь остановил повязкой. После капнул 1 каплю &laquo;WATER FOR LIFE&raquo; и лёг спать. Утром рана почти затянулась. Я капнул ещё одну каплю и рана полностью затянулась в течение 4 часов.</p>\n</div>\n<div class=\"comment_list\">\n<h6>Андрей, 48 лет (г. Челябинск)</h6>\n<p>Гипертония &ndash; около 30 лет, сахарный диабет &ndash; около 20 лет (сахар 12 ед). После 3-х месяцев употребления гидроплазмы &laquo;WATER FOR LIFE&raquo; повышение давления стало меньше беспокоить, прибавилось энергии, улучшилось настроение, сахар снизился до 7 ед.</p>\n</div>\n<div class=\"comment_list\">\n<h6>Олег, 46 лет (г. Челябинск)</h6>\n<p>На фоне приема биогенной воды &laquo;WATER FOR LIFE&raquo; (10-15 капель на 500 мл питьевой воды) стала замечать по утрам, что отхаркивается зеленая мокрота. До этого беспокоил непродолжительный кашель по утрам. Через 3 недели выделения из бронхо-легочной системы прекратились, и исчез утренний кашель.</p>\n</div>\n<div class=\"comment_list\">\n<h6>Рафаэль, 76 лет (Башкирия)</h6>\n<p>Более 15 лет страдал простатитом. После 2-х месяцев употребления гидроплазмы &laquo;WATER FOR LIFE&raquo; перестали беспокоить частые ночные позывы на мочеиспускание.</p>\n</div>\n</div>\n<div class=\"show_all\">\n<p class=\"show_btn\"><img src=\"img/double-arrow.png\" alt=\"\" /></p>\n</div>\n</div>\n<div class=\"col-md-6 comment_video\">\n<div class=\"video_list\"><iframe class=\"fr-draggable\" src=\"https://www.youtube.com/embed/zE3pzQISAZ4\" width=\"100%\" height=\"350px\" frameborder=\"0\" allowfullscreen=\"\"></iframe></div>\n<div class=\"video_list\"><iframe class=\"fr-draggable\" src=\"https://www.youtube.com/embed/KTINmzfpfrM\" width=\"100%\" height=\"350px\" frameborder=\"0\" allowfullscreen=\"\"></iframe></div>\n<div class=\"comment_hidden-block\">\n<div class=\"video_list\"><iframe class=\"fr-draggable\" src=\"https://www.youtube.com/embed/f5mFUc63mHA\" width=\"100%\" height=\"350px\" frameborder=\"0\" allowfullscreen=\"\"></iframe></div>\n<div class=\"video_list\"><iframe class=\"fr-draggable\" src=\"https://www.youtube.com/embed/iuY-Yb5p1iw\" width=\"100%\" height=\"350px\" frameborder=\"0\" allowfullscreen=\"\"></iframe></div>\n<div class=\"video_list\"><iframe class=\"fr-draggable\" src=\"https://www.youtube.com/embed/9majwEZl4IU\" width=\"100%\" height=\"350px\" frameborder=\"0\" allowfullscreen=\"\"></iframe></div>\n<div class=\"video_list\"><iframe class=\"fr-draggable\" src=\"https://www.youtube.com/embed/9wEYZqYHFfg\" width=\"100%\" height=\"350px\" frameborder=\"0\" allowfullscreen=\"\"></iframe></div>\n<div class=\"video_list\"><iframe class=\"fr-draggable\" src=\"https://www.youtube.com/embed/PTpN9KQv6ws\" width=\"100%\" height=\"350px\" frameborder=\"0\" allowfullscreen=\"\"></iframe></div>\n<div class=\"video_list\"><iframe class=\"fr-draggable\" src=\"https://www.youtube.com/embed/xHV37dKy_XU\" width=\"100%\" height=\"350px\" frameborder=\"0\" allowfullscreen=\"\"></iframe></div>\n<div class=\"video_list\"><iframe class=\"fr-draggable\" src=\"https://www.youtube.com/embed/gCcCIUv8hnU\" width=\"100%\" height=\"350px\" frameborder=\"0\" allowfullscreen=\"\"></iframe></div>\n<div class=\"video_list\"><iframe class=\"fr-draggable\" src=\"https://www.youtube.com/embed/BBqVRo5ZC0s\" width=\"100%\" height=\"350px\" frameborder=\"0\" allowfullscreen=\"\"></iframe></div>\n<div class=\"video_list\"><iframe class=\"fr-draggable\" src=\"https://www.youtube.com/embed/DKHIn0Aeoi4\" width=\"100%\" height=\"350px\" frameborder=\"0\" allowfullscreen=\"\"></iframe></div>\n</div>\n<div class=\"show_all\">\n<p class=\"show_btn\"><img src=\"img/double-arrow.png\" alt=\"\" /></p>\n</div>\n</div>\n</div>', '2019-03-27 07:49:31', '2019-03-27 07:49:31', NULL, 'otzyvy', NULL);

-- --------------------------------------------------------

--
-- Структура таблицы `data_rows`
--

CREATE TABLE `data_rows` (
  `id` int(10) UNSIGNED NOT NULL,
  `data_type_id` int(10) UNSIGNED NOT NULL,
  `field` varchar(191) COLLATE utf8mb4_unicode_ci NOT NULL,
  `type` varchar(191) COLLATE utf8mb4_unicode_ci NOT NULL,
  `display_name` varchar(191) COLLATE utf8mb4_unicode_ci NOT NULL,
  `required` tinyint(1) NOT NULL DEFAULT '0',
  `browse` tinyint(1) NOT NULL DEFAULT '1',
  `read` tinyint(1) NOT NULL DEFAULT '1',
  `edit` tinyint(1) NOT NULL DEFAULT '1',
  `add` tinyint(1) NOT NULL DEFAULT '1',
  `delete` tinyint(1) NOT NULL DEFAULT '1',
  `details` text COLLATE utf8mb4_unicode_ci,
  `order` int(11) NOT NULL DEFAULT '1'
) ENGINE=InnoDB DEFAULT CHARSET=utf8mb4 COLLATE=utf8mb4_unicode_ci;

--
-- Дамп данных таблицы `data_rows`
--

INSERT INTO `data_rows` (`id`, `data_type_id`, `field`, `type`, `display_name`, `required`, `browse`, `read`, `edit`, `add`, `delete`, `details`, `order`) VALUES
(1, 1, 'id', 'number', 'ID', 1, 0, 0, 0, 0, 0, NULL, 1),
(2, 1, 'name', 'text', 'Name', 1, 1, 1, 1, 1, 1, NULL, 2),
(3, 1, 'email', 'text', 'Email', 1, 1, 1, 1, 1, 1, NULL, 3),
(4, 1, 'password', 'password', 'Password', 1, 0, 0, 1, 1, 0, NULL, 4),
(5, 1, 'remember_token', 'text', 'Remember Token', 0, 0, 0, 0, 0, 0, NULL, 5),
(6, 1, 'created_at', 'timestamp', 'Created At', 0, 1, 1, 0, 0, 0, NULL, 6),
(7, 1, 'updated_at', 'timestamp', 'Updated At', 0, 0, 0, 0, 0, 0, NULL, 7),
(8, 1, 'avatar', 'image', 'Avatar', 0, 1, 1, 1, 1, 1, NULL, 8),
(9, 1, 'user_belongsto_role_relationship', 'relationship', 'Role', 0, 1, 1, 1, 1, 0, '{\"model\":\"TCG\\\\Voyager\\\\Models\\\\Role\",\"table\":\"roles\",\"type\":\"belongsTo\",\"column\":\"role_id\",\"key\":\"id\",\"label\":\"display_name\",\"pivot_table\":\"roles\",\"pivot\":0}', 10),
(10, 1, 'user_belongstomany_role_relationship', 'relationship', 'Roles', 0, 1, 1, 1, 1, 0, '{\"model\":\"TCG\\\\Voyager\\\\Models\\\\Role\",\"table\":\"roles\",\"type\":\"belongsToMany\",\"column\":\"id\",\"key\":\"id\",\"label\":\"display_name\",\"pivot_table\":\"user_roles\",\"pivot\":\"1\",\"taggable\":\"0\"}', 11),
(11, 1, 'locale', 'text', 'Locale', 0, 1, 1, 1, 1, 0, NULL, 12),
(12, 1, 'settings', 'hidden', 'Settings', 0, 0, 0, 0, 0, 0, NULL, 12),
(13, 2, 'id', 'number', 'ID', 1, 0, 0, 0, 0, 0, NULL, 1),
(14, 2, 'name', 'text', 'Name', 1, 1, 1, 1, 1, 1, NULL, 2),
(15, 2, 'created_at', 'timestamp', 'Created At', 0, 0, 0, 0, 0, 0, NULL, 3),
(16, 2, 'updated_at', 'timestamp', 'Updated At', 0, 0, 0, 0, 0, 0, NULL, 4),
(17, 3, 'id', 'number', 'ID', 1, 0, 0, 0, 0, 0, NULL, 1),
(18, 3, 'name', 'text', 'Name', 1, 1, 1, 1, 1, 1, NULL, 2),
(19, 3, 'created_at', 'timestamp', 'Created At', 0, 0, 0, 0, 0, 0, NULL, 3),
(20, 3, 'updated_at', 'timestamp', 'Updated At', 0, 0, 0, 0, 0, 0, NULL, 4),
(21, 3, 'display_name', 'text', 'Display Name', 1, 1, 1, 1, 1, 1, NULL, 5),
(22, 1, 'role_id', 'text', 'Role', 1, 1, 1, 1, 1, 1, NULL, 9),
(37, 8, 'id', 'text', 'Id', 1, 0, 0, 0, 0, 0, '{}', 1),
(38, 8, 'slider_id', 'number', 'ID слайдера', 0, 1, 1, 1, 1, 1, '{}', 2),
(39, 8, 'image', 'image', 'Картинка', 0, 1, 1, 1, 1, 1, '{}', 4),
(40, 8, 'title', 'text', 'Заголовок', 0, 1, 1, 1, 1, 1, '{}', 5),
(41, 8, 'description', 'rich_text_box', 'Описание', 0, 0, 1, 1, 1, 1, '{}', 6),
(42, 8, 'link', 'text', 'Ссылка', 0, 1, 1, 1, 1, 1, '{}', 7),
(43, 8, 'created_at', 'timestamp', 'Created At', 0, 0, 0, 0, 0, 0, '{}', 8),
(44, 8, 'updated_at', 'timestamp', 'Updated At', 0, 0, 0, 0, 0, 0, '{}', 9),
(45, 8, 'deleted_at', 'timestamp', 'Deleted At', 0, 0, 0, 0, 0, 0, '{}', 10),
(46, 9, 'id', 'text', 'Id', 1, 0, 0, 0, 0, 0, '{}', 1),
(47, 9, 'name', 'text', 'Название', 0, 1, 1, 1, 1, 1, '{}', 2),
(48, 9, 'img', 'image', 'Картинка', 0, 1, 1, 1, 1, 1, '{}', 4),
(49, 9, 'mini_description', 'text', 'Описание', 0, 1, 1, 1, 1, 1, '{}', 5),
(50, 9, 'description', 'rich_text_box', 'Текст', 0, 0, 1, 1, 1, 1, '{}', 6),
(51, 9, 'price', 'number', 'Цена', 0, 1, 1, 1, 1, 1, '{}', 7),
(52, 9, 'points', 'number', 'Баллы', 0, 1, 1, 1, 1, 1, '{}', 8),
(53, 9, 'created_at', 'timestamp', 'Created At', 0, 0, 0, 0, 0, 0, '{}', 9),
(54, 9, 'updated_at', 'timestamp', 'Updated At', 0, 0, 0, 0, 0, 0, '{}', 10),
(55, 9, 'deleted_at', 'timestamp', 'Deleted At', 0, 0, 0, 0, 0, 0, '{}', 11),
(56, 10, 'id', 'text', 'Id', 1, 0, 0, 0, 0, 0, '{}', 1),
(57, 10, 'title', 'text', 'Заголовок', 0, 1, 1, 1, 1, 1, '{}', 2),
(58, 10, 'date', 'date', 'Дата', 0, 1, 1, 1, 1, 1, '{}', 4),
(59, 10, 'img', 'image', 'Картинка', 0, 1, 1, 1, 1, 1, '{\"resize\":{\"width\":\"1000\",\"height\":null},\"quality\":\"70%\",\"upsize\":true,\"thumbnails\":[{\"name\":\"medium\",\"scale\":\"50%\"},{\"name\":\"small\",\"scale\":\"25%\"},{\"name\":\"cropped\",\"crop\":{\"width\":\"300\",\"height\":\"250\"}}]}', 5),
(60, 10, 'mini_description', 'text', 'Краткое описание', 0, 1, 1, 1, 1, 1, '{}', 6),
(61, 10, 'text', 'rich_text_box', 'Текст', 0, 0, 1, 1, 1, 1, '{}', 7),
(62, 10, 'created_at', 'timestamp', 'Created At', 0, 0, 0, 0, 0, 1, '{}', 8),
(63, 10, 'updated_at', 'timestamp', 'Updated At', 0, 0, 0, 0, 0, 0, '{}', 9),
(64, 10, 'deleted_at', 'timestamp', 'Deleted At', 0, 0, 0, 0, 0, 0, '{}', 10),
(65, 11, 'id', 'text', 'Id', 1, 0, 0, 0, 0, 0, '{}', 1),
(66, 11, 'name', 'text', 'Название', 0, 1, 1, 1, 1, 1, '{}', 2),
(67, 11, 'content', 'rich_text_box', 'Текст', 0, 0, 1, 1, 1, 1, '{}', 5),
(68, 11, 'created_at', 'timestamp', 'Created At', 0, 0, 0, 0, 0, 0, '{}', 6),
(69, 11, 'updated_at', 'timestamp', 'Updated At', 0, 0, 0, 0, 0, 0, '{}', 7),
(70, 11, 'deleted_at', 'timestamp', 'Deleted At', 0, 0, 0, 0, 0, 0, '{}', 8),
(71, 11, 'slug', 'text', 'Slug', 0, 1, 1, 1, 1, 1, '{\"slugify\":{\"origin\":\"name\",\"forceUpdate\":true}}', 3),
(72, 12, 'id', 'text', 'Id', 1, 0, 0, 0, 0, 0, '{}', 1),
(73, 12, 'title', 'text', 'Заголовок', 0, 1, 1, 1, 1, 1, '{}', 2),
(74, 12, 'date', 'date', 'Дата', 0, 1, 1, 1, 1, 1, '{}', 3),
(75, 12, 'img', 'image', 'Картинка', 0, 1, 1, 1, 1, 1, '{\"resize\":{\"width\":\"1000\",\"height\":null},\"quality\":\"70%\",\"upsize\":true,\"thumbnails\":[{\"name\":\"medium\",\"scale\":\"50%\"},{\"name\":\"small\",\"scale\":\"25%\"},{\"name\":\"cropped\",\"crop\":{\"width\":\"300\",\"height\":\"250\"}}]}', 4),
(76, 12, 'mini_description', 'text', 'Краткое описание', 0, 1, 1, 1, 1, 1, '{}', 5),
(77, 12, 'text', 'rich_text_box', 'Текст', 0, 1, 1, 1, 1, 1, '{}', 6),
(78, 12, 'created_at', 'timestamp', 'Created At', 0, 0, 0, 0, 0, 0, '{}', 7),
(79, 12, 'updated_at', 'timestamp', 'Updated At', 0, 0, 0, 0, 0, 0, '{}', 8),
(80, 12, 'deleted_at', 'timestamp', 'Deleted At', 0, 0, 0, 0, 0, 0, '{}', 9),
(81, 9, 'is_present', 'checkbox', 'Подарочный набор', 0, 1, 1, 1, 1, 1, '{}', 3),
(82, 10, 'is_event', 'checkbox', 'Мероприятие', 0, 1, 1, 1, 1, 1, '{}', 3),
(83, 8, 'number', 'number', 'Номер показа', 0, 1, 1, 1, 1, 1, '{}', 3),
(84, 11, 'description', 'text', 'Описание', 0, 0, 1, 1, 1, 1, '{}', 4);

-- --------------------------------------------------------

--
-- Структура таблицы `data_types`
--

CREATE TABLE `data_types` (
  `id` int(10) UNSIGNED NOT NULL,
  `name` varchar(191) COLLATE utf8mb4_unicode_ci NOT NULL,
  `slug` varchar(191) COLLATE utf8mb4_unicode_ci NOT NULL,
  `display_name_singular` varchar(191) COLLATE utf8mb4_unicode_ci NOT NULL,
  `display_name_plural` varchar(191) COLLATE utf8mb4_unicode_ci NOT NULL,
  `icon` varchar(191) COLLATE utf8mb4_unicode_ci DEFAULT NULL,
  `model_name` varchar(191) COLLATE utf8mb4_unicode_ci DEFAULT NULL,
  `policy_name` varchar(191) COLLATE utf8mb4_unicode_ci DEFAULT NULL,
  `controller` varchar(191) COLLATE utf8mb4_unicode_ci DEFAULT NULL,
  `description` varchar(191) COLLATE utf8mb4_unicode_ci DEFAULT NULL,
  `generate_permissions` tinyint(1) NOT NULL DEFAULT '0',
  `server_side` tinyint(4) NOT NULL DEFAULT '0',
  `details` text COLLATE utf8mb4_unicode_ci,
  `created_at` timestamp NULL DEFAULT NULL,
  `updated_at` timestamp NULL DEFAULT NULL
) ENGINE=InnoDB DEFAULT CHARSET=utf8mb4 COLLATE=utf8mb4_unicode_ci;

--
-- Дамп данных таблицы `data_types`
--

INSERT INTO `data_types` (`id`, `name`, `slug`, `display_name_singular`, `display_name_plural`, `icon`, `model_name`, `policy_name`, `controller`, `description`, `generate_permissions`, `server_side`, `details`, `created_at`, `updated_at`) VALUES
(1, 'users', 'users', 'User', 'Users', 'voyager-person', 'TCG\\Voyager\\Models\\User', 'TCG\\Voyager\\Policies\\UserPolicy', '', '', 1, 0, NULL, '2019-02-12 22:59:27', '2019-02-12 22:59:27'),
(2, 'menus', 'menus', 'Menu', 'Menus', 'voyager-list', 'TCG\\Voyager\\Models\\Menu', NULL, '', '', 1, 0, NULL, '2019-02-12 22:59:27', '2019-02-12 22:59:27'),
(3, 'roles', 'roles', 'Role', 'Roles', 'voyager-lock', 'TCG\\Voyager\\Models\\Role', NULL, '', '', 1, 0, NULL, '2019-02-12 22:59:27', '2019-02-12 22:59:27'),
(8, 'sliders', 'sliders', 'Слайдер', 'Слайдер', 'voyager-photo', 'App\\Slider', NULL, NULL, 'Слайдер', 1, 1, '{\"order_column\":null,\"order_display_column\":null,\"order_direction\":\"asc\",\"default_search_key\":null}', '2019-02-13 00:41:21', '2019-03-19 10:23:30'),
(9, 'products', 'products', 'Продукт', 'Продукты', 'voyager-shop', 'App\\Product', NULL, NULL, NULL, 1, 0, '{\"order_column\":null,\"order_display_column\":null,\"order_direction\":\"asc\",\"default_search_key\":null}', '2019-02-15 04:23:56', '2019-02-28 05:51:19'),
(10, 'news', 'news', 'Новость', 'Новости', 'voyager-news', 'App\\News', NULL, NULL, NULL, 1, 0, '{\"order_column\":null,\"order_display_column\":null,\"order_direction\":\"asc\",\"default_search_key\":null}', '2019-02-15 04:47:06', '2019-03-19 02:20:40'),
(11, 'contents', 'contents', 'Контент', 'Контент', 'voyager-pen', 'App\\Content', NULL, NULL, NULL, 1, 0, '{\"order_column\":null,\"order_display_column\":null,\"order_direction\":\"asc\",\"default_search_key\":null}', '2019-02-15 04:57:14', '2019-03-20 09:01:43'),
(12, 'stocks', 'stocks', 'Акция', 'Акции', NULL, 'App\\Stock', NULL, NULL, NULL, 1, 0, '{\"order_column\":null,\"order_display_column\":null,\"order_direction\":\"asc\",\"default_search_key\":null}', '2019-02-28 02:32:04', '2019-02-28 02:36:19');

-- --------------------------------------------------------

--
-- Структура таблицы `menus`
--

CREATE TABLE `menus` (
  `id` int(10) UNSIGNED NOT NULL,
  `name` varchar(191) COLLATE utf8mb4_unicode_ci NOT NULL,
  `created_at` timestamp NULL DEFAULT NULL,
  `updated_at` timestamp NULL DEFAULT NULL
) ENGINE=InnoDB DEFAULT CHARSET=utf8mb4 COLLATE=utf8mb4_unicode_ci;

--
-- Дамп данных таблицы `menus`
--

INSERT INTO `menus` (`id`, `name`, `created_at`, `updated_at`) VALUES
(1, 'admin', '2019-02-12 22:59:27', '2019-02-12 22:59:27'),
(2, 'site', '2019-02-12 23:39:25', '2019-02-12 23:39:25');

-- --------------------------------------------------------

--
-- Структура таблицы `menu_items`
--

CREATE TABLE `menu_items` (
  `id` int(10) UNSIGNED NOT NULL,
  `menu_id` int(10) UNSIGNED DEFAULT NULL,
  `title` varchar(191) COLLATE utf8mb4_unicode_ci NOT NULL,
  `url` varchar(191) COLLATE utf8mb4_unicode_ci NOT NULL,
  `target` varchar(191) COLLATE utf8mb4_unicode_ci NOT NULL DEFAULT '_self',
  `icon_class` varchar(191) COLLATE utf8mb4_unicode_ci DEFAULT NULL,
  `color` varchar(191) COLLATE utf8mb4_unicode_ci DEFAULT NULL,
  `parent_id` int(11) DEFAULT NULL,
  `order` int(11) NOT NULL,
  `created_at` timestamp NULL DEFAULT NULL,
  `updated_at` timestamp NULL DEFAULT NULL,
  `route` varchar(191) COLLATE utf8mb4_unicode_ci DEFAULT NULL,
  `parameters` text COLLATE utf8mb4_unicode_ci
) ENGINE=InnoDB DEFAULT CHARSET=utf8mb4 COLLATE=utf8mb4_unicode_ci;

--
-- Дамп данных таблицы `menu_items`
--

INSERT INTO `menu_items` (`id`, `menu_id`, `title`, `url`, `target`, `icon_class`, `color`, `parent_id`, `order`, `created_at`, `updated_at`, `route`, `parameters`) VALUES
(1, 1, 'Dashboard', '', '_self', 'voyager-boat', NULL, 5, 3, '2019-02-12 22:59:27', '2019-02-15 05:00:17', 'voyager.dashboard', NULL),
(2, 1, 'Медиа', '', '_self', 'voyager-images', '#000000', NULL, 7, '2019-02-12 22:59:27', '2019-02-28 02:35:22', 'voyager.media.index', 'null'),
(3, 1, 'Users', '', '_self', 'voyager-person', NULL, 5, 2, '2019-02-12 22:59:27', '2019-02-15 05:00:17', 'voyager.users.index', NULL),
(4, 1, 'Roles', '', '_self', 'voyager-lock', NULL, 5, 1, '2019-02-12 22:59:27', '2019-02-15 05:00:17', 'voyager.roles.index', NULL),
(5, 1, 'Tools', '', '_self', 'voyager-tools', NULL, NULL, 9, '2019-02-12 22:59:27', '2019-02-28 02:35:18', NULL, NULL),
(6, 1, 'Меню', '', '_self', 'voyager-list', '#000000', NULL, 1, '2019-02-12 22:59:27', '2019-02-18 23:42:46', 'voyager.menus.index', 'null'),
(7, 1, 'Database', '', '_self', 'voyager-data', NULL, 5, 4, '2019-02-12 22:59:27', '2019-02-18 23:42:35', 'voyager.database.index', NULL),
(8, 1, 'Compass', '', '_self', 'voyager-compass', NULL, 5, 5, '2019-02-12 22:59:27', '2019-02-18 23:42:35', 'voyager.compass.index', NULL),
(9, 1, 'BREAD', '', '_self', 'voyager-bread', NULL, 5, 6, '2019-02-12 22:59:27', '2019-02-18 23:42:35', 'voyager.bread.index', NULL),
(10, 1, 'Настройки', '', '_self', 'voyager-settings', '#000000', NULL, 8, '2019-02-12 22:59:27', '2019-02-28 02:35:18', 'voyager.settings.index', 'null'),
(11, 1, 'Hooks', '', '_self', 'voyager-hook', NULL, 5, 7, '2019-02-12 22:59:27', '2019-02-18 23:42:35', 'voyager.hooks', NULL),
(17, 1, 'Слайдер', '', '_self', 'voyager-photo', '#000000', NULL, 5, '2019-02-13 00:41:21', '2019-02-28 02:35:22', 'voyager.sliders.index', 'null'),
(18, 2, 'Новости', '/news', '_self', NULL, '#000000', NULL, 1, '2019-02-13 02:24:14', '2019-02-27 04:33:29', NULL, ''),
(26, 1, 'Продукты', '', '_self', 'voyager-shop', NULL, NULL, 2, '2019-02-15 04:23:56', '2019-02-18 23:42:35', 'voyager.products.index', NULL),
(27, 1, 'Новости', '', '_self', 'voyager-news', NULL, NULL, 4, '2019-02-15 04:47:06', '2019-02-28 02:35:22', 'voyager.news.index', NULL),
(28, 1, 'Контент', '', '_self', 'voyager-pen', NULL, NULL, 6, '2019-02-15 04:57:14', '2019-02-28 02:35:22', 'voyager.contents.index', NULL),
(29, 2, 'Бизнес', '/bussiness', '_self', NULL, '#000000', NULL, 5, '2019-02-18 23:43:33', '2019-03-01 03:03:23', NULL, ''),
(30, 2, 'Акции', '/stocks', '_self', NULL, '#000000', NULL, 2, '2019-02-18 23:43:59', '2019-02-28 02:33:55', NULL, ''),
(32, 2, 'Продукты', '/products', '_self', NULL, '#000000', NULL, 3, '2019-02-18 23:44:17', '2019-02-27 04:33:39', NULL, ''),
(35, 2, 'О компании', '/o-nas', '_self', NULL, '#000000', NULL, 8, '2019-02-19 00:23:50', '2019-03-12 22:35:50', NULL, ''),
(37, 1, 'Акции', '', '_self', 'voyager-news', '#000000', NULL, 3, '2019-02-28 02:32:04', '2019-02-28 02:35:39', 'voyager.stocks.index', 'null'),
(38, 2, 'show rooms', '/showrooms', '_self', NULL, '#000000', NULL, 4, '2019-02-28 22:34:05', '2019-02-28 23:45:25', NULL, ''),
(39, 2, 'Отзывы', '/reviews', '_self', NULL, '#000000', NULL, 6, '2019-02-28 22:34:26', '2019-03-12 23:12:46', NULL, ''),
(40, 2, 'Информация', '/', '_self', NULL, '#000000', NULL, 7, '2019-02-28 22:35:05', '2019-03-12 22:35:50', NULL, ''),
(41, 2, 'Идея', '/idea', '_self', 'idea.svg', '#000000', 29, 1, '2019-03-12 22:27:03', '2019-03-17 23:40:15', NULL, ''),
(42, 2, 'Возможности', '/bussiness', '_self', 'business.svg', '#000000', 29, 2, '2019-03-12 22:35:45', '2019-03-17 23:40:20', NULL, ''),
(43, 2, 'FAQ', '/faq', '_self', 'faq.svg', '#000000', 40, 1, '2019-03-12 23:15:54', '2019-03-17 23:40:25', NULL, ''),
(44, 2, 'Документы', '/info', '_self', 'documents.svg', '#000000', 40, 2, '2019-03-12 23:16:12', '2019-03-17 23:40:31', NULL, ''),
(45, 2, 'Как купить?', '/how-to-buy', '_self', 'basket-icon.svg', '#000000', 40, 3, '2019-03-12 23:16:30', '2019-03-17 23:41:58', NULL, ''),
(46, 2, 'Контакты', '/contacts', '_self', 'phone.svg', '#000000', 35, 1, '2019-03-13 00:29:36', '2019-03-17 23:40:41', NULL, ''),
(47, 2, 'Наука', '/science', '_self', 'science.svg', '#000000', 35, 2, '2019-03-13 00:32:12', '2019-03-17 23:40:48', NULL, ''),
(48, 2, 'Документы', '/documents', '_self', 'documents-2.svg', '#000000', 35, 3, '2019-03-13 02:23:18', '2019-03-17 23:40:53', NULL, ''),
(49, 2, 'Видео', '/video', '_self', 'video.svg', '#000000', 35, 4, '2019-03-13 02:43:01', '2019-03-17 23:40:58', NULL, ''),
(50, 2, 'О нас', '/about', '_self', 'about.svg', '#000000', 35, 5, '2019-03-13 02:56:41', '2019-03-17 23:41:03', NULL, '');

-- --------------------------------------------------------

--
-- Структура таблицы `migrations`
--

CREATE TABLE `migrations` (
  `id` int(10) UNSIGNED NOT NULL,
  `migration` varchar(191) COLLATE utf8mb4_unicode_ci NOT NULL,
  `batch` int(11) NOT NULL
) ENGINE=InnoDB DEFAULT CHARSET=utf8mb4 COLLATE=utf8mb4_unicode_ci;

--
-- Дамп данных таблицы `migrations`
--

INSERT INTO `migrations` (`id`, `migration`, `batch`) VALUES
(1, '2014_10_12_000000_create_users_table', 1),
(2, '2014_10_12_100000_create_password_resets_table', 1),
(3, '2016_01_01_000000_add_voyager_user_fields', 1),
(4, '2016_01_01_000000_create_data_types_table', 1),
(5, '2016_05_19_173453_create_menu_table', 1),
(6, '2016_10_21_190000_create_roles_table', 1),
(7, '2016_10_21_190000_create_settings_table', 1),
(8, '2016_11_30_135954_create_permission_table', 1),
(9, '2016_11_30_141208_create_permission_role_table', 1),
(10, '2016_12_26_201236_data_types__add__server_side', 1),
(11, '2017_01_13_000000_add_route_to_menu_items_table', 1),
(12, '2017_01_14_005015_create_translations_table', 1),
(13, '2017_01_15_000000_make_table_name_nullable_in_permissions_table', 1),
(14, '2017_03_06_000000_add_controller_to_data_types_table', 1),
(15, '2017_04_21_000000_add_order_to_data_rows_table', 1),
(16, '2017_07_05_210000_add_policyname_to_data_types_table', 1),
(17, '2017_08_05_000000_add_group_to_settings_table', 1),
(18, '2017_11_26_013050_add_user_role_relationship', 1),
(19, '2017_11_26_015000_create_user_roles_table', 1),
(20, '2018_03_11_000000_add_user_settings', 1),
(21, '2018_03_14_000000_add_details_to_data_types_table', 1),
(22, '2018_03_16_000000_make_settings_value_nullable', 1);

-- --------------------------------------------------------

--
-- Структура таблицы `news`
--

CREATE TABLE `news` (
  `id` int(10) UNSIGNED NOT NULL,
  `title` varchar(255) COLLATE utf8mb4_unicode_ci DEFAULT NULL,
  `date` date DEFAULT NULL,
  `img` varchar(100) COLLATE utf8mb4_unicode_ci DEFAULT NULL,
  `mini_description` text COLLATE utf8mb4_unicode_ci,
  `text` text COLLATE utf8mb4_unicode_ci,
  `created_at` timestamp NULL DEFAULT NULL,
  `updated_at` timestamp NULL DEFAULT NULL,
  `deleted_at` timestamp NULL DEFAULT NULL,
  `is_event` int(11) DEFAULT '0'
) ENGINE=InnoDB DEFAULT CHARSET=utf8mb4 COLLATE=utf8mb4_unicode_ci;

--
-- Дамп данных таблицы `news`
--

INSERT INTO `news` (`id`, `title`, `date`, `img`, `mini_description`, `text`, `created_at`, `updated_at`, `deleted_at`, `is_event`) VALUES
(1, 'Открытие шоурума в г.Иркутск', '2019-02-21', 'posts/zxryQIXtoO3itV9VYdhBdR9a0im2MWsJ8ukasUn1.jpeg', 'Сообщаем Вам об официальном открытии шоу-рума в г. Иркутск!  На официальной открытии присутствовали топ-лидеры из Москвы. Главными спикерами были владельцы шоу-рума в г.Москва - Александр и Регина Горбуновы. Встреча прошла в дружной и радостной атмосфере. Партнеры провели презентацию и дегустацию наших уникальных продуктов, а так же провели обучение, ответили на важные вопросы.', '<p style=\"text-align: center;\">Уважаемые партнеры!</p>\n<p>Сообщаем Вам об официальном открытии шоу-рума в г. Иркутск! &nbsp;На официальной открытии присутствовали топ-лидеры из Москвы. Главными спикерами были владельцы шоу-рума в г.Москва - Александр и Регина Горбуновы. Встреча прошла в дружной и радостной атмосфере. Партнеры провели презентацию и дегустацию наших уникальных продуктов, а так же провели обучение, ответили на важные вопросы.</p>\n<p>Ждем Вас по адресу: <span data-address=\"г.Иркутск, ул.Горная 4\" data-address-query=\"город иркутск улица горная 4\" data-ids=\"168040561096269823\">ул.Горная 4</span>, Бизнес-центр на Горной, офис 407</p>\n<p>Приглашайте всех партнеров, а также тех, кому ценное своей время, жизнь и энергия!&nbsp;</p>\n<p>Контактное лицо: Ирина Лютина (владелец шоу-рума в г.Иркутск) +7 924 707 83 05, +7 902 171 01 10</p>\n<p>&nbsp;</p>\n<p>&nbsp;</p>\n<p>&nbsp;С уважением, администрация \"IMAGINE PEOPLE\"</p>\n<p>&nbsp;</p>', '2019-02-28 00:02:34', '2019-03-19 09:34:21', NULL, 1),
(2, 'Региональный форум в Москве', '2019-02-21', 'posts/239CIv303sPGGwd9vGr0JxWRAVIJODHihn16qi8r.jpeg', 'Мы рады сообщить вам о предстоящем Региональном форуме \"Абсолютная энергия\", который пройдет 16-го марта 2019 года, так же в г. Москва.', '<p style=\"text-align: center;\"><strong><span style=\"font-size: 18px;\">Уважаемые партнеры!</span></strong></p>\r\n<p><span style=\"font-size: 18px;\">После декабрьского грандиозного бизнес-форума \"Absolute Energy\", команда партнеров стартует в эстафете форумов по городам России. Мы рады сообщить вам о предстоящем Региональном форуме \"Абсолютная энергия\", который пройдет 16-го марта 2019 года, так же в г. Москва. Вас ждет уникальная информация от сооснователя компании \"IMAGINE PEOPLE\" Вячеслава Терентьева о стратегии компании. Вячеслав проведет закрытый тренинг для партнеров в текущем ранге \"Региональный директор\" за февраль, а так же для тех кто закроет ранг до 14 марта. С зажигательной речью выступит топ-лидер компании - Татьяна Воинцева, участники консультативного совета и другие топ-лидеры проведут обучение, вас ждут новые встречи и знакомства с лидерами наших команд.</span></p>\r\n<p><span style=\"font-size: 18px;\"><strong>Почему нужно быть на форуме?</strong></span></p>\r\n<p><span style=\"font-size: 18px;\">1. Получите ценные технологии для развития вашего бизнеса</span></p>\r\n<p><span style=\"font-size: 18px;\">2. Узнаете как заработать свои первые 100 тысяч и обучите этому своих партнеров</span></p>\r\n<p><span style=\"font-size: 18px;\">3. Вам расскажут о современных инструментах и каналах продаж</span></p>\r\n<p><span style=\"font-size: 18px;\">4. Получите инструкцию как открыть свой шоу-рум и наладить его успешную, эффективную работу с хорошими доходами</span></p>\r\n<p><span style=\"font-size: 18px;\">5. Познакомитесь с лидерами. Партнеры, входящих в 10-ку топ-лидеров компании, расскажут о своем опыте.</span></p>\r\n<p><span style=\"font-size: 18px;\">6. Услышите истории успеха</span></p>\r\n<p><span style=\"font-size: 18px;\">7. Так же вас ждет презентация продукта и фотосессия</span></p>\r\n<p><span style=\"font-size: 18px;\"><strong>План мероприятия:</strong></span></p>\r\n<p><span style=\"font-size: 18px;\">9:00-10:00 - регистрация участников закрытого тренинга</span></p>\r\n<p><span style=\"font-size: 18px;\">10:00-11:30 - закрытый тренинг от сооснователя компании Вячеслава Терентьева ( только для партнеров, в текущем ранге \"Региональный директор\" в феврале и закрывших ранг до 14 марта.&nbsp;</span></p>\r\n<p><span style=\"font-size: 18px;\">11:30-12:00 перерыв</span></p>\r\n<p><span style=\"font-size: 18px;\">12:00-19:00 проведение форума для всех партнеров</span></p>\r\n<p><span style=\"font-size: 18px;\"><strong>Приезжайте сами и привозите на форум большую и успешную команду единомышленников! Ждем вас и ваших партнеров на встрече, ведущей к успеху и победам!</strong></span></p>\r\n<p><span style=\"font-size: 18px;\"><strong>Адрес:</strong> г.Москва, отель \"Holiday Inn\", ул. Лесная 15, м. Белорусская</span></p>\r\n<p><span style=\"font-size: 18px;\"><strong>Стоимость билета&nbsp;</strong>1 700 руб.&nbsp;</span></p>\r\n<p><span style=\"font-size: 18px;\"><strong>Оплату за билеты можно произвести следующими способами:</strong></span></p>\r\n<p><span style=\"font-size: 18px;\">1. в шоу-руме №71 в г. Москва по адресу: ул.Чаянова 14, владелец - Уражевская Елена&nbsp;</span></p>\r\n<p><span style=\"font-size: 18px;\">2. в шоу-руме №56 в г. Москва по адресу: Тверская застава 3, владельцы - Александр и Регина Горбуновы</span></p>\r\n<p><span style=\"font-size: 18px;\">3. можно перечислить на карту Нуждиной Ирине Геннадьевне- 4279 3800 2313 6858 ( в комментариях ничего не писать).</span></p>\r\n<p><span style=\"font-size: 18px;\">Создаем чат и там публикуем списки: время перечисления,ФИО и город.&nbsp;</span></p>\r\n<p><span style=\"font-size: 18px;\"><strong>Билеты уже в продаже!</strong></span></p>\r\n<p><img class=\"fr-fic fr-dib\" style=\"width: 100%;\" src=\"https://localhost/ip/public/storage/images/0YrtT9F2FxUgzuffxBqn5UdYMUh4wq8yZ0lNLTvz.jpeg\" /></p>\r\n<p><span style=\"font-size: 18px;\">С уважением, администрация \"IMAGINE PEOPLE\"<br /></span></p>\r\n<p>&nbsp;</p>', '2019-02-28 00:02:34', '2019-03-19 10:13:20', NULL, 0),
(3, 'новый адрес шоу-рума в г.Уфа', '2019-02-15', 'posts/XqJZmGt9CARSaOkKpFSH21LIfqYiktGoMs3JFFa5.jpeg', 'Шоу-рум в г.Уфа отметил новоселье! Теперь офис находится по адресу: Верхнеторговая площадь 6, Бизнес-центр \"Нестеров\".', '<p>Уважаемые партнеры!</p>\r\n<p>Шоу-рум в г.Уфа отметил новоселье! Теперь офис находится по адресу: Верхнеторговая площадь 6, Бизнес-центр \"Нестеров\".&nbsp;</p>\r\n<p><em>\"Выбирая место, нам хотелось, чтобы оно соответствовало нашей компании, нашей продукции и нашим партнерам. Поэтому мы выбрали офис в самом лучшем Бизнес-центре класса А. На новоселье присутствовали партнеры компании. Встреча прошла в празднично-деловой атмосфере. По другому и быть не могло, потому что в компанию приходят особенные, приветливые люди, готовые делиться своей добротой и любовью. Выступили лидеры компании; Венера Валеева, Валентина Жилко, Алена Кирзнер, Валентина Сербина, Ольга Миняева, Наталья Ганеева. К сожалению, не всем удалось придти на это событие.&nbsp;</em></p>\r\n<p><em>Гости с удовольствием смотрели и слушали выступление артистов Башкирского ансамбля \"Мирас\". Встреча закончилась обменом опытом, новыми знакомствами, планами и чаепитием.\"</em></p>\r\n<p style=\"text-align: right;\"><em>Владельцы шоу-рума в г.Уфа - Василь и Разифа Мугтасимовы</em></p>\r\n<p>&nbsp;</p>\r\n<p><img class=\"fr-fic fr-dib\" style=\"width: 100%;\" src=\"https://localhost/ip/public/storage/images/7JwFKIrfYMzYglf6VezrYyhSwIGyQ5CjWUT89wmI.jpeg\" /></p>\r\n<p>&nbsp;</p>\r\n<p><img class=\"fr-fic fr-dib\" style=\"width: 100%;\" src=\"https://localhost/ip/public/storage/images/aSqXRwW6PeygT3jyLLCuipDpicrfHZK6XjwYbpn6.jpeg\" /></p>\r\n<p><img class=\"fr-fic fr-dib\" style=\"width: 100%;\" src=\"https://localhost/ip/public/storage/images/YntCPZGTv6o7KCR0JTiwtGhwssgSLgSS7wJ4xEem.jpeg\" /></p>\r\n<p><img class=\"fr-fic fr-dib\" style=\"width: 100%;\" src=\"https://localhost/ip/public/storage/images/pXSznSpExRi3SRINua6Bpq7y1NROjP3OEKXB4Q3G.jpeg\" /></p>\r\n<p><img class=\"fr-fic fr-dib\" style=\"width: 100%;\" src=\"https://localhost/ip/public/storage/images/CUZSG6TtnV0jeXz1DpnlIJGQEZZcRPocZVsaGLBk.jpeg\" /></p>\r\n<p><img class=\"fr-fic fr-dib\" style=\"width: 100%;\" src=\"https://localhost/ip/public/storage/images/23tZFSHlzIxOA9WE1viV69fTgFDve5R0SZK4TPoT.jpeg\" /></p>\r\n<p><img class=\"fr-fic fr-dib\" style=\"width: 100%;\" src=\"https://localhost/ip/public/storage/images/HBMCHiwJ2GlSEkEWSs54bhhY4qW2BGZrKCEqi4fF.jpeg\" /></p>', '2019-02-28 00:02:34', '2019-03-19 09:42:07', NULL, 0),
(4, 'Важная информация для партнеров компании', '2019-02-15', 'news/March2019/Mas008Hd0be11r3zhY89.jpg', 'С 1-го марта компания переходит на централизованный ВВОД и ВЫВОД финансовых средств. Это означает, что с 1-го марта 2019 г. переводы у.е. между кабинетами будет прекращено. Получить свои бонусы (возвратную скидку) партнер сможет лишь 3-мя способами', '<p style=\"text-align: center;\"><span style=\"font-size: 18px;\">Уважаемые партнеры!</span></p>\r\n<p><span style=\"font-size: 18px;\"><strong>Хотим сообщить вам важную информацию касательно ввода и вывода доходов партнеров компании IMAGINE PEOPLE.</strong></span></p>\r\n<p><span style=\"font-size: 18px;\"><strong>С 1-го марта компания переходит на централизованный ВВОД и ВЫВОД финансовых средств. Это означает, что с 1-го марта 2019 г. переводы у.е. между кабинетами будет прекращено. Получить свои бонусы (возвратную скидку) партнер сможет лишь 3-мя способами:</strong></span></p>\r\n<p><span style=\"font-size: 18px;\">1. Если вы партнер компании и у вас есть ИП, то вывод начисленных бонусов за предыдущий месяц будет производиться на расчетный счет ИП.</span></p>\r\n<p><span style=\"font-size: 18px;\">2. Если вы партнер компании, но у вас нет ИП, то вывод начисленных бонусов за предыдущий месяц модно будет произвести по согласованию с другим партнером, имеющим ИП, так же на расчетный счет ИП.</span></p>\r\n<p><span style=\"font-size: 18px;\">3. Если вы новичок или имеете небольшие доходы, то получить свои бонусы (возвратную скидку) сможете в шоу-руме , к которому будете прикреплены, но не более &nbsp;200 у.е. в месяц.</span></p>\r\n<p><span style=\"font-size: 18px;\">Так в апреле, вы сможете получить частично или полностью свои бонусы (возвратную скидку) за март месяц.</span></p>\r\n<p><span style=\"font-size: 18px;\">ВНИМАНИЕ! Просим Вас внимательно ознакомиться с более подробной информацией в \"Положении о вводе и выводе средств компании\" во вложении, т.к. эти правила будут действовать уже с 01 марта 2019 года.</span></p>\r\n<p><span style=\"font-size: 18px;\">Все накопленные бонусы и дивиденды и (у.е.) до 1-го марта 2019 г остаются активны для приобретения продукции компании. Возможность вывода данных накопленных средств будет чуть позже.</span></p>\r\n<p>&nbsp;С уважением, администрация \"<span style=\"font-size: 18px;\">IMAGINE PEOPLE</span>\"</p>\r\n<p><a class=\"fr-file\" href=\"https://ip-one.net/storage/files/hlJLvyoKZmZSPVTxQmw7tbPUa1Y1dXzRPGM0zjxa.docx\" target=\"_blank\" rel=\"noopener\">Положение о Выводе и Вводе денежных средств.docx</a></p>', '2019-02-28 00:02:34', '2019-03-19 13:37:39', NULL, 0),
(5, 'Защитные лейблы', '2019-02-12', 'posts/4J8NrRWZwUmPMGPRgepe9b7l8QZMGut43qjzIHNe.jpeg', 'Уведомляем вас, что новая партия упаковок с продуктом \"ALFA Дигидрокверцетин\" будет с другими защитными этикетками', '<p style=\"text-align: center;\">Уважаемые партнеры!</p>\r\n<p>Уведомляем вас, что новая партия упаковок с продуктом \"ALFA Дигидрокверцетин\" будет с другими защитными этикетками. Так как использовавшимися раннее этикетки не сохраняют свои защитные функции при транспортировке продукта, в связи с этим они будут заменены на &nbsp;этикетки старого образца - круглый голографический лейбл с логотипом \"IMAGINE PEOPLE\" и надписью \"Made in Kazakhstan\" диаметром 20мм.</p>\r\n<p>С Уважением, администрация \"IMAGINE PEOPLE\"</p>', '2019-02-28 00:02:34', '2019-03-19 09:44:26', NULL, 0),
(6, 'Ждем Вас на Бизнес-форуме в г.Уфа!', '2019-02-04', 'posts/bmMExMmiHexj009b4Wc7wY5CPcdCOa8wDw2Wt4Po.jpeg', 'С огромным удовольствием сообщаем Вам, что 16-17 февраля в г.Уфа состоится Бизнес-форум Урала \"Абсолютная энергия\"!', '<p style=\"text-align: center;\">Дорогие друзья!</p>\r\n<p>С огромным удовольствием сообщаем Вам, что 16-17 февраля в г.Уфа состоится Бизнес-форум Урала \"Абсолютная энергия\"! В бизнес-форуме примут участие партнеры из разных городов: Оренбурга, Ижевска, Челябинска, Альметьевска, Тюмени, Стерлитамака, Ишимбая, Дюртюли, Салавата, Кумертау, Туймазы, Октябрьска, Нового Уренгоя, Тарко-сале, Снежинска, Казани, Лениногорска, Бугульмы, а так же с районных центров Башкирии. Участников форума ждут два незабываемых дня вдохновения и энергии, приветствие от основателя компании Вячеслава Терентьева, выступление топ-лидера Татьяны Воинцевой. Так же множество полезной информации от других топ-лидеров компании о возможностях и перспективах развития, от специалистов о наших фантастических продуктах. Лидеры поделятся опытом построения международного бизнеса.</p>\r\n<p>Форум Урала - событие меняющее жизнь!</p>\r\n<p><br />Ждем вас по адресу: г.Уфа, Верхнеторговая площадь, гостиница \"Holiday\", конференц зал.</p>\r\n<p>&nbsp;</p>\r\n<p>&nbsp;</p>', '2019-02-28 00:02:34', '2019-03-19 09:43:46', NULL, 1),
(7, 'Конференция в г.Геленджик', '2019-02-01', 'posts/y91kbO4eRYThjPyxCfOzgtPejTY9Ae4CpxL7WUea.jpeg', NULL, '<p style=\"text-align: center;\"><span style=\" font-size: 18px; color: rgb(40, 50, 78);\">Уважаемые партнеры! ВНИМАНИЕ!&nbsp;</span></p><p><span style=\"color: rgb(40, 50, 78);\"><span style=\"font-size: 18px;\"><span style=\"\">Геленджик зажигает звезды! 02 февраля 2019г Лидер компании &quot;IMAGINE PEOPLE&quot;, владелец шоу-рума в г.Краснодар Елена Севрикова &nbsp;и владельцы шоу-рума в г.Геленджик, &nbsp;семейная пара Николай и Ирина Чернышевы, приглашают всех партнеров и гостей компании на Первую городскую конференцию в г.Геленджике &quot;Живая вода &nbsp;21 века&quot;.&nbsp;</span></span></span></p><p><span style=\"color: rgb(40, 50, 78);\"><span style=\"font-size: 18px;\"><span style=\"\">Ждем Вас по адресу: г.Геленджик, ул. Горького №24-26, уг. ул. Толстого №22, Отель &laquo;CITY PLAZA&raquo;, конференц зал. Начало в 13:00&nbsp;</span></span></span></p><p><span style=\"color: rgb(40, 50, 78);\"><span style=\"font-size: 18px;\"><span style=\"\">Продолжительность встречи 4 часа. Вход свободный.&nbsp;</span></span></span></p><p><span style=\"color: rgb(40, 50, 78);\"><span style=\"font-size: 18px;\"><span style=\"\">&nbsp;Предварительная запись по тел. &nbsp;+7 989 8261045 Николай, Ирина или +7 918 6925131 Елена</span></span></span></p><p><img src=\"https://localhost/ip/public/storage/images/rsldZyV15xAWxwPEm33EKGNqMMZ0PB0pb0Jh3H9l.jpeg\" style=\"width: 100%;\" class=\"fr-fic fr-dib\"></p><p><img src=\"https://localhost/ip/public/storage/images/OhqpEUyWUv2M09QYnzkkD8RbGbb7BKjaQ6CDtY88.jpeg\" style=\"width: 100%;\" class=\"fr-fic fr-dib\"></p>', '2019-02-28 00:02:34', '2019-02-28 00:02:34', NULL, 0),
(8, 'акции февраля', '2019-02-01', 'posts/SGRvMRpnha65xrJOnJSsbJ5Fj6d0JB6IbGD7sDwk.jpeg', NULL, '<ol><li style=\"text-align: center;\"><span style=\" font-size: 18px;\"><br><span style=\"color: rgb(40, 50, 78);\">Уважаемые партнеры!&nbsp;</span></span><ol style=\"text-align: left;\"><li style=\"text-align: center;\"><span style=\"font-size: 18px;\"><span style=\"\"><span style=\"color: rgb(40, 50, 78);\">На февраль у нас запланировано для вас много акций!<span style=\"font-size: 18px;\"><span style=\"\"><strong><br></strong></span></span></span></span></span></li><li style=\"text-align: justify;\"><br></li></ol></li></ol><ul><li style=\"text-align: justify;\"><span style=\"font-size: 18px;\"><span style=\"\"><strong>1. Скидка на Монокейсы Absolute Energy box и G-bio box.&nbsp;</strong></span></span></li><li style=\"text-align: justify;\"><span style=\"font-size: 18px;\"><span style=\"\"><strong>Только с 15 по 28 февраля</strong> стоимость <strong>Монокейса Absolute Energy box всего 320 у.е, кол-во баллов 120,&nbsp;</strong></span></span></li><li style=\"text-align: justify;\"><span style=\"font-size: 18px;\"><span style=\"\">&nbsp; &nbsp; &nbsp; &nbsp; &nbsp; &nbsp; &nbsp; &nbsp; &nbsp; &nbsp; &nbsp; &nbsp; &nbsp; &nbsp; &nbsp; &nbsp; &nbsp; &nbsp; &nbsp; &nbsp; &nbsp; &nbsp; &nbsp;&nbsp; &nbsp; с</span></span><span style=\"font-size: 18px;\"><span style=\"\">тоимость <strong>Монокейса G-bio box всего 200 у.е., кол-во баллов 75. &nbsp;</strong></span></span></li><li style=\"text-align: justify;\"><span style=\"font-size: 18px;\"><span style=\"\">Спешите приобрести! Акция действительна для всех партнеров!</span></span></li><li style=\"text-align: justify;\"><br></li></ul><p><span style=\"font-size: 18px;\"><span style=\"\"><span style=\"color: rgb(40, 50, 78);\"><strong>2. Акция &quot;Подарок при регистрации&quot;.&nbsp;</strong>Период действия акции с 01 по 28 февраля.&nbsp;</span></span></span></p><p><span style=\"font-size: 18px;\"><span style=\"\"><span style=\"color: rgb(40, 50, 78);\">При регистрации компания дарит новым партнерам подарки!&nbsp;</span></span></span></p><ol><li><span style=\"font-size: 18px;\"><span style=\"\"><span style=\"color: rgb(40, 50, 78);\">на пакет &quot;Старт&quot; партнер получает в подарок 1 Alfa ДГК</span></span></span></li><li><span style=\"font-size: 18px;\"><span style=\"\"><span style=\"color: rgb(40, 50, 78);\">на пакет &quot;Профессионал&quot; партнер получает в подарок 3 Water for life и 1 Alfa ДГК</span></span></span></li><li><span style=\"font-size: 18px;\"><span style=\"\"><span style=\"color: rgb(40, 50, 78);\">на пакет &quot;Мега&quot; партнер получает в подарок 6 Water for life и 2 Alfa ДГК</span></span></span></li></ol><p><span style=\"font-size: 18px;\"><span style=\"\"><br></span></span></p><p><span style=\"font-size: 18px;\"><span style=\"\"><span style=\"color: rgb(40, 50, 78);\"><strong>3. &nbsp;Акция &quot;Подарочные наборы в новом составе&quot;.&nbsp;</strong></span><strong><span style=\"color: rgb(40, 50, 78);\">Период действия акции с 01 по 28 февраля</span></strong><span style=\"color: rgb(40, 50, 78);\"><span style=\"color: rgb(40, 50, 78);\"><br></span></span></span></span></p><ol><li><span style=\"font-size: 18px;\"><span style=\"\"><span style=\"color: rgb(40, 50, 78);\"><strong>Набор №1</strong></span></span></span></li><li><span style=\"font-size: 18px;\"><span style=\"\"><span style=\"color: rgb(40, 50, 78);\">Clear Space (4-х гран) - 1 шт<br>Water for life - 1 шт<br>Absolute Energy - 1 шт<br></span></span></span></li><li><br></li><li><span style=\"font-size: 18px;\"><span style=\"\"><span style=\"color: rgb(40, 50, 78);\">Цена без скидки - 200 уе<br>Цена со скидкой - &nbsp;140 уе</span></span></span></li><li><span style=\"font-size: 18px;\"><span style=\"\"><span style=\"color: rgb(40, 50, 78);\">50 баллов</span></span></span></li><li><span style=\"font-size: 18px;\"><span style=\"\"><span style=\"color: rgb(40, 50, 78);\"><strong>Экономия 60 уе<br></strong><br><strong>Набор №2</strong></span></span></span></li><li><span style=\"font-size: 18px;\"><span style=\"\"><span style=\"color: rgb(40, 50, 78);\">&nbsp;Clear Space (4-х гран) - 1 шт<br>Water for life - 1 шт<br>Absolute Energy - 1 шт</span></span></span></li><li><span style=\"font-size: 18px;\"><span style=\"\"><span style=\"color: rgb(40, 50, 78);\">БТК G-Bio - 1 шт</span></span></span></li><li><span style=\"font-size: 18px;\"><span style=\"\"><span style=\"color: rgb(40, 50, 78);\"><br>Цена без скидки - 250 уе<br>Цена со скидкой - &nbsp;175 уе</span></span></span></li><li><span style=\"font-size: 18px;\"><span style=\"\"><span style=\"color: rgb(40, 50, 78);\">60 баллов</span></span></span></li><li><span style=\"font-size: 18px;\"><span style=\"\"><span style=\"color: rgb(40, 50, 78);\"><strong>Экономия 75 уе</strong><br><br><strong>Набор №3</strong></span></span></span></li><li><span style=\"font-size: 18px;\"><span style=\"\"><span style=\"color: rgb(40, 50, 78);\">Clear Space (4-х гран) - 1 шт<br>Water for life - 1 шт<br>Absolute Energy - 1 шт</span></span></span></li><li><span style=\"font-size: 18px;\"><span style=\"\"><span style=\"color: rgb(40, 50, 78);\">БТК G-Bio - 1 шт</span></span></span></li><li><span style=\"font-size: 18px;\"><span style=\"\"><span style=\"color: rgb(40, 50, 78);\">ALFA ДГК - 1 шт</span></span></span></li><li><span style=\"font-size: 18px;\"><span style=\"\"><span style=\"color: rgb(40, 50, 78);\"><br>Цена без скидки - 330 уе<br>Цена со скидкой - &nbsp;230 уе<br>80 баллов</span></span></span></li><li><span style=\"font-size: 18px;\"><span style=\"\"><span style=\"color: rgb(40, 50, 78);\"><strong>Экономия 100 уе</strong><br><br></span></span></span></li><li><span style=\"font-size: 18px;\"><span style=\"\"><strong><span style=\"color: rgb(40, 50, 78);\">Набор №4</span></strong></span></span></li><li><span style=\"font-size: 18px;\"><span style=\"\"><span style=\"color: rgb(40, 50, 78);\">Clear Space (4-х гран) - 1 шт<br>Water for life - 1 шт<br>Absolute Energy - 1 шт</span></span></span></li><li><span style=\"font-size: 18px;\"><span style=\"\"><span style=\"color: rgb(40, 50, 78);\">БТК G-Bio - 1 шт</span></span></span></li><li><span style=\"font-size: 18px;\"><span style=\"\"><span style=\"color: rgb(40, 50, 78);\">ALFA ДГК - 1 шт</span></span></span></li><li><span style=\"font-size: 18px;\"><span style=\"\"><span style=\"color: rgb(40, 50, 78);\">Тоник для глаз W nature - 1 шт</span></span></span></li><li><span style=\"font-size: 18px;\"><span style=\"\"><span style=\"color: rgb(40, 50, 78);\"><br>Цена без скидки - 340 уе<br>Цена со скидкой - &nbsp;238 уе<br>85 баллов</span></span></span></li><li><span style=\"font-size: 18px;\"><span style=\"\"><span style=\"color: rgb(40, 50, 78);\"><strong>Экономия 102 уе</strong></span></span></span></li></ol><p><span style=\"font-size: 18px;\"><span style=\"\"><span style=\"color: rgb(40, 50, 78);\"><br><strong>4. АКЦИЯ &quot;Комплекс функционального питания в п</strong><strong>одарок!&quot;&nbsp;</strong><strong>Период действия акции с 01 февраля по 30 апреля.</strong></span></span></span></p><ul><li><span style=\"font-size: 18px;\"><span style=\"\"><span style=\"color: rgb(40, 50, 78);\">Выполните следующие условия и получите новинку от компании &quot;Комплекс функционального питания&quot; в подарок:</span></span></span></li><li><span style=\"font-size: 18px;\"><span style=\"\"><span style=\"color: rgb(40, 50, 78);\">&nbsp; &nbsp; &nbsp; &nbsp; &nbsp; &nbsp; &nbsp;заказы на 100 баллов и более с 01 по 28 февраля&nbsp;</span></span></span></li><li><span style=\"font-size: 18px;\"><span style=\"\"><span style=\"color: rgb(40, 50, 78);\">&nbsp; &nbsp; &nbsp; &nbsp; &nbsp; &nbsp; &nbsp;заказы на 100 баллов и более с 01 по 31 марта</span></span></span></li><li><span style=\"font-size: 18px;\"><span style=\"\">&nbsp; &nbsp; &nbsp; &nbsp; &nbsp; &nbsp; &nbsp;<span style=\"color: rgb(40, 50, 78);\">заказы на 100 баллов и более с 01 по 30 апреля&nbsp;</span></span></span></li><li><span style=\"font-size: 18px;\"><span style=\"\"><span style=\"color: rgb(40, 50, 78);\">Заказы могут быть накопительными в течение месяца, но обязательно в каждом месяце действия акции личный объем должен быть не менее 100 баллов.</span></span></span></li><li><span style=\"font-size: 18px;\"><span style=\"\"><span style=\"color: rgb(40, 50, 78);\">Акция действует на каждые 100 баллов, выполненные в течение месяца. Например, если партнер выполняет по 200 баллов личного объема в каждом месяце действия акция, то он получает в подарок 2 комплекса функционального питания в подарок. Подарки выдаются после окончания акции.&nbsp;</span></span></span></li><li><span style=\"font-size: 18px;\"><span style=\"\"><span style=\"color: rgb(40, 50, 78);\">В акции могут участвовать все активные партнеры, также партнеры сделавшие апгрейд.</span></span></span></li><li><span style=\"font-size: 18px;\"><span style=\"\"><span style=\"color: rgb(40, 50, 78);\"><br></span></span></span></li><li><span style=\"font-size: 18px;\"><span style=\"\"><span style=\"color: rgb(40, 50, 78);\"><strong>Бонус!</strong> При выполнении личного объема на каждые 100 баллов в любом месяце действия акции партнер дополнительно получает 1 тоник для глаз &quot;W nature&quot; в подарок! Например, если партнер <span style=\"color: rgb(40, 50, 78);\">выполняет по 200 баллов личного объема в любом месяце действия акция, то он получает 2 <span style=\"color: rgb(40, 50, 78);\">тоника для глаз &quot;W nature&quot;&nbsp;</span>в подарок.&nbsp;</span></span></span></span></li><li><span style=\"font-size: 18px;\"><span style=\"\"><span style=\"color: rgb(40, 50, 78);\"><br></span></span></span></li><li><span style=\"color: rgb(40, 50, 78);  font-size: 18px;\">С уважением, Администрация &quot;IMAGINE PEOPLE&quot;</span></li></ul>', '2019-02-28 00:02:34', '2019-02-28 00:02:34', NULL, 0),
(9, 'АКЦИИ', '2019-01-15', 'posts/DXZssUsYWD69zMJxsIUX1QIeJJ5qVcwKaw83dDlW.jpeg', NULL, '<p><span style=\"color: rgb(71, 85, 119);  font-size: 18px;\">Уважаемые партнеры!<br>Рады сообщить вам о новых промоушенах на 2019 год.<br><br></span><span style=\"color: rgb(71, 85, 119);  font-size: 24px;\"><strong>1. Акция &laquo;Бизнес-путешествие с основателями компании на о.Кипр&raquo;</strong></span><span style=\"color: rgb(71, 85, 119);  font-size: 18px;\"><br><br>Кипр - островное государство, в теплом <span data-address=\"Средиземном море\" data-address-query=\"Средиземном море\" data-ids=\"168040561096268954\">Средиземном море</span>, с очень чистыми пляжами и хорошим сервисом и удивительной природой.<br>Программа отдыха:<br>1 день: тренинги от основателя компании Вячеслава Терентьева.<br>Тренинг это разновидность обучения, цель которого развитие умений, &nbsp;навыков и деловых качеств команды. В настоящее время именно такая форма обучения наиболее эффективна во всём мире.<br><br>2 и 3дни: Экскурсионные<br>Кипр считается скоплением святых мест, ведь здесь жили известные проповедники и хранились многие христианские ценности. Паломники всего мира едут на Кипр поклониться святыням. Да и нам интересно будет взглянуть на храмы, монастыри, религиозные памятники и реликвии и другие достопримечательности острова.<br>4 день: отдых. Отдых на Кипре &ndash; это чистейшие пляжи, покрытые вулканическим песком, разнообразная кухня. Здесь прекрасный, мягкий климат и, наверное, самый чистый в мире воздух.</span></p><p><span style=\"color: rgb(71, 85, 119);  font-size: 18px;\"><strong>Чтобы квалифицироваться на поездку, необходимо выполнить следующие условия:</strong><br>1. с 14.01 по 30.04 закрыть 500 степов<br>2. в апреле месяце открыть или подтвердить Федерального Директора<br>3. иметь в апреле 2-х лично приглашенных в квалификации Федеральный Директор ( одного в одной ветке и одного в другой )<br><img src=\"https://localhost/ip/public/storage/images/WdgfvGfVpDMI1kzoICiIX44JAJeV2F2TxmPrc3T1.jpeg\" style=\"width: 100%;\" class=\"fr-fic fr-dib\"></span></p><p><img src=\"https://localhost/ip/public/storage/images/JhGzbvsTnZhbi6X0iso1ozmOzDLC3NqO4nYJJPqi.jpeg\" style=\"width: 100%;\" class=\"fr-fic fr-dib\"></p><p><img src=\"https://localhost/ip/public/storage/images/Pl5OpG2WVZz06czzIYMDuLHWOVmCz1hh5KviFADN.jpeg\" style=\"width: 100%;\" class=\"fr-fic fr-dib\"></p><p><span style=\"color: rgb(71, 85, 119);  font-size: 24px;\"><strong>2. Акция &laquo;Мой автомобиль&raquo;</strong></span><span style=\"color: rgb(71, 85, 119);  font-size: 18px;\"><br>В прошлом году два партнера компании уже стали обладателями автомобилей марки Mercedes Benz , и в этом году и у других партнеров есть такой шанс!<br><br><strong>Чтобы получить от компании автомобиль марки Mercedes Benz* в ПОДАРОК</strong>, необходимо выполнить следующую квалификацию:<br>1. с 14.01 по 31.05 закрыть 1250 степов<br>2. в мае месяце открыть или подтвердить ранг Международного Директора<br>3. иметь в мае месяце 4-х лично приглашенных в квалификации Федеральный Директор ( два в одной ветке и два в другой )<br><img src=\"https://localhost/ip/public/storage/images/rFOtYvrdMzFbPsSSYi6MYHiqlcZPMmI3SPegxCfd.jpeg\" style=\"width: 100%;\" class=\"fr-fic fr-dib\"></span><span style=\"color: rgb(71, 85, 119);  font-size: 14px;\"><em>*внешний вид фактического приза может &nbsp;отличаться от его изображения в рекламных материалах представленных организатором для ознакомления с акцией</em></span><span style=\"color: rgb(71, 85, 119);  font-size: 18px;\"><br>С уважением, администрация &laquo;IMAGINE PEOPLE&raquo;&nbsp;</span></p>', '2019-02-28 00:02:34', '2019-02-28 00:02:34', NULL, 0),
(10, 'презентация в г.Краснодар', '2019-01-11', 'posts/2HDOw5Awlq4RxYJhz7Y91uAXn24ItOmuOaqvch3V.jpeg', NULL, '<h3><strong>УВАЖАЕМЫЕ ПАРТНЕРЫ! ПРИГЛАШАЕМ ВСЕХ НА ГОРОДСКУЮ ПРЕЗЕНТАЦИЮ КОМПАНИИ IMAGINE PEOPLE в г.Краснодар!<br></strong></h3><h4>&nbsp;</h4><h4><strong>В программе:</strong></h4><p>1. &nbsp;Презентация продукта.<br>2. &nbsp;Дегустация Water for life, &nbsp;Absolute Еnergy и тоник для глаз W nature.<br>3. &nbsp;Врач Лариса Брюханова ответит на ваши вопросы.<br>4. &nbsp;Партнеры поделятся своими результатами. Вы можете принять участие в чаепитии по завершению мероприятия<br>(сладости к чаю партнеры приносят по желанию).&nbsp;</p><p>Начало события 12 января в 12-00.</p><p>Ждем вас! Приходите сами, приглашайте своих друзей.</p><p>Запись участников на событие по тел. +7 918 692 51 31 (WhatsApp)</p><p>С уважением, владелец шоу-рума в г. Краснодар, Елена Севрикова</p><p>Адрес: <span data-address=\"г. Краснодар, ул. Красная 124 офис\" data-address-query=\"город краснодар улица красная 124 офис\" data-ids=\"167759086119558102\">г. Краснодар, ул. Красная 124 офис</span> 302/304 конференц зал.</p>', '2019-02-28 00:02:34', '2019-02-28 00:02:34', NULL, 0),
(11, 'Акции января!', '2019-01-02', 'posts/G0i10YyYM1q7SBf3ENo46o7RtcY5QFBxdPjtcL1I.jpeg', NULL, '<p style=\"text-align: center;\"><span style=\"font-size: 18px;\"><span style=\"color: rgb(71, 85, 119); \">Уважаемые партнёры!</span></span></p><p><span style=\"font-size: 18px;\"><span style=\"\"><span style=\"color: rgb(71, 85, 119);\">Сообщаем Вам об акциях на январь. В январе продолжается скидка на подарочные наборы, а так же при единовременном заказе продукции на 150 &nbsp;баллов и выше в подарок получаете пятигранную пирамидку. <br></span></span></span></p><ul><li style=\"text-align: center;\"><br><ul><li style=\"text-align: left;\"><span style=\"font-size: 18px;\"><span style=\"\"><span style=\"color: rgb(184, 49, 47);\"><strong><u>1. Акция &quot;Снегопад цен&quot;. Подарочные наборы со скидкой 30%</u></strong></span></span></span></li><li style=\"text-align: left;\"><span style=\"font-size: 18px;\"><span style=\"\"><span style=\"color: rgb(71, 85, 119);\"><br></span><span style=\"color: rgb(184, 49, 47);\"><strong>Новогодний набор №1:</strong> &nbsp;</span></span></span></li><li style=\"text-align: left;\"><span style=\"font-size: 18px;\"><span style=\"\"><span style=\"color: rgb(71, 85, 119);\">&nbsp;Water for life - 2 шт</span></span></span></li><li style=\"text-align: left;\"><span style=\"font-size: 18px;\"><span style=\"\"><span style=\"color: rgb(71, 85, 119);\">&nbsp;БТК G-Bio - 1 шт</span></span></span></li><li style=\"text-align: left;\"><span style=\"font-size: 18px;\"><span style=\"\"><span style=\"color: rgb(71, 85, 119);\">Absolute Energy - 1 шт&nbsp;</span></span></span></li><li style=\"text-align: left;\"><span style=\"font-size: 18px;\"><span style=\"\"><span style=\"color: rgb(71, 85, 119);\">Цена набора - 147 у.е. Количество баллов - 50<br></span></span></span></li><li style=\"text-align: left;\"><span style=\"font-size: 18px;\"><span style=\"\"><span style=\"color: rgb(71, 85, 119);\"><br></span></span></span></li><li style=\"text-align: left;\"><span style=\"font-size: 18px;\"><span style=\"\"><span style=\"color: rgb(184, 49, 47);\"><strong>Новогодний набор №2:</strong></span></span></span></li><li style=\"text-align: left;\"><span style=\"font-size: 18px;\"><span style=\"\"><span style=\"color: rgb(71, 85, 119);\">Water for life - 2 шт</span></span></span></li><li style=\"text-align: left;\"><span style=\"font-size: 18px;\"><span style=\"\"><span style=\"color: rgb(71, 85, 119);\">БТК G-Bio - 1 шт</span></span></span></li><li style=\"text-align: left;\"><span style=\"font-size: 18px;\"><span style=\"\"><span style=\"color: rgb(71, 85, 119);\">Clear space- 1 шт</span></span></span></li><li style=\"text-align: left;\"><span style=\"font-size: 18px;\"><span style=\"\"><span style=\"color: rgb(71, 85, 119);\">Цена набора - 147 у.е. Количество баллов - 50</span></span></span></li><li style=\"text-align: left;\"><span style=\"font-size: 18px;\"><span style=\"\"><span style=\"color: rgb(71, 85, 119);\"><br></span><span style=\"color: rgb(184, 49, 47);\"><strong>Новогодний набор №3:</strong></span></span></span></li><li style=\"text-align: left;\"><span style=\"font-size: 18px;\"><span style=\"\"><span style=\"color: rgb(71, 85, 119);\">Water for life - 2 шт</span></span></span></li><li style=\"text-align: left;\"><span style=\"font-size: 18px;\"><span style=\"\"><span style=\"color: rgb(71, 85, 119);\">БТК G-Bio - 1 шт</span></span></span></li><li style=\"text-align: left;\"><span style=\"font-size: 18px;\"><span style=\"\"><span style=\"color: rgb(71, 85, 119);\">ДГК ALFA- 1 шт</span></span></span></li><li style=\"text-align: left;\"><span style=\"font-size: 18px;\"><span style=\"\"><span style=\"color: rgb(71, 85, 119);\">Цена набора - 147 у.е. Количество баллов - 50</span></span></span></li><li style=\"text-align: left;\"><span style=\"font-size: 18px;\"><span style=\"\"><span style=\"color: rgb(71, 85, 119);\"><br></span><span style=\"color: rgb(184, 49, 47);\"><strong>Новогодний набор №4:</strong></span></span></span></li><li style=\"text-align: left;\"><span style=\"font-size: 18px;\"><span style=\"\"><span style=\"color: rgb(71, 85, 119);\">Water for life - 2 шт</span></span></span></li><li style=\"text-align: left;\"><span style=\"font-size: 18px;\"><span style=\"\"><span style=\"color: rgb(71, 85, 119);\">БТК G-Bio - 1 шт</span></span></span></li><li style=\"text-align: left;\"><span style=\"font-size: 18px;\"><span style=\"\"><span style=\"color: rgb(71, 85, 119);\">Absolute Energy - 1 шт</span></span></span></li><li style=\"text-align: left;\"><span style=\"font-size: 18px;\"><span style=\"\"><span style=\"color: rgb(71, 85, 119);\">Clear space- 1 шт</span></span></span></li><li style=\"text-align: left;\"><span style=\"font-size: 18px;\"><span style=\"\"><span style=\"color: rgb(71, 85, 119);\">ДГК ALFA- 1 шт</span></span></span></li><li style=\"text-align: left;\"><span style=\"font-size: 18px;\"><span style=\"\"><span style=\"color: rgb(71, 85, 119);\">Бутылка с логотипом - 1 шт</span></span></span></li><li style=\"text-align: left;\"><span style=\"font-size: 18px;\"><span style=\"\"><span style=\"color: rgb(71, 85, 119);\">Цена набора - 270 у.е. Количество баллов - 100</span></span></span><ul><li><span style=\"font-size: 18px;\"><span style=\"\"><span style=\"color: rgb(71, 85, 119);\"><br></span></span></span></li><li><span style=\"font-size: 18px;\"><span style=\"\"><span style=\"color: rgb(71, 85, 119);\"><strong>Период действия акции с 01 по 31 января включительно!</strong></span></span></span></li></ul></li></ul></li><li><span style=\"font-size: 18px;\"><span style=\"\"><span style=\"color: rgb(71, 85, 119);\"><br></span><span style=\"color: rgb(184, 49, 47);\"><strong><u>2. Акция &quot;Пятигранная пирамида в подарок&quot;</u></strong></span></span></span></li><li><span style=\"font-size: 18px;\"><span style=\"\"><br></span></span></li></ul><div><span style=\"font-size: 18px;\"><span style=\"\"><span style=\"color: rgb(71, 85, 119);\">При единовременном заказе любой продукции на 150 баллов в подарок получаете пятигранную пирамиду Clear Space в подарок! &nbsp; &nbsp;</span></span></span></div><div><span style=\"font-size: 18px;\"><span style=\"\"><span style=\"color: rgb(71, 85, 119);\"><strong>Количество заказов не ограниченно! <br></strong></span></span></span></div><div><span style=\"font-size: 18px;\"><span style=\"\"><span style=\"color: rgb(71, 85, 119);\">Выдача подарков по итогам акции начнется в конце февраля 2019 года. &nbsp;&nbsp;</span></span></span></div><div><span style=\"font-size: 18px;\"><span style=\"\"><span style=\"color: rgb(184, 49, 47);\"><strong>Внимание! Заказ должен быть единовременным!</strong></span></span></span></div><p><span style=\"font-size: 18px;\"><span style=\"\"><span style=\"color: rgb(71, 85, 119);\"><strong>Период действия акции с 01 по 31 января включительно!</strong></span></span></span></p><p><span style=\"font-size: 18px;\"><em><span style=\"color: rgb(71, 85, 119); \">С уважением, Администрация &quot;IMAGINE PEOPLE&quot;</span></em></span></p>', '2019-02-28 00:02:34', '2019-02-28 00:02:34', NULL, 0),
(12, 'Закрытие декабря и профилактические работы', '2018-12-31', 'posts/fwilU5XROplKSJjw8KnlGRooe5hQMzVMV9sTEDIi.jpeg', 'Дорогие партнеры! Поздравляем Вас с наступающим Новым Годом!', '<p>Дорогие партнеры! Поздравляем Вас с наступающим Новым Годом, желаем Вам успехов в нашем общем деле, здоровья и счастья! Сообщаем, что декабрь будет закрыт в 21:00 по московскому часовому поясу, затем система будет закрыта на техническое обслуживание до 2 января 00:00.</p>', '2019-02-28 00:02:34', '2019-02-28 00:02:34', NULL, 0),
(13, 'Видео презентация продуктов компании', '2018-12-27', 'posts/diWK6VtD4MVMOq6ZG7FTXFTnYqUe1QR2BNM7rZdk.jpeg', NULL, '<p>Уважаемые партнеры!&nbsp;</p><p>С радостью предлагаем ознакомиться с видео презентацией о компании &quot;IMAGINE PEOPLE&quot; и продуктах компании. <span class=\"fr-video fr-fvc fr-dvi fr-draggable\" contenteditable=\"false\"><iframe src=\"https://www.youtube.com/embed/MJrJsk8N-8c\" allowfullscreen=\"\" class=\"fr-draggable\" width=\"100%\" height=\"600\" frameborder=\"0\"></iframe></span></p><p><span class=\"fr-video fr-fvc fr-dvi fr-draggable\" contenteditable=\"false\"><iframe src=\"https://www.youtube.com/embed/uMKt2WedkE8\" allowfullscreen=\"\" class=\"fr-draggable\" width=\"100%\" height=\"600\" frameborder=\"0\"></iframe></span><br></p><p><span class=\"fr-video fr-fvc fr-dvi fr-draggable\" contenteditable=\"false\"><iframe src=\"https://www.youtube.com/embed/K3vMUqrqN6U\" allowfullscreen=\"\" class=\"fr-draggable\" width=\"100%\" height=\"600\" frameborder=\"0\"></iframe></span></p><p><span class=\"fr-video fr-fvc fr-dvi fr-draggable\" contenteditable=\"false\"><iframe src=\"https://www.youtube.com/embed/zO7V01Lq8a0\" allowfullscreen=\"\" class=\"fr-draggable\" width=\"100%\" height=\"600\" frameborder=\"0\"></iframe></span><br></p><p><span class=\"fr-video fr-fvc fr-dvi fr-draggable\" contenteditable=\"false\"><iframe src=\"https://www.youtube.com/embed/WDQI5ism0dQ\" allowfullscreen=\"\" class=\"fr-draggable\" width=\"100%\" height=\"600\" frameborder=\"0\"></iframe></span></p><p><span class=\"fr-video fr-fvc fr-dvi fr-draggable\" contenteditable=\"false\"><iframe src=\"https://www.youtube.com/embed/sEOw5K_RXLk\" allowfullscreen=\"\" class=\"fr-draggable\" width=\"100%\" height=\"600\" frameborder=\"0\"></iframe></span></p>', '2019-02-28 00:02:34', '2019-02-28 00:02:34', NULL, 0),
(14, 'График работы ЦО', '2018-12-27', 'posts/PjI1wvtdQg5zoAXNihWTLNUNaTMsbCAz7kaJ22DE.jpeg', NULL, '<p>Дорогие друзья, поздравляем вас с Новым годом! Желаем вам в грядущем году мира, добра, здоровья, как можно больше тепла и уюта, неисчерпаемых жизненных сил, достижения поставленных целей. Пусть новый год сопровождается только положительными эмоциями и знаменательными событиями.</p><p>С уважением, коллектив компании &quot;IMAGINE PEOPLE&quot;</p><p>Сообщаем Вам, что центральный офис начинает свою работу с 10 января 2019 года!</p>', '2019-02-28 00:02:34', '2019-02-28 00:02:34', NULL, 0),
(15, 'Фото-отчет: Бизнес форум Absolute Energy', '2018-12-27', 'posts/h7CWXJzkuYXDSVhKlF8Dz5AcXJR53QoMaU4k2SPd.jpeg', NULL, '<p style=\"text-align: center;\">Уважаемые друзья!</p><p>15-16 декабря прошел пятый Бизнес Форум Absolute energy &nbsp;в г. Москва. Хотим поделиться с вами небольшим фото отчетом! Наш форум посетили более 350 партнеров с разных городов и стран.</p><p><img src=\"https://localhost/ip/public/storage/images/utBc0E6QrBnhqck0xHHdytNvssViui00iun3E3RN.jpeg\" style=\"width: 100%;\" class=\"fr-fic fr-dib\"></p><p><img src=\"https://localhost/ip/public/storage/images/CopAFCaqmU64yKrReKXp6gAEyZCkeXBSnGmtzgVg.jpeg\" style=\"width: 100%;\" class=\"fr-fic fr-dib\"></p><p><img src=\"https://localhost/ip/public/storage/images/irEM0Dqqv14V1cbuBYHuciYHlezwLiseYGHHmK9h.jpeg\" style=\"width: 100%;\" class=\"fr-fic fr-dib\"></p><p><img src=\"https://localhost/ip/public/storage/images/bncqnrb7LCZzCbqcU1uQvprZODMauaacaaqCAIKa.jpeg\" style=\"width: 100%;\" class=\"fr-fic fr-dib\"></p><p><img src=\"https://localhost/ip/public/storage/images/Jp4xBX2iQTl65vh9noL6OpYezJRUGe6XidVZjOj4.jpeg\" style=\"width: 100%;\" class=\"fr-fic fr-dib\"></p><p>&nbsp;Два дня форума прошли очень быстро, партнеры получили много полезной информации, прошли обучающий тренинг от основателя компании Вячеслава Терентьева.</p><p><img src=\"https://localhost/ip/public/storage/images/0VMFLNaqrHPZHZv2bgFpZiBtN79gYUW8oHdY9ego.jpeg\" style=\"width: 100%;\" class=\"fr-fic fr-dib\"></p><p><img src=\"https://localhost/ip/public/storage/images/7iTsYIUUqN4J5TSd3nUFOBJHXurBv7T9rkXoMfHb.jpeg\" style=\"width: 100%;\" class=\"fr-fic fr-dib\"></p><p><img src=\"https://localhost/ip/public/storage/images/xDj8L1GoyiSN4mGexf9aR8YweKZuiTfONOefRKpQ.jpeg\" style=\"width: 100%;\" class=\"fr-fic fr-dib\"></p><p><img src=\"https://localhost/ip/public/storage/images/XpYeWWjTWRmPxYT1fFPywelXCOhv9sJT9ZiS73fO.jpeg\" style=\"width: 100%;\" class=\"fr-fic fr-dib\"></p><p><img src=\"https://localhost/ip/public/storage/images/aBDQhjLsUovA0bltIJDud9KyFH9R2HLOEIiGxhcq.jpeg\" style=\"width: 100%;\" class=\"fr-fic fr-dib\"></p><p><img src=\"https://localhost/ip/public/storage/images/n371A0dz8M0FXN5qmL64x9EXKsyBWtLpFLSQCpZH.jpeg\" style=\"width: 100%;\" class=\"fr-fic fr-dib\"></p><p><img src=\"https://localhost/ip/public/storage/images/CQWiEODWve1iq2yLa7T68y4q5GJ4w72SBQIxRRjx.jpeg\" style=\"width: 100%;\" class=\"fr-fic fr-dib\"></p><p><img src=\"https://localhost/ip/public/storage/images/Gf9jBNdA1DfDtx7gblgjSHglgvSQjhKLbPpACgmi.jpeg\" style=\"width: 100%;\" class=\"fr-fic fr-dib\"></p><p><img src=\"https://localhost/ip/public/storage/images/jDcyHpf6247hVTq2k5LZ8MlA3fIgyujOEkOyLQsJ.jpeg\" style=\"width: 100%;\" class=\"fr-fic fr-dib\"></p><p>Была проведена официальная презентация новинки компании - Тоник для глаз &quot;W nature&quot;. Многие успели оценить их действие, т.к. каждый участник форума получил их в подарок.</p><p><img src=\"https://localhost/ip/public/storage/images/fjuWcDHS3PmxKFCfXEdBxUXMaVJaL6D1K9glijMJ.jpeg\" style=\"width: 100%;\" class=\"fr-fic fr-dib\"></p><p><img src=\"https://localhost/ip/public/storage/images/CKdC633jqtTKHgEt5R5iPnS5g4SUrNcvQ3XxCMCH.jpeg\" style=\"width: 100%;\" class=\"fr-fic fr-dib\"></p><p>Топ-лидеры компании поделились своим опытом о построении бизнеса.&nbsp;</p><p><img src=\"https://localhost/ip/public/storage/images/R6eSn63u3P6ED3WiUA5mqdNq3FYHjq9IaIUnocA9.jpeg\" style=\"width: 100%;\" class=\"fr-fic fr-dib\"></p><p><img src=\"https://localhost/ip/public/storage/images/3adLEbefBzbuKq8qoxRVqvwgNKJ8QFbq4GEDDwg9.jpeg\" style=\"width: 100%;\" class=\"fr-fic fr-dib\"></p><p><img src=\"https://localhost/ip/public/storage/images/vJ7R1r64keERAQObjMH6p5PUVAgqaiqNucrSQyl0.jpeg\" style=\"width: 100%;\" class=\"fr-fic fr-dib\"></p><p><img src=\"https://localhost/ip/public/storage/images/C2l6nH3RcBoeXnK7j9sjuK3edQfr5Fm6ka67gyJ6.jpeg\" style=\"width: 100%;\" class=\"fr-fic fr-dib\"></p><p><img src=\"https://localhost/ip/public/storage/images/ok13SKlJV2E90QvIoP508ZTnHDLGt5WeF9k6nnK1.jpeg\" style=\"width: 100%;\" class=\"fr-fic fr-dib\"></p><p><img src=\"https://localhost/ip/public/storage/images/T9I0j3PWIXesM7ElB8y5YFbHRblKsln0VyKr3kDs.jpeg\" style=\"width: 100%;\" class=\"fr-fic fr-dib\"></p><p>Самая приятная часть: награждение партнеров по номинациям: лучшие наставники, лучшие шоу-румы, победители в акции &quot;Путешествуй с компанией&quot;, участников лидерского совета компании и...</p><p><img src=\"https://localhost/ip/public/storage/images/YUX879mJXNTojr4mOdAaYBbwcBndeslOo3S8dUp4.jpeg\" style=\"width: 100%;\" class=\"fr-fic fr-dib\"></p><p><img src=\"https://localhost/ip/public/storage/images/11AaRM4GOwBiaLhqn2BNJfJJ0l971czRtNMHaG3G.jpeg\" style=\"width: 100%;\" class=\"fr-fic fr-dib\"></p><p><img src=\"https://localhost/ip/public/storage/images/vjVAK8a5UxlQryGpcwFshiL0s0L0izmRUbGs6Y0T.jpeg\" style=\"width: 100%;\" class=\"fr-fic fr-dib\"></p><p><img src=\"https://localhost/ip/public/storage/images/A0t8g4AJV0EJFa57vpIgYHGYPC2wCYNqiIJ2H2Mn.jpeg\" style=\"width: 100%;\" class=\"fr-fic fr-dib\"></p><p><img src=\"https://localhost/ip/public/storage/images/5qB5MJ22JYMKhpQSE1faefoYjiRhCNcKbNdUauJ5.png\" style=\"width: 100%;\" class=\"fr-fic fr-dib\"></p><p>Победители новой акции &quot;Мой автомобиль&quot;</p><p><img src=\"https://localhost/ip/public/storage/images/3WGyKbIbCrvrZzqG22ZvPMtHyDwwV42q6BR29iRZ.jpeg\" style=\"width: 100%;\" class=\"fr-fic fr-dib\"></p><p>и их автомобили, которые ждали их сразу у входа в отель Рэдиссон!</p><p><img src=\"https://localhost/ip/public/storage/images/YQxIpQpep6O0b2lUw4yv5AndNyNAIix3zx4qEecN.jpeg\" style=\"width: 100%;\" class=\"fr-fic fr-dib\"></p><p><img src=\"https://localhost/ip/public/storage/images/X8JGi3IdiE2jeAjvHuLcZymaMKOmriuFeTauqm2Z.jpeg\" style=\"width: 100%;\" class=\"fr-fic fr-dib\"></p><p>Еще больше фото с форума смотрите здесь: <a href=\"https://yadi.sk/d/LaeRQGymbNnD-w\">https://yadi.sk/d/LaeRQGymbNnD-w</a>&nbsp;</p><p>С Уважением, администрация &quot;IMAGINE PEOPLE&quot;</p>', '2019-02-28 00:02:34', '2019-02-28 00:02:34', NULL, 0);
INSERT INTO `news` (`id`, `title`, `date`, `img`, `mini_description`, `text`, `created_at`, `updated_at`, `deleted_at`, `is_event`) VALUES
(16, 'Представители шоу-рума в Москве запустили систему обучения для всех желающих', '2018-12-21', 'posts/sUOm2wgCtBUIpSzbi3QNFpRskD4KkVEp6eUg6uMI.jpeg', NULL, '<ol><li style=\"text-align: center;\"><span style=\"color: rgb(71, 85, 119);  font-size: 18px;\"><strong>Уважаемые партнеры!</strong></span></li></ol><p style=\"text-align: center;\"><span style=\"font-size: 18px;\"><span style=\"\"><span style=\"color: rgb(71, 85, 119);\"><strong>С радостью сообщаем Вам, что в шоу-руме в г. Москва запущена система обучения!</strong></span></span></span></p><p><span style=\"font-size: 18px;\"><span style=\"\"><span style=\"color: rgb(71, 85, 119);\">Представители шоу-рума в Москве запустили систему обучения для всех желающих узнать полную информацию о продукте, компании, бизнесе, акциях и новостях. &nbsp;</span></span></span></p><p><span style=\"font-size: 18px;\"><span style=\"\"><span style=\"color: rgb(71, 85, 119);\"><strong>Каждый вторник:</strong></span></span></span></p><p><span style=\"font-size: 18px;\"><span style=\"\"><span style=\"color: rgb(71, 85, 119);\"><strong>&nbsp;</strong>в 15.00 вас ждет &quot;Школа о продукте&quot; для новичков и партнеров</span></span></span></p><p><span style=\"font-size: 18px;\"><span style=\"\"><span style=\"color: rgb(71, 85, 119);\">Природный источник энергии, здоровья и долголетия!&nbsp;</span></span></span></p><p><span style=\"font-size: 18px;\"><span style=\"\"><span style=\"color: rgb(71, 85, 119);\"><strong>Каждый четверг:</strong></span></span></span></p><p><span style=\"font-size: 18px;\"><span style=\"\"><span style=\"color: rgb(71, 85, 119);\"><strong>в 15:00:</strong> &quot;Школа о продукте&quot; для новичков и партнеров.</span></span></span></p><p><span style=\"font-size: 18px;\"><span style=\"\"><span style=\"color: rgb(71, 85, 119);\">Природный источник энергии, здоровья и долголетия!&nbsp;</span></span></span></p><p><span style=\"font-size: 18px;\"><span style=\"\"><span style=\"color: rgb(71, 85, 119);\"><strong>в 16:00:&nbsp;</strong>&quot;Школа о бизнесе&quot; Как построить глобальный международный бизнес в компании&nbsp;</span></span></span></p><p><span style=\"font-size: 18px;\"><span style=\"\"><span style=\"color: rgb(71, 85, 119);\">Ждем вас каждый вторник, четверг по адресу: 1 минута от метро Белорусская (кольцевая), <span data-address=\"пл.Тверская Застава 3 оф.321\" data-address-query=\"площадь тверская застава 3 оф.321\" data-ids=\"167759086119557799\">пл.Тверская Застава 3 оф.321</span>&nbsp;</span></span></span></p><p><span style=\"font-size: 18px;\"><span style=\"\"><span style=\"color: rgb(71, 85, 119);\">По всем вопросам обращайтесь по телефону горячей линии 8 800 600 45 47 (звонок бесплатный)</span></span></span></p><p><span style=\"font-size: 18px;\"><span style=\"\"><span style=\"color: rgb(71, 85, 119);\">Режим работы шоу-рума: будние дни 11:00-20:00, сб. 11:00-17:00, воскр.-выходной&nbsp;</span></span></span></p><p><span style=\"color: rgb(71, 85, 119);\"><em><span style=\" font-size: 18px;\">контактное лицо: <em>Горбунова Регина</em></span></em></span></p><p><em><span style=\"color: rgb(71, 85, 119);\"><span style=\"font-size: 18px;\"><span style=\"\"><em>+7 963 757 98 88</em></span></span></span></em></p><p><em><span style=\"color: rgb(71, 85, 119);\"><span style=\"font-size: 18px;\"><span style=\"\"><em>+7 499 394 78 48</em></span></span></span></em></p><p><em><span style=\"color: rgb(71, 85, 119);\"><span style=\"font-size: 18px;\"><span style=\"\"><em><a data-orig-href=\"http://gidroplazma.ru/\" data-vdir-href=\"https://mail.yandex.kz/re.jsx?uid=1130000027731808&c=LIZA&cv=15.3.3&mid=167759086119557799&h=a,w-BzHQlTdi4gIUZk7z17XA&l=aHR0cDovL2dpZHJvcGxhem1hLnJ1Lw\" href=\"http://gidroplazma.ru/\" rel=\"noopener noreferrer\" target=\"_blank\">http://gidroplazma.ru/</a>&nbsp;</em></span></span></span></em></p><p><em><span style=\"color: rgb(71, 85, 119);\"><span style=\"font-size: 18px;\"><span style=\"\"><em><a data-orig-href=\"https://vk.com/gidroplazma_msk\" data-vdir-href=\"https://mail.yandex.kz/re.jsx?uid=1130000027731808&c=LIZA&cv=15.3.3&mid=167759086119557799&h=a,Uzb2Qv4QEToLwJR0T34kDw&l=aHR0cHM6Ly92ay5jb20vZ2lkcm9wbGF6bWFfbXNr\" href=\"https://vk.com/gidroplazma_msk\" rel=\"noopener noreferrer\" target=\"_blank\">https://vk.com/gidroplazma_msk</a>&nbsp;</em></span></span></span></em></p><p><span style=\"color: rgb(71, 85, 119);\"><em><span style=\" font-size: 18px;\"><a data-orig-href=\"https://www.instagram.com/gidroplazma_ru/\" data-vdir-href=\"https://mail.yandex.kz/re.jsx?uid=1130000027731808&c=LIZA&cv=15.3.3&mid=167759086119557799&h=a,ertohVrIHP78OG-KSWcQ5g&l=aHR0cHM6Ly93d3cuaW5zdGFncmFtLmNvbS9naWRyb3BsYXptYV9ydS8\" href=\"https://www.instagram.com/gidroplazma_ru/\" rel=\"noopener noreferrer\" target=\"_blank\"><em>https://www.instagram.com/gidroplazma_ru</em></a></span></em></span><span style=\"color: rgb(71, 85, 119);\"><em><span style=\" font-size: 18px;\"><em><img src=\"https://localhost/ip/public/storage/images/Xqg6NlGvsewOL2ILLIBhKS7sanyILtuUePbNJ2Dl.jpeg\" style=\"width: 100%;\" class=\"fr-fic fr-dib\"></em></span></em></span><img src=\"https://localhost/ip/public/storage/images/Ke2QtXwtjfwC13eckxVRFjkVH9m3CspLD930LFYE.jpeg\" style=\"width: 100%;\" class=\"fr-fic fr-dib\"></p><p><span style=\"color: rgb(71, 85, 119);\"><em><span style=\" font-size: 18px;\"><em><img src=\"https://localhost/ip/public/storage/images/8lcBqbC0qHC5ER6M0zmY7RU9AWwpzeOQCHh4wdky.jpeg\" style=\"width: 100%;\" class=\"fr-fic fr-dib\"></em></span></em></span></p><p><img src=\"https://localhost/ip/public/storage/images/wjNyOcZCtN0IsJUQiurDKhg297KbWTMekDTgqavH.jpeg\" style=\"width: 100%;\" class=\"fr-fic fr-dib\"></p><p><img src=\"https://localhost/ip/public/storage/images/topbWscCV7sT6qskzJ93WS4XsmszhLiYBlpxdMp6.jpeg\" style=\"width: 100%;\" class=\"fr-fic fr-dib\"></p><p><img src=\"https://localhost/ip/public/storage/images/WblC1umzlMIIMEjR9zxswAsVMRhjlZPX022TXFHg.jpeg\" style=\"width: 100%;\" class=\"fr-fic fr-dib\"></p><p><img src=\"https://localhost/ip/public/storage/images/m2VZyQdPtnl4dVJHOv7TNl5PCnoRgrwE0vHY7QXx.jpeg\" style=\"width: 100%;\" class=\"fr-fic fr-dib\"></p><p><br></p><p><img src=\"https://localhost/ip/public/storage/images/OFPJlTgcWJ6V1UJIqyhdrP8hRPoKlEiwNrY38ZfJ.jpeg\" style=\"width: 100%;\" class=\"fr-fic fr-dib\"></p><p><img src=\"https://localhost/ip/public/storage/images/0Cf43M3mzeEWDMBs3xcaiN0O3Ntu6JD4XK44vSmQ.jpeg\" style=\"width: 100%;\" class=\"fr-fic fr-dib\"></p><p><img src=\"https://localhost/ip/public/storage/images/9wh7Bkp2qATsJGA7qz605YCGiXpodiPBwsvaZaRp.jpeg\" style=\"width: 100%;\" class=\"fr-fic fr-dib\"></p>', '2019-02-28 00:02:34', '2019-02-28 00:02:34', NULL, 0),
(17, 'Условия получения продукции в Шоу-Румах', '2018-12-20', 'posts/ysfjmMyDZN8Q3TSlpzepWJmUDbT6b3SUweAOCy9z.jpeg', 'Просим Вас обратить внимание на изменение условий получения продукции в Шоу-Румах.', '<div style=\"text-align: center;\"><span style=\"font-size: 18px; color: #2969b0;\">Уважаемые партнеры!</span></div>\r\n<p><span style=\"color: #2969b0;\"><span style=\"font-size: 18px;\">Просим Вас обратить внимание на изменение условий получения продукции в Шоу-Румах. При получении продукции в Шоу-Руме необходимо оплатить доставку до Шоу-Рума. Оплата доставки производится в офисе Шоу-Рума.</span></span></p>\r\n<p><span style=\"color: #2969b0;\"><span style=\"font-size: 18px;\">1. Пакет &laquo;Пробный&raquo;, <span style=\"color: #2969b0;\"><span style=\"font-size: 18px;\">&laquo;Старт&raquo;</span></span> или заказ до 1 000 у.е - оплата доставки будет составлять 3% от стоимости заказа (включая подарок). &nbsp; &nbsp; &nbsp; &nbsp; &nbsp; &nbsp; &nbsp; &nbsp; &nbsp; &nbsp; &nbsp; &nbsp; &nbsp; &nbsp; &nbsp; &nbsp; &nbsp; &nbsp;</span></span></p>\r\n<p><span style=\"color: #2969b0;\"><span style=\"font-size: 18px;\">&nbsp;2. Пакет &laquo;Профессионал&raquo; или заказ от 1 000 у.е. до 2 000 у.е. - оплата доставки будет составлять 2,5% от стоимости заказа (включая подарок).</span></span></p>\r\n<p><span style=\"color: #2969b0;\"><span style=\"font-size: 18px;\">3. Пакет &laquo;Мега&raquo; или заказ продукции от 2 000 у.е. и выше - оплата доставки будет составлять 2% от стоимости заказа (включая подарок). &nbsp;&nbsp;</span></span></p>\r\n<p><span style=\"color: #2969b0;\"><span style=\"font-size: 18px;\"><strong>Например: </strong>Партнер зарегистрировался в компании на пакет <span style=\"color: #2969b0;\"><span style=\"font-size: 18px;\"><span style=\"color: #2969b0;\"><span style=\"font-size: 18px;\">&laquo;Старт&raquo;</span></span></span></span>, стоимость пакета 250 у.е. в подарок партнер получил 1 флакон Absolute Energy стоимостью 80 у.е., итого партнер должен заплатить в офисе Шоу Рума за доставку 10 у.е.</span></span></p>\r\n<p><span style=\"color: #2969b0;\"><span style=\"font-size: 18px;\">&nbsp; &nbsp; &nbsp; &nbsp; &nbsp; При отправлении заказа через Транспортную компанию, оплата доставки осуществляется курьеру, согласно тарифам транспортной компании.&nbsp;</span></span></p>\r\n<p><span style=\"color: #2969b0;\"><span style=\"font-size: 18px;\">При отправлении заказа через транспортную компанию DHL, оплата доставки осуществляется согласно выставленному счету в Личном кабинете партнера. Оплату можно произвести через банковскую карту или у.е. со счета партнера.</span></span></p>\r\n<p><span style=\"color: #2969b0;\"><span style=\"font-size: 18px;\">С Уважением,</span></span></p>\r\n<p><span style=\"font-size: 18px; color: #2969b0;\">Администрация &laquo;IMAGINE PEOPLE&rdquo;</span></p>\r\n<p>&nbsp;</p>\r\n<div class=\"slideshow\">\r\n<div class=\"images\">&nbsp;</div>\r\n</div>', '2019-02-28 00:02:34', '2019-03-26 11:59:22', NULL, 0),
(18, 'Приглашаем Вас на Первый Форум Юга России, который состоится 22 ДЕКАБРЯ В 14:00!', '2018-12-19', 'posts/uTPJQG0hpM6ufq43TVgORSY2T9GhXoNjf2FdgpF6.png', NULL, '<p style=\"text-align: center;\"><span style=\" color: rgb(71, 85, 119);\"><strong>Уважаем партнеры!</strong></span></p><p style=\"text-align: center;\"><span style=\" color: rgb(71, 85, 119);\"><strong>Приглашаем Вас на Первый Форум Юга России, который состоится 22 ДЕКАБРЯ В 14:00!</strong></span></p><p><span style=\" color: rgb(71, 85, 119);\"><br>ПРИГЛАШАЕМ ВСЕХ ПАРТНЕРОВ КОМПАНИИ &quot;IMAGINE PEOPLE&quot; в г. КРАСНОДАР!<br><strong>В программе:</strong><br>1. Постпромоушен Московского Бизнес-Форума &quot;Absolute Energy&quot;<br>2. Презентация новых продуктов компании.<br>3. Отзывы и результаты партнеров компании.<br>4. Новогодний фуршет.<br>5. Дегустация биогенной воды Water for life и Аbsolute Еnergy.<br>6. Праздничная лотерея.<br><strong>Каждый участник Форума получает в подарок набор печатной продукции.</strong><br>Так же вы можете провести регистрацию своих новых партнеров, оформить заказы и получить продукцию.<br>Организатор события:<br>Лидер компании &quot;IMAGINE PEOPLE&quot;, член консультативного совета, владелец шоу-рума в г. Краснодар - Елена Севрикова.<br><strong>МЕГА НОВОСТЬ:<br>Почетные гости Форума: Топ Лидеры компании в ранге международный директор - Ольга Тетерина и в ранге федеральный директор, врач-инфекционист Галина Бодарацкая!!!</strong><br><br><strong>Адрес:</strong> г.<span data-address=\"Краснодар, ул. Красная 124 офис\" data-address-query=\"краснодар улица красная 124 офис\" data-ids=\"167759086119557671\">Краснодар, ул. Красная 124 офис</span> 302/304, конференц зал.<br>Запись участников Форума по тел. +7 918 692 51 31<br>Начало регистрации участников в 13:00<br><br><strong>О своем участии уже заявили &nbsp;партнеры из многих городов:</strong> Краснодар, &nbsp;Ростов, Сочи, Новороссийск, Геленджик, &nbsp;Анапа, Азов, Армавир, Майкоп, Белореченск, Ставрополь, Невинномысск, Кропоткин, Пятигорск, Кисловодск, Минеральные Воды, Волгодонск.<br>Ждем всех на этом праздничном событии.<br>Приходите сами, приглашайте своих друзей!</span></p><p><br></p><p><br>&nbsp; </p>', '2019-02-28 00:02:34', '2019-02-28 00:02:34', NULL, 0),
(19, 'программа бизнес-форума', '2018-12-01', 'posts/MIBc4tHbWqHhjDRvM14CURbFBwOJiuvZN4GSIBIs.jpeg', 'для участия в закрытом тренинге выполните:региональный директор за ноябрь и с ноября по 13 декабря закрыть 50 степов', '<p style=\"text-align: center;\"><span style=\" font-size: 18px; color: rgb(71, 85, 119);\">Дорогие друзья!&nbsp;</span></p><p><span style=\"color: rgb(71, 85, 119);\"><span style=\"font-size: 18px;\"><span style=\"\">Напоминаем Вам о проведении</span></span></span><span style=\"color: rgb(71, 85, 119);\"><span style=\"font-size: 18px;\"><span style=\"\">&nbsp;пятого &nbsp;бизнес-форума &laquo;Absolute Energy&rdquo; с 15 по 16 декабря 2018 г. &nbsp;городе Москва. <br>Вас ждет насыщенная программа, большое количество информации, подарки и новинки от компании.<br><strong>План мероприятия:</strong><br><strong>1 день - 15 декабря:</strong><br>10:00 Начало регистрации участников закрытого специального тренинга от основателя компании Вячеслава Терентьева*<br>11:00 - 14:00 Закрытый специальный тренинг от основателя компании Вячеслава Терентьева*<br><strong>*для участия в закрытом тренинге от Вячеслава Терентьева необходимо выполнить следующие условия: выполнить квалификацию - региональный директор за ноябрь и закрыть с ноября по 13 декабря 50 степов</strong><br>14:00-15:00 Перерыв на обед<br>15:00-19:00 Начало тренинга от основателя компании Вячеслава Терентьева и топ-лидеров компании.&nbsp;</span></span></span><span style=\"color: rgb(71, 85, 119);\"><span style=\"font-size: 18px;\"><span style=\"\"><strong>Участвовать могут все активные партнеры</strong>!<br>19:00 Начало презентации Новых продуктов компании<br>Далее, ужин с основателями компании Вячеславом Терентьевым и Эльмирой Молдобаевой в ресторане &quot;ТАЛАВЕРА&quot; <strong>для партнеров выполнивших следующие усл</strong><strong>овия: квалификация Федеральный директор в ноябре.</strong><br><strong>2 день - 16 декабря</strong></span></span></span></p><p><span style=\"color: rgb(71, 85, 119);\"><span style=\"font-size: 18px;\"><span style=\"\">10:00-12:00 Встреча владельцев шоу-румов<br>12:00-17:00 Лидерский марафон<br>Топ-лидеры копании будут делиться информацией о построении бизнеса в компании IMAGINE PEOPLЕ. Затронут все самые важные темы с чего начать и как это сделать правильно.<br>17:00-20:00 Парад признаний<br>Награждение самых активных партнеров и победителей в акции &quot;Поездка в Дубай&quot; и &quot;Мой автомобиль&quot;, а также объявление новых промоушенов.</span></span></span></p><p style=\"text-align: center;\"><span style=\"color: rgb(71, 85, 119);\"><span style=\"font-size: 18px;\"><span style=\"\">Ждем Вас 15 и 16 декабря в конференц-зале отеля &quot;Radisson Славянская&quot;!</span></span></span></p><p><span style=\"color: rgb(71, 85, 119);\"><span style=\"font-size: 18px;\"><span style=\"\"><strong>Адрес:&nbsp;</strong>г. Москва, площадь Европы 2<br></span></span></span></p><p><span style=\"color: rgb(71, 85, 119);\"><span style=\"font-size: 18px;\"><span style=\"\"><strong>Стоимость билета - 5 000 руб. Билеты можете приобрести в личном кабинете!&nbsp;</strong></span></span></span></p><p><span style=\"color: rgb(71, 85, 119);\"><span style=\"font-size: 18px;\"><span style=\"\"><strong>Покупка билета доступна через личный кабинет. Список участников формируется на основе этих оплат. Для тех кто оплатил иными способами, хочет оплатить сразу на форуме или в форуме хотят участвовать не партнеры компании, просьба сообщить о своем участии в отдел маркетинга, для того чтобы ваш билет был забронирован. <br></strong></span></span></span></p><p><span style=\"color: rgb(71, 85, 119);\"><span style=\"font-size: 18px;\"><span style=\"\"><strong>Каждый участник бизнес форума получает подарок!<br>Внимание! Количество билетов ограничено!</strong></span></span></span></p><p><span style=\" font-size: 18px; color: rgb(71, 85, 119);\"><strong>По вопросам приобретения билетов обращайтесь в отдел маркетинга:</strong><br>+7 747 2555 038, marketing@ip-one.net &nbsp;Жалиева Саида</span></p><p><img src=\"https://localhost/ip/public/storage/images/yB4OEgw4dl38haAGRs0I2CTlidvz0JrFGrnBcoFX.jpeg\" style=\"width: 100%;\" class=\"fr-fic fr-dib\"></p><p><img src=\"https://localhost/ip/public/storage/images/fvtfkPRU8ZGZMQVQFFbzIIwUW6d7R33LH6JjF156.jpeg\" style=\"width: 100%;\" class=\"fr-fic fr-dib\"></p><p><img src=\"https://localhost/ip/public/storage/images/g2PxMEBc1Gw8HtiSyZSGc7bbWQovnEcYyhRXBEAF.jpeg\" style=\"width: 100%;\" class=\"fr-fic fr-dib\"></p><p><img src=\"https://localhost/ip/public/storage/images/7bK6uFp9ODPvBSHnugbgDySOSmeFZPA0gg38Lu97.png\" style=\"width: 100%;\" class=\"fr-fic fr-dib\"></p><p><br></p>', '2019-02-28 00:02:34', '2019-02-28 00:02:34', NULL, 0),
(20, 'снегопад цен В ДЕКАБРЕ', '2018-12-01', 'posts/zePBsYIqwMIOJezpTw5lRkTLPcYMHf0JLLGTr2zU.jpeg', 'НАБОРЫ СО СКИДКОЙ 30%', '<p style=\"text-align: center;\"><span style=\" font-size: 14px; color: rgb(71, 85, 119);\">Уважаемые партнёры!</span></p><p><span style=\"color: rgb(71, 85, 119);\"><span style=\"font-size: 14px;\"><span style=\"\">&nbsp;В преддверии Нового года мы объявляем праздничную акцию &quot;Снегопад цен&quot; и предлагаем вам купить подарочные наборы со скидкой 30%!!!</span></span></span></p><ul><li style=\"text-align: center;\"><br><ul><li style=\"text-align: left;\"><span style=\"color: rgb(71, 85, 119);\"><strong><u>1. Акция &quot;Снегопад цен&quot;. Подарочные наборы со скидкой 30%</u></strong><br><strong>Новогодний набор №1:</strong> &nbsp;</span></li><li style=\"text-align: left;\"><span style=\"color: rgb(71, 85, 119);\">&nbsp;Water for life - 2 шт</span></li><li style=\"text-align: left;\"><span style=\"color: rgb(71, 85, 119);\">&nbsp;БТК G-Bio - 1 шт</span></li><li style=\"text-align: left;\"><span style=\"color: rgb(71, 85, 119);\">Absolute Energy - 1 шт&nbsp;</span></li><li style=\"text-align: left;\"><span style=\"color: rgb(71, 85, 119);\">Цена набора - 147 у.е. Количество баллов - 50<br></span></li><li style=\"text-align: left;\"><span style=\"color: rgb(71, 85, 119);\"><br></span></li><li style=\"text-align: left;\"><span style=\"color: rgb(71, 85, 119);\"><strong>Новогодний набор №2:</strong></span></li><li style=\"text-align: left;\"><span style=\"color: rgb(71, 85, 119);\">Water for life - 2 шт</span></li><li style=\"text-align: left;\"><span style=\"color: rgb(71, 85, 119);\">БТК G-Bio - 1 шт</span></li><li style=\"text-align: left;\"><span style=\"color: rgb(71, 85, 119);\">Clear space- 1 шт</span></li><li style=\"text-align: left;\"><span style=\"color: rgb(71, 85, 119);\">Цена набора - 147 у.е. Количество баллов - 50</span></li><li style=\"text-align: left;\"><span style=\"color: rgb(71, 85, 119);\"><br><strong>Новогодний набор №3:</strong></span></li><li style=\"text-align: left;\"><span style=\"color: rgb(71, 85, 119);\">Water for life - 2 шт</span></li><li style=\"text-align: left;\"><span style=\"color: rgb(71, 85, 119);\">БТК G-Bio - 1 шт</span></li><li style=\"text-align: left;\"><span style=\"color: rgb(71, 85, 119);\">ДГК ALFA- 1 шт</span></li><li style=\"text-align: left;\"><span style=\"color: rgb(71, 85, 119);\">Цена набора - 147 у.е. Количество баллов - 50</span></li><li style=\"text-align: left;\"><span style=\"color: rgb(71, 85, 119);\"><br><strong>Новогодний набор №4:</strong></span></li><li style=\"text-align: left;\"><span style=\"color: rgb(71, 85, 119);\">Water for life - 2 шт</span></li><li style=\"text-align: left;\"><span style=\"color: rgb(71, 85, 119);\">БТК G-Bio - 1 шт</span></li><li style=\"text-align: left;\"><span style=\"color: rgb(71, 85, 119);\">Absolute Energy - 1 шт</span></li><li style=\"text-align: left;\"><span style=\"color: rgb(71, 85, 119);\">Clear space- 1 шт</span></li><li style=\"text-align: left;\"><span style=\"color: rgb(71, 85, 119);\">ДГК ALFA- 1 шт</span></li><li style=\"text-align: left;\"><span style=\"color: rgb(71, 85, 119);\">Бутылка с логотипом - 1 шт</span></li><li style=\"text-align: left;\"><span style=\"color: rgb(71, 85, 119);\">Цена набора - 270 у.е. Количество баллов - 100</span><ul><li><span style=\"color: rgb(71, 85, 119);\"><span style=\"font-size: 18px;\"><span style=\"\"><br></span></span></span></li><li><span style=\"color: rgb(71, 85, 119);\"><span style=\"font-size: 18px;\"><span style=\"\"><strong>Спешите! Период действия акции с 01 по 31 декабря включительно!</strong></span></span></span></li></ul></li></ul></li><li><span style=\"color: rgb(71, 85, 119);\"><br><strong><u>2. Акция &quot;Пятигранная пирамида в подарок&quot;</u></strong></span></li></ul><div><span style=\"color: rgb(71, 85, 119);\">При единовременном заказе любой продукции на 150 баллов в подарок получаете пятигранную пирамиду Clear Space в подарок! &nbsp; &nbsp;</span></div><div><span style=\"color: rgb(71, 85, 119);\">Количество заказов не ограниченно!</span></div><div><span style=\"color: rgb(71, 85, 119);\">Выдача подарков по итогам акции начнется в конце января 2019 года. &nbsp;&nbsp;</span></div><div><span style=\"color: rgb(71, 85, 119);\"><strong>Внимание! Заказ на 150 баллов должен быть единовременным!</strong></span></div><p><span style=\"color: rgb(71, 85, 119);\"><strong>Период действия акции с 01 по 31 декабря включительно!<br></strong></span></p><ul><li><span style=\"color: rgb(71, 85, 119);\"><span style=\"font-size: 14px;\"><span style=\"\"><em>Пусть новый год будет полон радостных ожиданий и сбывшихся надежд, позитивных событий и весёлых приключений, новых знакомств и достижений!&nbsp;</em></span></span></span></li></ul><p><em><span style=\" font-size: 14px; color: rgb(71, 85, 119);\">С уважением, Администрация &quot;IMAGINE PEOPLE&quot;</span></em><strong><br></strong></p>', '2019-02-28 00:02:34', '2019-02-28 00:02:34', NULL, 0),
(21, 'центр обучения для партнеров и новичков в г.Москва', '2018-11-23', 'posts/U7bzfgfmRtCpXcfz8oWgkzqraxHeeQ6tLDjYvm8I.jpeg', 'школа \"VICTORY ВМЕСТЕ\" в г.Москва ждет вас каждую среду в 17:00', '<p style=\"text-align: center;\"><span style=\"color: rgb(71, 85, 119); \"><br>УВАЖАЕМЫЕ ПАРТНЕРЫ!</span></p><p><span style=\"\"><span style=\"color: rgb(71, 85, 119);\">Рады Вам сообщить, что партнерами компании &quot;IMAGINE PEOPLE&quot; был открыт центр обучения для партнеров и новичков в г.Москва. 14 ноября прошла вторая встреча в &nbsp;школе &quot;VICTORY ВМЕСТЕ&quot;. Первая презентация собрала команду единомышленнков в теплом зале, где о продукте рассказывали &nbsp;- Уражевская Елена (Региональный директор), Тамара Лебединская (Директор) и &nbsp;Ирина Нуждина-Щербакова (Региональный директор и член Консультативного совета). Все новички и партнеры получили много полезной информации о продуктах и компании, зарегистрировались для создания личного кабинета, так же было приобретено несколько билетов на бизнес-форум в г.Москва. который пройдет 15-16 декабря. Прекрасный результат! Школа ждет вас каждую среду к 17-00 (без опазданий) по адресу: г.Москва, библиотека №2, уг.ул. 4-ой Тверкой-Ямской и Чаянова</span></span></p><p><img src=\"https://localhost/ip/public/storage/images/GHuSh3KbDbiFwieWmLVMi4YT1xk4LIwxPMgJs32R.jpeg\" style=\"width: 100%;\" class=\"fr-fic fr-dib\"></p><p><img src=\"https://localhost/ip/public/storage/images/flV3FuXuPBabRDWkRbNQP6ArhLPIZIv6NxZSfmAp.jpeg\" style=\"width: 100%;\" class=\"fr-fic fr-dib\"></p><p>Отзыв о презентации от Евгения Облезова, заслуженного фото-художника России, менеджера нашей компании</p><p><span class=\"fr-video fr-fvc fr-dvi fr-draggable\" contenteditable=\"false\"><iframe src=\"https://www.youtube.com/embed/HD_G5NVsG2I\" allowfullscreen=\"\" class=\"fr-draggable\" width=\"100%\" height=\"600\" frameborder=\"0\"></iframe></span><br>&nbsp; &nbsp;<img src=\"https://localhost/ip/public/storage/images/GKb2hIWoZAzoVlu40q1MaDXZMYpNI6ygwJL52XDi.png\" style=\"width: 100%;\" class=\"fr-fic fr-dib\"></p><p><span style=\"\"><span style=\"color: rgb(71, 85, 119);\">С Уважением,&nbsp;</span></span></p><p><span style=\"color: rgb(71, 85, 119); \">Администрация &quot;IMAGINE PEOPLE&quot;</span></p>', '2019-02-28 00:02:34', '2019-02-28 00:02:34', NULL, 0),
(22, 'Праздничные и выходные дни в Казахстане', '2019-03-20', 'news/March2019/BLWGmAg0qLAJJw2w07p3.jpg', 'Близится национальный праздник Наурыз. Законодательством Республики Казахстан предусмотрены официальные выходные для празднования. Так, официальными выходными днями являются дни с 21 по 25 марта. Но чтобы не приостанавливать работу компании Центральный офис будет работать по следующему графику:', '<p style=\"text-align: center;\">Дорогие друзья!</p>\r\n<p>Близится национальный праздник Наурыз. Казахстан встречает его с особым трепетом, сохраняя и продолжая традиции предков. Праздник Наурыз знаменует о начале года по солнечному календарю. Восточный Новый Год начинается с весеннего равноденствия, когда день становится длиннее ночи, а природа пробуждается и расцветает. Законодательством Республики Казахстан предусмотрены официальные выходные для празднования. <strong>Так, официальными выходными днями являются дни с 21 по 25 марта.</strong> Но чтобы не приостанавливать работу компании Центральный офис будет работать по следующему графику:</p>\r\n<p>21 марта - полный рабочий день</p>\r\n<p>22 марта - выходной день</p>\r\n<p>23 марта - короткий рабочий день до 15:00</p>\r\n<p>24 марта - выходной день</p>\r\n<p>25 марта - полный рабочий день</p>\r\n<p>с 26 марта - работаем в обычном режиме</p>\r\n<p>Всех с наступающим Наурызом!!! Наурыз құтты болсын!</p>\r\n<p>С уважением администрация \"IMAGINE PEOPLE\"</p>\r\n<p>&nbsp;</p>', '2019-03-20 11:54:47', '2019-03-20 11:57:44', NULL, 0),
(23, 'Фотоотчет с форума. г. Москва. 16 марта 2019г.', '2019-03-26', 'news/March2019/SH8DQ70K8mKp8ar70qYJ.JPEG', 'Уважаемые партнеры! Хотим поделиться с вами впечатлениями о прошедшем 16 марта форуме \"Абсолютная Энергия\" в г. Москва.', '<div>Уважаемые партнеры!</div>\r\n<div>Хотим поделиться с вами впечатлениями о прошедшем 16 марта форуме \"Абсолютная Энергия\" в г. Москва от имени его организатора,&nbsp; участника Консультативного Совета Нуждиной-Щербаковой Ирины:</div>\r\n<div>&nbsp;</div>\r\n<div><em>\"Форум \"Абсолютная Энергия\"&nbsp; в г.Москва прошел на одном дыхании! Прекрасный зал в гостинице \"Холидей Инн\" наполнился Энергией Созидания и Творчества, Знаний и Бизнес-идеями, яркими выступлениями спикеров: Арутюновой Татьяны (г.Москва), Хасановой Гульфии (г.Казань),Курляндской Ирины (г.Великий Устюг), Лютиной Ирины (г.Иркутск), Амирова Искандера (г.Уфа), Попова Дмитрия (г.Новосибирск), Татьяны Волчинской (г.Москва), Антохиной Инны (г.Москва), Алчиной Оксаны (г.Санкт-Петербург), Денежной Александры (Крым), Уражевской Елены (г.Москва), Кондратьевой Светланы (г.Уфа). Все лидеры в ранге Региональный Директор, дали заряд всем партнерам, приехавшим из многих городов на Форум: Санкт-Петербург, Москва, Иркутск, Ишимбай, Уфа, Краснодар, Великий Устюг, Нижний Новгород, Стерлитамак, Салават, Тверь, Ижевск, Крым, Новосибирск и из других городов далеких и близких! Прошли выступления участников Консультативного Совета Нуждиной-Щербаковой Ирины, которая&nbsp; дала понимание правильной подачи и позиционирования нашего Продукта, как единой системы для Долголетия и фактор увеличения товарооборота, выступление&nbsp; Горбуновых Регины и Александра&nbsp; с темой \"Как заработать в регионе 100 000 руб имея шоу-рум. Доходы от 300 000 руб и выше в крупном городе. Стратегия успешного бизнеса, основанного на двух аспектах: работа с командой и работа шоу-рума\", еще раз продемонстрировали возможность для правильного и быстрого старта и хорошего заработка! Конечно же Топ-лидер Татьяна Воинцева с представлением Новых продуктов и их преимуществах воодушевила всех коммерческими возможностями, которые нам представляют новинки!!! И самый главный сюрприз Форума - приезд одного из основателей компании Вячеслава Терентьева, поднял значимость нашего мероприятияю. Вячеслав поделился с нами своими проверенными, прожитыми секретами успеха в нашем бизнесе, показал видение компании на рынке МЛМ и воодушевил каждого партнера на развитие и успех!!! Огромная Благодарность за знание, сердечность, опыт и энергию!</em></div>\r\n<div><em>Второй и третий день Форума провела Топ-лидер компании, Международный директор, Участник Консультативного совета - Татьяна Воинцева! Глубинные знания преимуществ нашей Продукции и Бизнеса позволят каждому партнеру стать более компетентным и уверенным в том, что он занимается нужным делом! Благодарность Эльмире Молдобаевой за ее неутомимость во Благо процветания Компании!!! И наступила Торжественная часть-Признание партнерам : дипломы и призы по разным номинациям! Все МОЛОДЦЫ!!!</em></div>\r\n<div><em>в завершении 3-х дневного глобального марафона, мы за дружеской беседой провели время в кафе, немного уставшие, но вдохновленные, с чувством хорошо выполненной работы, разъехались по домам с мыслями о новых Форумах и подготовке к главному форуму Компании в июне в Санкт-Петербурге!\"</em></div>\r\n<div>&nbsp;</div>\r\n<div>&nbsp;</div>\r\n<div>С уважением, администрация \"IMAGINE PEOPLE\"&nbsp;</div>\r\n<p><img style=\"float: left;\" src=\"http://test3.ip-one.net/storage/news/March2019/МФ3.jpg\" width=\"686\" height=\"915\" /><img style=\"float: right;\" src=\"http://test3.ip-one.net/storage/news/March2019/МФ4.jpg\" width=\"687\" height=\"915\" /></p>\r\n<p>&nbsp;</p>\r\n<p>&nbsp;</p>\r\n<p>&nbsp;</p>\r\n<p>&nbsp;</p>\r\n<p>&nbsp;</p>\r\n<p>&nbsp;</p>\r\n<p><img style=\"display: block; margin-left: auto; margin-right: auto;\" src=\"http://test3.ip-one.net/storage/news/March2019/МФ52.jpg\" alt=\"\" width=\"1024\" height=\"768\" /></p>\r\n<p><img style=\"display: block; margin-left: auto; margin-right: auto;\" src=\"http://test3.ip-one.net/storage/news/March2019/МФ61.jpg\" alt=\"\" width=\"1024\" height=\"768\" /></p>\r\n<p><img style=\"display: block; margin-left: auto; margin-right: auto;\" src=\"http://test3.ip-one.net/storage/news/March2019/МФ71.jpg\" alt=\"\" width=\"1280\" height=\"960\" /></p>\r\n<p><img style=\"display: block; margin-left: auto; margin-right: auto;\" src=\"http://test3.ip-one.net/storage/news/March2019/МФ82.jpg\" alt=\"\" width=\"960\" height=\"1280\" /></p>\r\n<p><img style=\"display: block; margin-left: auto; margin-right: auto;\" src=\"http://test3.ip-one.net/storage/news/March2019/МФ711.jpg\" alt=\"\" width=\"1024\" height=\"768\" /></p>\r\n<p><img style=\"display: block; margin-left: auto; margin-right: auto;\" src=\"http://test3.ip-one.net/storage/news/March2019/МФ811.jpg\" alt=\"\" width=\"1024\" height=\"768\" /></p>\r\n<p><img style=\"display: block; margin-left: auto; margin-right: auto;\" src=\"http://test3.ip-one.net/storage/news/March2019/МФ98.jpg\" alt=\"\" width=\"1024\" height=\"768\" /></p>\r\n<p><img style=\"display: block; margin-left: auto; margin-right: auto;\" src=\"http://test3.ip-one.net/storage/news/March2019/МФТр17.jpg\" alt=\"\" width=\"1024\" height=\"768\" /></p>\r\n<p><img style=\"display: block; margin-left: auto; margin-right: auto;\" src=\"http://test3.ip-one.net/storage/news/March2019/Награды Ф 161.jpg\" alt=\"\" width=\"1280\" height=\"960\" /></p>\r\n<p><img style=\"display: block; margin-left: auto; margin-right: auto;\" src=\"http://test3.ip-one.net/storage/news/March2019/МФ18-1.jpg\" alt=\"\" width=\"1024\" height=\"768\" /></p>\r\n<p>&nbsp;</p>\r\n<p>&nbsp;</p>\r\n<p>&nbsp;</p>', '2019-03-26 10:54:47', '2019-03-26 11:26:42', NULL, 1),
(24, 'Региональный бизнес-форум в г.Саратов', '2019-03-26', 'news/March2019/17bHVljeospSZG3sDA03.png', 'Дорогие партнеры! С радостью сообщаем Вам, что 6-7 апреля в г.Саратов стартует второй региональный бизнес-форум \"Абсолютная энергия\"! Гостями форму будут партнеры из разных городов', '<p>Дорогие партнеры! С радостью сообщаем Вам, что 6-7 апреля в г.Саратов стартует второй региональный бизнес-форум \"Абсолютная энергия\"! Гостями форму будут партнеры из разных городов: Санкт-Петербург, Москва, Энгельс, Новоузенск, Ершов, Дергачи, Красноармейск, Лысые горы, Аткарск, Балаково, Балашов. Участники форума проведут два дня среди единомышленников, которые изменят жизнь каждого. Вас ждет презентация новых продуктов, углубленные знания о преимуществах бизнеса в компании. Вы напитаетесь абсолютной энергией успеха, услышите приветствие сооснователя компании Вячеслава Терентьева. Во второй день форума вас ждет обучение от топ-лидера, международного директора Татьяны Воинцевой. Так же услышите выступления других лидеров компании: Халепо Елены, Литвиненко Виталия, Лавданской Анны и многих других. Они расскажут о возможностях и перспективах развития компании, о наших фантастических продуктах, поделятся опытом постороения международного бизнеса, вы узнаете как заработать первые 100 000 рублей, первый 1 000 000, как построить эффективную структуру, как открыть успешный шоу-рум. Самых активных партнеров ждет признание по результатам проделанной работы. </p>\r\n<p>Команда первых вместе к победе!</p>\r\n<p>Форум пройдет по адресу: <span class=\"js-extracted-address js-extracted-highlighted-address mail-Message-Map-Link\" data-address=\"г Саратов ул Большая Садовая 239\" data-address-query=\"город саратов улица большая садовая 239\" data-ids=\"168603511049692857\">г Саратов ул Большая Садовая <span class=\"mail-Message-Map-NoBreak\">239</span></span>, ДЦ &laquo;Навигатор&raquo;, конференц зал, офис 605<br /><br />Стоимость билета - 6 апреля-100рублей, 7 апреля-200рублей<br /><br />ЕЩЕ ЕСТЬ ВРЕМЯ ПРИВЕЗТИ БОЛЬШУЮ КОМАНДУ НА ФОРУМ!</p>\r\n<p><br />Ждем тебя! Команда первых! Вместе к победе!<br /><br />Оплатить можно в Шоу-Руме <span class=\"js-extracted-address js-extracted-highlighted-address mail-Message-Map-Link\" data-address=\"Саратова, ул.Большая Горная, 359В, офис\" data-address-query=\"саратов улица большая горная 359В, офис\" data-ids=\"168603511049692857\">Саратова, ул.Большая Горная, 359В, <span class=\"mail-Message-Map-NoBreak\">офис</span></span> № 3: Халепо Елена <span class=\"wmi-callto\">89030459777</span>, так же можно преобрести билет у лидеров: Литвиненко Виталия <span class=\"wmi-callto\">8 927 2260472</span> ; Новоузенск: Лавданской Анны <span class=\"wmi-callto\">8 905 3858402</span>, Ермолаевой Ирины <span class=\"wmi-callto\">8 927 9171677</span>; Энгельс: Толстая Венера <span class=\"wmi-callto\">8 927 2218414</span><br /><br />Партнеры из других городов могут перечислить на карту Альфабанка: Халепо Елене Витальевне- <span class=\"wmi-callto\">4261 0126 3923 6588. </span>В комментариях к оплате НИЧЕГО НЕ ПИШЕМ.<br />Обязательно отпишитесь (смс, WhatsApp, Viber) когда сделаете перевод</p>\r\n<p>ВНИМАНИЕ! Подготовка к Форуму в Саратове, а Признание по номинациям:</p>\r\n<p>5 И БОЛЕЕ ЛИЧНО -приглашенных партнеров с 01 марта по 5 апреля 2019 года, РАНГ Менеджер, Директор, Региональный Директор,закрытые с 01 марта по 05 апреля 2019 года, ЛУЧШИЙ Наставник ! К нам приедут партнеры из Регионов!!! ТОРОПИТЕСЬ скорее купить ВАШ БИЛЕТ на Грандиозное мероприятие!!!</p>\r\n<p>7 АПРЕЛЯ пройдет закрытый тренинг от топ-лидера компании Татьяны Воинцевой ДЛЯ ПАРТНЕРОВ , закрывших Ранг Менеджер и выше с 01 марта по 5 апреля 2019 года! Ваш Билет Ждет ВАС!!!</p>\r\n<p>&nbsp;</p>\r\n<div>&nbsp;</div>\r\n<div>&nbsp;</div>', '2019-03-26 12:02:18', '2019-03-26 12:02:18', NULL, 1);
INSERT INTO `news` (`id`, `title`, `date`, `img`, `mini_description`, `text`, `created_at`, `updated_at`, `deleted_at`, `is_event`) VALUES
(25, 'Региональная конференция в г.Минск', '2019-03-25', 'news/March2019/Tw2VnCi0ysvNJY25wyhy.jpg', 'Приглашаем Вас 30 марта 2019 г. посетить Региональную Конференцияю компании IMAGINE PEOPLE \"Вода для жизни\" в городе Минск! Специально приглашенная гостья из Украины , ТОП - лидер компании IMAGINE PEOPLE в ранге Международный Директор, член консультативного совета, врач - инфекционист по образовнию, спикер - профессионал компании ГАЛИНА БОДАРАЦКАЯ, даст эксклюзивную информацию о компании! ', '<p style=\"text-align: center;\">Уважаемые партнеры!</p>\n<p>Приглашаем Вас 30 марта 2019 г. посетить Региональную Конференцияю компании IMAGINE PEOPLE \"Вода для жизни\" в городе Минск! Специально приглашенная гостья из Украины , ТОП - лидер компании IMAGINE PEOPLE в ранге Международный Директор, член консультативного совета, врач - инфекционист по образовнию, спикер - профессионал компании ГАЛИНА БОДАРАЦКАЯ, даст эксклюзивную информацию о компании!&nbsp;</p>\n<p>В программе: Продукты компании - источник неиссякаемой энергии , продлевающие молодость и долголетие;</p>\n<p>Уникальные отзывы и результаты;</p>\n<p>Бизнес возможности компании.</p>\n<p>Вас ожидает : дегустация \"живой биогенной воды\"</p>\n<p>Розыгрыш продуктов компании</p>\n<p>Дата: 30 марта 2019 г</p>\n<p>Адрес: г. МИНСК, улица Богдана Хмельницкого, 10а, Дом Прессы, 2-ой этаж, актовый зал. (недалеко от метро Академия Наук).</p>\n<p>Регистрация с 14:00 Начало мероприятия с 14:30 - 18:00</p>\n<p>Стоимость участия 5 белорусских рублей.</p>\n<p>Информация по тел. <a class=\"daria-goto-anchor\" dir=\"ltr\" href=\"tel:+375297527778\" target=\"_blank\" rel=\"noopener noreferrer\">+375297527778</a> Игорь,&nbsp; <a class=\"daria-goto-anchor\" dir=\"ltr\" href=\"tel:+375297180697\" target=\"_blank\" rel=\"noopener noreferrer\">+375297180697</a> Людмила, <a class=\"daria-goto-anchor\" dir=\"ltr\" href=\"tel:+375297771022\" target=\"_blank\" rel=\"noopener noreferrer\">+375297771022</a> Алла</p>\n<p>&nbsp;</p>\n<p>С уважением, Администраия \"IMAGINE PEOPLE\"</p>\n<p><img style=\"display: block; margin-left: auto; margin-right: auto;\" src=\"data:image/jpeg;base64,/9j/4AAQSkZJRgABAQEAYABgAAD/2wBDAAMCAgMCAgMDAwMEAwMEBQgFBQQEBQoHBwYIDAoMDAsKCwsNDhIQDQ4RDgsLEBYQERMUFRUVDA8XGBYUGBIUFRT/2wBDAQMEBAUEBQkFBQkUDQsNFBQUFBQUFBQUFBQUFBQUFBQUFBQUFBQUFBQUFBQUFBQUFBQUFBQUFBQUFBQUFBQUFBT/wAARCAFNAfQDASIAAhEBAxEB/8QAHwAAAQUBAQEBAQEAAAAAAAAAAAECAwQFBgcICQoL/8QAtRAAAgEDAwIEAwUFBAQAAAF9AQIDAAQRBRIhMUEGE1FhByJxFDKBkaEII0KxwRVS0fAkM2JyggkKFhcYGRolJicoKSo0NTY3ODk6Q0RFRkdISUpTVFVWV1hZWmNkZWZnaGlqc3R1dnd4eXqDhIWGh4iJipKTlJWWl5iZmqKjpKWmp6ipqrKztLW2t7i5usLDxMXGx8jJytLT1NXW19jZ2uHi4+Tl5ufo6erx8vP09fb3+Pn6/8QAHwEAAwEBAQEBAQEBAQAAAAAAAAECAwQFBgcICQoL/8QAtREAAgECBAQDBAcFBAQAAQJ3AAECAxEEBSExBhJBUQdhcRMiMoEIFEKRobHBCSMzUvAVYnLRChYkNOEl8RcYGRomJygpKjU2Nzg5OkNERUZHSElKU1RVVldYWVpjZGVmZ2hpanN0dXZ3eHl6goOEhYaHiImKkpOUlZaXmJmaoqOkpaanqKmqsrO0tba3uLm6wsPExcbHyMnK0tPU1dbX2Nna4uPk5ebn6Onq8vP09fb3+Pn6/9oADAMBAAIRAxEAPwD7AjjGymhd1Pj+VeKR/wD0GsiDm/EHw38N+KpG/tTRLO6Y/wDLRo9r/wDfQ2mvK/GX7HPhbWleTTLm40uVvmEcg85P/ZT+tfQEP3VNTzKGRapSlHZkuKlufD+rfsw/EPwTI0+hXjXkQO4NYz7m/wC+DtNUrb4rfEDwPMtt4g0trxE+U/aYSj/+yn/x6vubbuXGKiudNtNSt2gvLaK8gbgxzorr/wB8mtPaKStJXJ5LfCz5N0r45eFfFCLbapFJp0rDBjlTev8Aj/46atTfDHwp4kja70O+W3Z/v/2bONpb/aTp/wB9LXsHi79mXwN4uhlA07+ybg/N5lmfl/74PH8q8b1v9jHX9JeW48N6/E7L9xWdoX/2eu4f+PVKjC96cuVheVrSV0dL8NfAo8DreA3IumuSvzLCsXT/AGRxXb3Un7vtXzhqHiT4r/DG6WDV7Zri3hO0LdQ7lcf7/f8A3laum039o7SL5Ej1Wwu9Ln/i4WVP++qyqUasnzvUqFSC91aHsdvDukix/wA9F/8AQq+RPhL/AKZ+0lpEu/O3W5ZT+Du//stfSml+LNO8SWuNL1dGdxw0DhZU/wCAn/4mvMdP+Ft74D8dQeJdLtodXeCSRxFI7W7vvR1+bCsM/Pu+6KrDSVKXv6Cqx50nE4S3Z7q3ckltqbj+NfU+iK9no9gnHyW8a/8Aji182afotxY74Lm2urd32RDzYW27v98bh/49X02lv9njijQhtqKv/jtdeY1IztyM5cHCVO/MrF6G6DceXtbvtrl/E3xA0zwf4gSwvzKqTQrN5qx70GWZdrY5H3a348xzYx2218x/tNa1c6f8TLIW+VX+zY/u/L82968ujD2k0jvqS5FdH0lpviLTNat1lsruK4Rv4onVsVpr80fHzV87fELRbaHx/rf9nxtp0tvPxJZu0TD5F9P9qva/BK3Eng/SJZZ2uJ3tUaSSQ7mLbfvNXVXwzoJSuYUa6qtqxpfIs7ZG3iua1rwDJdXn9o6XqMtleKd/lS/vrctu3fcPTcy/wMK6ORjsY/xYpLW+FwzIjr5ifK8eelcsZyg7xZu0pKzR5X/whviC48TQXF/ZRM0l150k9rJ+63b97fKeR+teqvbleR1arysG6imtHt/9CrapiJ1WnMzp0o078qOZ8YSOvhnVP+vd8/8AfNeYX9jbXnwusJJ4I5X/ALYuF8xh84/0eL+LrXr/AIk02XWNEvLS2eKC4mjZA04Zl5+nNeT61DeaL4Pi0bUNLurWW31F7s3UY862KGJU++nI+Zf4gK9bA1qai4SepwYunOUlOKO0+ESvD4NiEjyT7J5kDSOzNtDfKtdr5cdxbtHLAs6P8pjkXcprl/hVCJPCO9HEqPdTMjRlWVl3L/EK7KFfl6GuCs/3jsd1K/IrnK2/hnTpmlk8P6i2lujsrxW5WW33j7ytEeB/wHFSvfavo/z6jpf223X/AJetK3Pj/aaE/OP+A764O+0NLjxZ4znguLmwurOC4uoZ7V9jhxKn3vUbXb5a6P4S+KNY1SbVLLWLuO9+zCNoZ1j2OVO773b+Guqph6lOHO3daHNDEQqS5dmXrzw/4S+ITtcCOKW4jG0XVnI0VxC3+8OR/utXNah8NfEOj5fTryHxBar83kXW23uf91XHyP8A8CUf71eiar4P0rWn+1z2/lXy9Ly3doZh/wADHzf99VUXTfEehr/o1zF4htf+eV1thuR/uuPkf/gSj/eq8PjatB/u5W8ia2Fp1lacbnkyatFHeLZ3sc2l3va1vk8pz/useH/4CxrUWOux1bXtH15E0vV7b7HLKf8Ajx1WFU3/AO7n5H/4CxrEb4Xzw7z4f1M2oXpp+obpof8AdVvvp/wFiP8AZr6bD52n7teNvM+fr5RrekzLWOnrHVW8uLzQWxrmmTacq/KbqP8AfW3/AH2On/A1FXreSO4hSWKRZYn+ZJI23Kf90ivo6WIp1lzU5XPAqYepRdpqwKtKq1KsfenKtdNzBjUWpFWlVakVflqSBqR1Kq+tOVaeq0DsNValRaFWpVWlcdtQRalVaFWpFWi40CLT0WhVp6rSKHKtSqvtQtPVaChyLUqrTVWpFWoAVV9qkVaFX5aeq0m7ANValVaRVqVVrNjBVp6qKF7U9Vqbl2BVqRVo209VqbjG07bT9vtTttFxkW2jbU/l0KtSNK5Dt9moqfb7UUrlXR28fy07y/vUzd81WFX5a/L7n6NcEXj/AHanX7lR7dq05/urzUiGovzVL93bSR09VoHcenzbqF+VWBHy0J8tOdfujNMZUureO4heKWNZYn6xyDKn/gJrzzxJ+z34H8Vbnn0dbKV/+WtifK/8d6f+O16S/wB2nQqFTmhScdmS7Pc+UPE/7FdzbyS3HhjXAr/eEc+6J/8Avobh/KuOvLP4s/C1cahYzX9nH8vmTx+ahX/fG4f+PV9xooXj8qft/d9A27qtae0v8SuZ+zV7rQ+J9E+P2nqzJrmmXGmynrPANyV6N4d8eeH/ABFsTT9Xtp5W6Rs+1/8Avk1634m+EPhDxRvOoaFatIw5ngTyn/76SvH/ABZ+xjp00jXHhvV2s5fvJHcj/wBnT/4mpdOlPbQpOpHzOuhYqy7kK7q+a/2jvCuqax45TWIraQWC2sdv5kg+UsN25t3T+L+LFdRc+C/jB8J9zwRzatp0X/bzFt/Ddj/vkVa0n9oazkZbXxPok2nS/deW2G+L/gSnp/30aUKc6L546jlKNRcstCv4k8rVPH/iq7tpFurOWd3hniO9HXcu1lYcGvYPCSiHwfpIxtb7Kn/oNcJp9r4C8VXP2jTL+GC6k6rbTNbSn/gPy5/WvQraNbWxigjTbFCioi/7NaYnEe3Si1ZozoUfZNtO4PGWVh7V59deExrnxW8iK4udLa42757OTa+4Q7vofmWvQ45Nzsme26qGhwi4+JFncIQ6sWXzF+ZdwhbctXgVFyakuhnjJOMVbueW+HfiN4lsdV06zu5bfVLW4mjhMksflTIrtt3ccGvQZPil4b0+8+yXOqwo6uyPuB2owb5tzbcV5vHY/wDE70nbhW+0Q4b/AIGtec+PreT+2NSEcR+W5kyrfN829q6MRhaftLR00ObD4mcoXlrqfTfgnxRH42vEggt9vnQtLHIr7l2j+FvSug+z/Nx91hXh/wAHPEmkSQ2EWom4ZLW1a3eSOFtySBdwZWHI2966K2+JHiTw3o9lqWpafDrNhdPJEGtnWKYNHs3fL0P319K4XQlK/s0d3toxtzux6rbxx28exIxEv3tqjatPt5Nyt061z/hPxlaeNNH/ALQsoLiCLzDEY7lNjoV+8v8A49W3bKdzVz6xdmdF01dHkcmpW8Pi7xkL3OlveWN0sEN8PKaViyMqox4fdt/hY1f+EUe3XtSBH3reNv8Ax416hdabZ6tbNHd28UyfxRyorqf+AmsbQ/B+meEbqeXTomiWbavl+YzIi/7KnoP92vSljfaUvZyXY4I4RQqKombMbfOoxtryy1k1jTX8QXOkau1v9gmVvsd0POt33zMn1T/gNesIybv7rV5npM0GoXHjpLeVZ18tW+U/Nxcp95eo+9/FWmBjCo2pixUpRScTV8P6w3xA8PXaaxplqrwzvDJAv72IsMNuXP8AvUlv4Tm0nY+ianNpy/8APrc7ri2/4Cpben/AWo+GlvttdeAHy/a1b84krU8Qx3cfh/VPshZbpbd2hZTtYOF+XntWFT3ajhDudFP3qakyjNrF/pq51ewaKJd266s83EI/3l27wP8AgJH+1WHJ4J0TXEl1HRrkaXcSHcbrSivku3+3F9w/98g/7VUtP8feI9J8P2ep6rZQ6pZyJI0nlOsNzDsfY27+B/0rsJvDNlqDLexxm1umCsLqzfypSv8AtMOD/wACzWv73DyUtn5EWp1423Rxd5pfiHQVzeaeNWtV/wCXrSgzOP8AehPzf98E0mn6laaojG0uFn2Ha6r99P8AZZTyD/vV2atrmlo2xI9bt167Stvcj/gP3H/8crntSbw94q1KKO9tza6v/B5oa2vU/wB1vlJ/4CxFe7h84qw0qq67nj4jKac9YOzIAvoKkVaifwvr+mtmyuY9ct8/6i8Kw3AX/ZlC4f8A4Eo/3qgh1y3W+WyvEl0u/b5Ra3yeUz/7jdH/AOAsa+jw+PoYjSL1Pna+ArUd1dGiq09Vpyr2xT1X5q9FO+xwco1VqVVoVakVaY7Aq09VpyrT1WgLAq09VpyrT1WgLAq1Iq0qrUirUDBV/wBmnrQq1Kq1DYBt+WnKtKq1Iq1IwVaeq05Vp6rUl2BVp6rQi1Kq1IxFWnqtPVakVaktIj207bUu2jbQVZDNtLt9qlVadtpN2KsReWPSipl6UUh6HTr8vep1k+WvHtB/aY8F6syi4uLrSJf7t1BuT/vpN1ekaL4q0rxBGsml6jaaijfN/o8yu3/fPWvy5p9T9BRvxtUn8X/Aapx3A34/iqfdzwaB2JUWpVx1qtG3vU6feoCxNSN97rTafQIZQzUjKVpVbdSsAq/dapos7VqBmqS3b/vmmArKNzcfe/hpjZVV/urUv3qa67V5plDI2+bP8VYniT4c+GvGEbDVdGtLt/8Anq0e1/8Avsc1tx/Lu/8AQasI3yUJtbCeu6Pnfxd+xn4e1LMuh6hc6TL94Ry/vU/76G0/zry/VfhP8XPhW/madd3OqaXH822B/tERX/aXqP8Avmvth/8AVimN93+7WqqO1pamfIumh8UaT8ermzfyvEOjS2sqjaZbb+9/u9q6rT9Q8JeKrlb3R9b/ALL1Rv8Al5sbhraUt/tY4P8AwKvpHWPBeh+KE8vVdKtL9f708K5/76615N4w/Y98Ka0z3Gj3Fzolx94Kp81B/wCgkf8AfVJezbuvdD3+upw9r8P9VtdYspX1GK9so5FlLSw7Zdobd8rJwf8Avmu01Tw3o+uIovbCKdUO4cbf/HlrzfVvgr8V/hjvn0PUG1mwT5tsB835f9qI8/8Ajpqlo/x41DS7z7H4s0KazZRtNzao24N/tRH/ANloqRqztJSv+Yo+zjdKNj0pvCekaPpeovp+n21pK1vIhkij+bBX5l3da4/xRCF+HOg/7N/eL/47DXQ2PjLw942smt7bWF/ffLtjmaGUf7tZGreB/EFxpcWmW2pW+o2EEz3EMV5H5Uu51VW/ep1+4v3lrrwWIjQbVTqzixmHlWalT7Gt8HVEfhW6H/T7J/6CtdxbfNuPNct8OtFvdF0Oa3vYVt53nd/L8xX/ALq/eH+7XV28fyNgV59eSlVbR6FGLjTimec33xiuNB8Z6zo8mlSaja2B3vJandKke1WZmQ9Qu7+Fq6bwx8RNA8aSuNLvQ9xGm+S2kRklRd23lTXLvD5nxK8URsPv6bcKf+/SN/7LVf4e6etv4+unACs+nPlvX96td9TCRVH2ietkzjjim6vsz1iOPctV9Y8F6P4oj339lFPOn3J/mSZPpKNrj/vqrVm21GzXKX/xMbw/rGo2d/o941hand/aFqnnKqfLy6jkfMyr3rzqcZt3hud8nGNuY0NE8Mp4TtryKKee6WaTzTJcurP93aq7gq52/wB5uaNUvIodKvZLl1iiWB2eST7o+Wp9H8ZaN4ut3l0jUIr5EHzrH95P9lgeRT+PT7tVzyjO8tw5VKNkec3Vmlx8O0ZCHicXmGU7lPyo3ymu90eRm0Wyf7ytBG3/AI4tZl/8OdHvHlniEmkyzBt8tjJ5Kn5fm3r9w/8AAhVDwz8QNDvFl0u2u2f7GUt0kkjZVkULt3K23GP97H/j1ejWrPERXKtjjo0Vh27vcg8Xahrtr4s0G20d4lgvg8UnnjdFv3fLu7/d/iWq+n6p/wAJl9q07W9HhimtURzGzrNE6vu2sjdR9361ua5Naf8ACUeHIJJY4rj7UjJHIdpPzp931/irI0m38nxdKPus9gm78JWWrVODoKa3D2klW5XsWhoeoabGv9kah8i7cWeobpYv+Av99P1H+zTrzWLS4t2tvFOlfZoHG12uUW4tj/tbx0/4GorS8QQ3cmg6ilkSl55D+Syvtw+35fm7VyWj+KPEOk2ug3Gqpa6jZ6r5cRniPlTQM7Mu1x0f7v3lxWEIzmnJI1lKEWosuSeCZLWNZ/DGp/6O3zJZ3jtcW5X/AGH++n/AWI/2alto7tY1F7bLa3S/fijm81R9D8taV/4Tjt3e60q4k0S6b5i1nt8p2/24j8h/Q/7VVdQh1ixjS5vLZdSRgpkudNDMw/2mhPP/AHyxr38tzBxnyVZ6eZ4uYYHmjz0oa+Q1VqRFqtp+pWmqRs9pcR3Codr+WfmRv7rL1H/AqvKtfXxnGSumfJuLi7Maq1Kq0KtSqtWQNValVaNtSqtACbaeq05Vp6rUt2AFWpVWmotSqtQAKtSKtKq1Ii1Ny1qNValWOhVqVFpFgi/LT1WnItPVak0Qm2nqtOVaeq0hxGqtO205Vp6rSuOwxVpVWpFWnbaLlDNv+zRUirx92ipDU/O6O8df4jV211KSGRZI3MTr0kjO1l/4FXOJcVYjuPevzS/Y++sj1fw98cvGPh/alvrtxPEv/LK82zD9ef8Ax6vS9B/a41GFVTV9Gtrxe8lnI0R/75bcK+ZkuKmS4FR6ofofbeg/tQeDNS2pdy3Wku3/AD9Qbl/76TdXo+g+NtE8SLnS9Ws7/d/DBOrN+XWvzkS6PrViHUHjk3oSrr0ZTtYUWC7R+mCzDdzndT0kO5q+AvD3xo8X+G8Cy8QXflL/AMsrl/OT/vl91eneHv2vNZtWVNV0q1v17yWztC//AHz8wqeV9BJ9z60bpTU+9mvH/D37U3gzWkSO8nutGnb/AJ+odyf99pur0bQfGGleJFV9O1O0v1b5v9GlD/8AjvWjbcrTobTqJGWnSex20QsJGYCmN96lcNSaNttOk+YYqJJAq4NS7vl5pgNSPtUyfdYEfdpsePmJ/ip/3VpgO4aoGWnr93NJu+frTsNq5HH8ztU6r2pqMF4xUiLTQ0NfpWRr3hnSPE0LRapp1rqMWP8Al5jD4/4F1FbLLUbLtXgUvQDw7xR+yf4O1xvMsPtWjXDfxQPvQf8AATz/AOPVwt3+z/8AEzwKzT+F/Ei6tbp0tZX+Yr/uPx/49X1Qn0p235fwq/aPrqS4rpofHv8AwuDxZ4NuWt/GHhCWJfume3R4m/75O4H/AIDXW+HfjJ4W8QOqRaotlcN/yyvB5Tf99dP/AB6vpN7WC8t2iuII54mG14pUV1P/AAE8V534o/Z18B+Knd59EWylf/lrp7eUw/4D0/8AHalxpy6WEuZdbnmuoeF9Vtdcutd0q4tdRe8t5IXgvPlUq6bNySp/s9Nymq/gfTdT/wCEse5v9Lm05VtGiLO6OjsXVvlYNz/wJRTtV/Zj8U+DZGn8CeKbjyv+fW5k2f8Ajp3If+BYrn7n4gePPh/IsXjHwtJLAPl+2RRsjH/a3DKGujmquHs1K6MPZ01NTasz2a3jPz4Nck1q02t+LU5/49Vbr/twt/7LWT4Z+PXg7VJfJl1P+y7hvl8rUEaL5v8Ae6fyrWvNH1yO6v8AWNAv7DVrW/i8qSC6Hy7fl/1U0f8Aur95TSwtRYebdTTSwYqnKvBKBjfDq1Sz8SeIwEC747dztH+yy129rHukx96uc8D6fqcesapd3+mNpzSQRxBWmSUOwZvukdv94CukW4i01Hu7mWOC3hRnmkkO1UQLuZm9ttZYiUZ1uaLvc0w8ZU6KjLc8v8bfFC4uPDc+myaPNpepXQWHzY5Uli2blV2Xv93+8v8AwKrPgfQ4LzxFpt/pVv8AYtN0pNu7G5pnK/dbPB3d6xv+EPfxJbxeILmRrVbm6eJLNo9riFERkZm7O27cV7fKOtd58OmMfg/TUx/q49n5M1dtaLw8FybHNSmq8/e3Rualp9prUL217aR3Vu/ymKdFZf8Avk1h2fg+w8P3bXNkblFZPKSCSdpYkX721M8gf7O7FauuXmoR20UmlxW89w0yq8dyWRSp+X5WHQ7qxrPxYbzWl0S90u70vUm3sFk2vE+z722UNg1yKM+XmWx2OcOblb1NuSYQ2FxI6M21Gz5aMzfd/hUVxWttZ3HgvSXs7iKf7LexsVjdWMf+kS/Kw6j5X/iru7FS0f8AtZ5pNV8K6drDpcXFnE1whVhPja//AH0Oa1o1/ZpprczqUfaNO465hMa5J+XP3aybmTXLFHNqbfUbN/m+zSfuZUX+6r9D/wACUf71blxG7Jyd3rSwqPLTj5awubnn9+2iatdKmowS6Xq2f3bXQa3m/wCAShvn/wCAsas/2Xremqxt549XgUbvKuv3Nxt/2ZR8j/8AAlH+9XY3mnwahG8E8UdxA3WKVNyn/gJrmX8J/wBmtnRL2bTf+nbPnW/+7sPT8GFejQxVSi/clY4q2Gp1Vacbhpt4b6Ni9pc2bodrxXMe1v8AgLdCP9pWNXVWmWrXjR4v0t1nU7d1s7Mjr/e55X/d5/3qsKtfeYaq6lKMpHw2IpxpVZQjsIq1Kq0KtSqu6ulyuco1VFSqtCrUqrUgNValVacq09VqbmgirUqrQq1Kq1NygVaeq05V4p6rUgNVal20bakVaC0NVaeq05etPVaVy7CKtO20qrT1WkUIq07bS7acq0m7AN20VJtorIo/MNWqdGqmjVKrV+aH39i8sn92pVkqirVKrfLTCxcWap0uKoK1PVqAsX1uPepVuKzd3vSrJTsFjWS6PrVi21SS1mWSKRopV6SRnaw/4FWKsxp6zUJk2PXfDH7RHjTw3sSLWZLyFf8AllqC+cv/AH0ef/Hq9U8PftjH92mt6AH9ZbGbb/44/wD8VXyitxUq3FL1A+9fD37R3gLXNofVW02Vv4b6FkX/AL6+Yf8Aj1ejafrVhrlusunXttexN/FbTK/8q/MlLwr0NXNP1y50+ZZba4lt5V6SQOyN/wB9Cqsug7n6cJJtbpUrSV8EeG/2kPHPh1VSPXJLyJf+WWoItwP++jz/AOPV6f4e/bMuNqRa3oEUq95dPm2N/wB8PuH/AI9S5bBfufVK/wCrpm4NXlvh39pbwJryoj6q2lztxs1CFk/Ubh/49Xo2n6pZa1brPYXkF7F94SW8yuP0ov3KL27cq1MjbaqrINtSI3rSAtP93ioyu5V4o3bkWkZj0NO4Ee0bu9SMvykZoZQ22nJ1pCuRr8vFSxru25+9SP8AKvOKkjj3beKoYP8AMuP4az/EGmvqmi3VnFKYZZo2RJV/gYr96tCRTuXH3aY339h/75pXA+Vda/Zx1S+uHSTRlnT/AJ6RyI3/ALMtUtD/AGV/GGjzPd6LrDeGpV+YR/a2+f8A2WVNw/76r61THzUMo8zr1ro9rK1jNU1e58vTTfFzwLGx1vQY/E1hH1vLHaz7f+Af1Wufk+LmjeLNS06y1N5NB06GTzbuC+Rt07j/AFSbhxsVtrnd1KrX2DDnc38Nc/4n+HPhvxcj/wBsaJaXrN/y1kj2v/32OazXK9WtfIq0lszwiHTdVurZv7G1y01ywaZrgRX21n3FVH+uj56BfvKa2fCVvJpehwW13F5F0hbfGr71GWb+LvU2t/sj6VDM154U13UPD1xn5I97Om7/AHhtP865S/8ADPxd8Ayb5LO28ZWCf8tIhufb+G1//Ha0k5VIqHNe3czjGMHzctmehrGJLZiPm2Hfu+lcr4wtfsvxK0qQfLuuLqL813f+y1y6/FjQNST7Fr9nqfhy8Q/ey67D/eVk2kV0NhbjxFqunanZ+KIdeit5ml2y7Hm5Xb94bS3/AAJa2p1PZ0nCSOeVJzqqpFnVWLCRvmDNz6Vy+t6h4r8E6U+pyyWPiHTYS/mL81vcoo2/N/EG+8tdXbt9lmcH5ed1Z/iia01j4f6oba5t7hVS5V/KkV9nyI3zY6fd/iqMPGM78yNMROVOziaqMLqxinxtWVFcfiu6orf/AFfX7ppmgt9o8N6W4/jtY2/8cWpbaParof4XrlejsdUdVcfu2tnlaryQiRjs+9ViSMqjY+ZaYsYk7YariTIzZo/n/Dn5ajC/8BqeSErNz83FCx1+g5fLmw8Gz4PHrlxEhir/ALNSqvy0qrUix+leieaNValVfloVT3qVVpXLBVp6rQq1Iq/NUlgq1Kq0KtPVakdmCrUqrQq09VoLSBVpyrTlWnqtSMTbT1WlVakVaRQ3bTttPVacq1HMMbtp22n7aNtSUMK/WipdtFArM/JyPUriPr5Tr9NtWota/wCekDD/AGlO6udXUn28hW/3hU6agJFYeXt2jd9+vzXU+/UkdLHrFozYMmz/AK6DFXY7hJOUcN/u1yUd9BJwX2N/00FTpDHJzGVZv+mZo16jTvsdX5lOWSuYWa4h+5cSr/st8386sx6xcr98Ry/+O0DN/wAypPMrETXE/wCWkEif7vzVYj1a2k/5bhP+uny0AafmUeZVVZgy5Rw3+6aVZKALnmU5Zqp+ZTvMoFYt+d71Is3vVDzqVZKdwsaK3FSpde9ZvnUqyUwsa6XhXoa0dL8QXmk3Cz2VzNZyr0kgkZG/76Fcys1PWbbVXFyntvh39pjxzoO1DrH9pRL/AMs9SjWb/wAe6/8Aj1eo+Hf2ykbamt6B83eXT5//AGR//iq+RkuKmS620WKP0M8M/tFeBvE2yOPWV06dv+WWop5Lbv7u4/J/49XoNvqUWoWyz288c8DdJInV1/76Ffl1HfFf462tB8bar4dm83TNRurB/wC9bTMn8qnlFc/TGNvu87qdzuxXxD4b/aw8Z6TtS8uLXV0X/n8g2v8A99ptNer+GP2xtEvGRNZ0a6snb70tnIsyD/gJ2n+dHKxcyPopvmSrNv8AKy5rgfDHxm8GeKmSOw8QWnnt/wAsLk/Z3/75fbmu5trgSMrcbW6N60epSJrhdrf7LVXmUecx6NirUi7u/wAuapTff/2fu0rCsKn3+PvUyRSsnNSQqVXj5ttPeT+8B8tMZBH8u7ipUzIjCiNdy9fmap0XanNAES/6mjjb/tVKy1T3f6RigCvrnhfR/E1u0Wr6Za6in/TzErt/311ryrxD+yr4O1KT7Tpn2zQbj7wks5tyq3+6ef8Ax6vZYW3LzU7ruTFUpOOzE0nufM+qfBf4m+E08zRNdt/FVmvS2vPll+nP/srVw+seILe1vvI8b+DLvSb/ABte6tkZWP8A6C+P+BGvtBY/lUfd20290221aza3vbaK8gYcxTxq6n8DWntO6+7QXL2Z86+DfGXh7UrG2s9L1e3leNFRIJJNsvH95X5NdDHnc4PytWt4q/Zr8EeJleSKwbSLr7wlsX2qG/3G4/75xXEXHwD8deFf3nhfxaL23X/l01If+O87h/48KXLGWz+8OZrdHQzK6jg7qSOT72fl9a4TUPFnjfwbx4p8GStbrx9q08/Kf9r+If8Aj1X9D+KHhrWtsY1GO1nb/lhefum/3eeKOSS6ApJnRzLudf4mw1Iq0/cJHUphk+bEincv/fVP8uvtMrl+4R8Zmcf37YxVp6rUnl0qrXs3PIsIq/NT/LpyrUqrUlEaqf8AeqVVpyrUnl+1K4DVWnqtOWPbT1Wi5ogVaeq05Vp6rUt2NBFWnqtOVaesdTzANVakVaVVqRVqCrMaq0/bTlWnbaVwGqtG2n7adtqLlWGbfaipdvtRRcnlPxPhvp2dgJNyr/DitKzvnjtr2WT5ljj/AIaypowqKSfmU7gq/wDs1WFUr4dv3/vuif8Aj1fAOx9sh8PiSBvv5Wr1vq1vJ9ydf93dXLyWYjjUn73eoFsZWbGPlXq1VyroTdnfw6k6/ckK/jVpNWfvtf8A3hXnDfaLVsgyL/tKamTVr2FVAd3/AN4bqjkvsUpWPRf7Wj7xFf8AdNH9qW8ivjd8nXcK4P8A4SK5j4kjFa+n6kf7NvLiQfdKD5feocDVTZ1UbW83MTru/wBk7Wqwt1c2/Sdv+2nzVxqapbTfxhW/2quW+oFf9VOdv+yaOVjU7bnWprFwu3KRuv8A3zVpNcj/AOWkUif7vzVyaaxL/Hh/94VOutL/ABx/98mlyjU0dbHqVtJwJ1Xd/e+Wp0k3LkHd/u1xzapB5Kud21js+ZP4qkhuIGb91IFb/Zfa1KxV0dd5hp3nVzUd1cx9J2/7aDdVmPVpl++kb/7p20hm8s1PWasRNYj/AI45U/Dcv6VPDqEE33J1Zv7uadwNbzv9qnrNWf5xp6zUwNBZqlW4rPWanrNTuKxqJdVKl171krN71Kjbv92ncLG3DqEnRTuX/arsPC/xM8R+F3U6XrN9ZbT/AKuKdtn/AHweP/Ha4K39BWzp9v5jrV3Isj68/Z9+OHijx14hbSNcltrq3+zvMk/kKk25Nv8AEOCPm/u19Cv6/wALV8e/sxsYfiNahP4rS4X/AMcr7BbLKoxUSST0HB3V2FqxZmx90VNtDK2RUNqoV/8Aeqw6uy8VJY5Ywqqf7tKfu0nK9RT2jGzNADdvyn5u26qS/fY4q6vrVfyfmY/dagCW2UMrE1cjX5aqwqY0UEd6tM23j7vFACqu5/wpEWlRu9C/fbFAEO07/wDZxUe3ajD+KrjqN3TdUDr82BTARvm442sOfeuQ8RfCXwf4qVjqPh+xldjuMscflP8A99Jtrr196HX5s01Lld0G+54jqn7MsFnul8JeJNS8Pz/eEEr+bD/j/OuVuvDvxV8Foxu9MtPFVmnWWz/123/axz+lfS235uaduK7TXfSxlWlszlq4WlW+JHy3Y/F7SFk8jWLe70O67x3ULMv/AH0P/ia7bT9QtNUhWWzuYrqJhuDROrV6xrHh3S/Elu0GqadbX8bf8/Mav/3y3WvLdc/Zj8P3UjXOh3194cus7h9mkZkDf99KR/31Xr0811tNHkVcqi/4bJVj3VIq1zF18Pfij4Vjb+z76w8VQL0Wfibb+O0n/vqshfixcaDcfZvFPhvUNEnXrJGm+L9dp/nXq0sbSqbM8mpgatPdHoax09VrJ8PeMND8UL/xK9Tt7p+8SnbKP+AHmt1VrsU09jjcHF2aI1WpVWnLHT1WjmAYsf8AwGpNtPVaeq1NyrDEWpVWhY6eqlfekVYFWnqtCrUqrU3KSYxVp232p6rS7aQCbaNtP207bSuBHtoqTb7UVPMB+IEjDfyav3n7nwkhU/6y6/ktQzWbyfOCKteIF8nw7pMZO3fJI/8A6CtfC9UfZplG3/0qNTj5u9OZRCru/wAu2q9uphTiTcrfMGWlZnmZUD7tx3H/AHaX2ibktsskke9xt3dF9FpyxhVY/wAWapapeSQsiA44/hqsmrPHwcN/wGn0uFyS40872cybmb2rUXZD4ZuCXVVa4Rf/AB2sSbUHuGQbwqsf4a3LzZ/wisXyb1e6f7vstJ30uaRVzDa4RW++Kerd1aoobOOZU/eKrP8ALtp00YhZjbyb1QcrTI5S0l9PH0kNPXVrjoCPyqglwkm0fdZqne3kj+YinbS7H1N5dW+z6HFLID81w6fL7KtNj162mXlwv+8NtVZrcTeG7JCdrPcTMP8Ax2sO5s5Lfd/En95aVgZ2ttqQXmKfb/1zeryaxL3Kv/vCvP2h8mz3kFXzTI9QnhbiVvzp8iYlJo9ITWE7xH/tmf8AGpZNQg+TeDtcbhuG6vP7XVJ5Or7ttdBfXzW9tpwxu3wbt3/AmqOU1jI6aG4j/wCWUmz/AK5vt/8AHaspqFwvSXd/10TdXFprCbV35XNTpqidI5Cn40uUrnO1TVp4/wDWRKy/9M3/AMatR6xE3B3I3+0K4uPWJV6Sh/8AerR0rUpLy5WMxqrY3blNKzKUrux28PzdauwrVK2X5q0reOpKL1rHuauh0+H5lrIs463rFR8taRIm9LHtP7N/y/EywH963uF/8hNX2Ju2qpx2r43/AGcZPL+KWkD++kyfnE1fZixhlXjd/DRPcVPYjTZuX+9U/LLgGmIpj6/NUvG3Azu+9WZoNRi0fJ+b+9T42O1h+VMHyuw+6rU7b6UAKvzI2TSbvmoVvlXFLt7igB38Sj+GpWb/AMeprfKynHanP8zZoAdD83T7q09MrJ/vVFEu3bjinNlXoAmb5mz/ABVXkX5s/d5qXztz4Ips2GXigBjr8vH3qY33c1L/ABNTZF2qDj5aAGr8zNxTnUMjU5F20L8o/wBlqsCssbLz/wABpjfdWrW3t/equ6n0oAarc/7NOms7fUITBcxRXEDDmKVFdT/wE01VNS7Sy01oK3c808Q/s8+D9cma7trabRrzO4S6fJs2N/un/wCtXPSfCfx/4b3HRPE9trlunS21dNr7f7u//wCvXtS5ZKEYrtrrhiatPZmE8PTqK0keAzeOPEHhdseLPCV3ZJ/z9WP76L/P/Aq3NF+IHhzXNotNXtvMb/llK/lP/wB8mvZwySRuh/75boa4fxV8I/Cfix83mkwpO3/Le2HlP+nFelTzKS0mjz6mWwavDQqqvy5p6rXJXHwN1vw+G/4RbxjdWsS9LXUE81P/AGb/ANBqm2tePfCbY8QeGhqtqnW+0g5/4Fs//VXpU8bSqbs82pgKkNtTvFWpFjrjdJ+LnhrVJFge/OnXTNt8jUEaFt3+8eP/AB6uzhkSZFeNw6N0ZTuU12c6lszhlTlHdDlWnLH6UqrUirTuLrcbtpdtSL2o2+1K6KsJto20/af96louhWYzb7UUu2ilzBY/HuTT9IkX/W3EX/XSBX/k1VfEOg219HYW4vLdNkLMnmFkUqW+9ytNeOSNvnG78KveII5FmiRE27LeNd3p8tfJSh71j6WMvduc0vgO93YgcPE3XyJEf/2aon8O3Gnqwe0li/2mjatOb93Hnblv72KoW+tXdr/q7yaL/ZWRqyqRtsaRlc5XW1K3KoSOlV7a33SMZAWi77a7pvElzIuJfJul/wCm8CP/AOy1A+sWnzCTR7T5v+eQaL+VZ62tY00ONaGNZPLSN22vu8xh0rbvFK6DoceP9ZNOx/76VatNN4ekkUPZ3Nu6/wDPKdWx/wABK1d1a1sFt9Eze3EUSxvLHvg3ZUt/FhuKnXqWcpNpci+UAQ22qd5HJbxoDGfm6t/DXXrp8Fwy+RqNnLtH3Wdkb9VqnfeE724ZiIDKrfxQSK6j/gIo9RJNHHu3qTWpa6oLiFYj99dq/wDAaluPD8tivmT20y7tq7ZEZdprOhhjXUGCYVl/hz81XurE63udZfqP7J0g/d2mZ9uP9pappMm9hkfMKdqeoSWug6GeH3QyMd3/AF1qsreZ+/4ZMelZjY64jjm+Qk7fvbazby3jjj3oCrfWrrN8mVA/3aoWrSXV42U27Bz7VSYaDrH7jf7y10OqKfsel4P3bVWK/wCzuasFJt28INqI+0LitzVW8tdI/wCvJPu/7zUnvcaWlzNhk3NgP98ccfxU2Rvm/wB2rkajbkjb+FUmWncRLb5aRVz3rtfDq7dQQ+zVxln/AK5PrXd+G1/4mCfRqmRUdzubZa1reOqNstaluvy1kjpL9qtbdmv3aybZa2LVa6InPNnq37P8hj+KnhzH8U7L+cb19ubfLH+9XxB8CW2/FTwzn/n7/wDZHr7fZvlT/arOpuVT2GeWGbOTTkUd6X7ytTVbacHNZmokijqD81Pjy3BFIq/KwI3LT44+/K0ACL82KlbCrQqmmye1AAuWdTn5almwvH8NRKxZlGflqd13LQBEzfdxT3b5vwpjLuZf9qnbT5jUANb5XU/8Bob5kqVl3J0pv3Y1NADFyzU9l/d0iLuZsVMjfLyaAK+7bL/s05phs5pj42t13VTmuhbxtJLIFRRuMjHao/4FTAvyY6/w5qKRfLZsfMtcxY/EDSNS8W3Hhy2nafUraN5ZlVPkTDLuXd3PzrXT8NtH/AqQEW0f8BahWKtSuoVl6MrfMGWhs+tUA6OQbnBp+0MrYqvu+dqsL60wBo+9VXUb1qy0jLuqq0lMBVY7mpn8WM7WqdV3VGyneAR81MDD8Q+C9C8UIY9V0q1vGx/rJE2v/wB9DmuNb4G2+lqx8LeINT8PFvm+zb/OhP4GvTrhfakVdsa1tCrOHwszlTjP4keSzR/EfwrJ+/06x8VWaf8ALWzfyZtv+73/AO+adp/xe0SS5+zaql14fvPu+VqMJRd3+/0r1jzN3+zWdq2l2esJ5F/Z297Fj7s8av8Azrvp46cdJK5wVMDTlrHQzrW6t76NZLeWOdGG7dE6sv6VPtFcpqHwL8OXlx9p0p7rw5e9pdNmZFH/AAGsy60f4k+E932S7s/Ftqo4WdPKuB/6Dn9a9CnjKct3Y4KmBqR+HU7e+vrfT4VkuJNik7UXBZnb+6qjkn/ZWvNtevvGPjpmttLsLnw9onmNFJdzfLczL/FtTqB/u/8AfVT6D8TNH0m5aPxJFqGkay5ZXudVg6qW+6rouAP9lVAr0u2mivrdJ4JBLBINySL90r/ervjUVvdOB05QfvIyvB2hy+HdBgsZJpLox5w9y2+THoTRW5tWis7vuLU/Gi0kDPFA6b2Y7Q3et7WmT+1J4/tCoybU2t7LWPpNuZNYs48fx0eIG87W70/9NmrxLc0z2E/cGMv/ABL5RsVvLLLXNSW4WL7u2uq8nyfD7kj74ZqxJF+WsKisy4GLNYlY9+8r+FRvb/J981UvNSuVvJYxK3lKWwv/AAGqq65cqvMkbM395KwsdEb2uWrq1fepLlq3/EMe230iMj7lin6szVy8GrS3DOJEj+VGb5RXbeIoQ1zap93ZaQr/AOOVDuWrHJXDJD1z03dKo211FcSfupCrfe6Mtbc1qFkUj72KqvpqW7MY0CM5/hpKIuZEtvql/ar+6vbhV/67Ntp3/CQXu7/SBb3X/Xe3Rv8Ax7bVa5sz9hYbvvDbWammssyuXLcN2o5B8503iC+trWz0Z5tOtnWS137VLJsy7fdw1VIdQ0q4jb/RLmL/AK5Or/z21F403w23h+MY+XTkzuH+01cwl1+/iQIFZvl+U7cU+TS43JXsdbbw6ZtwL+RF7LPbsuP+BDNEOkxteSyRXtnKr7flWba3/fLbayIlkWWcY3MoVjzTZrra7A4Vv5UcrFdGs3hm9ZpXFpJtZ9w8va/y/hVjWrd1bS96FWS0RSrDb825qxrOYL0I3Z+8vy11Wq3lxbppuy7lRmsY2Pz7s/e9alqxSM2OP5F+lZLRlea131i47m3n/wCusC/021FJfW0m0T6fH/vQTOn891IVipZ/8fCf7y13Xh3P9pJj72G/9BrlLWTTPMV8XcTKfu/I6/8AstdX4cmt5tUg+zzln+b93JGyfw/3ulS0XH4j0a1j+XNaluvy1St1+XFaEK/LUo3ZetlrVtKzbdRWpb1tE5mejfBeYQ/E7wy5Py/2hGv5/L/7NX3RGx2LkV8H/ChtvxA8NH/qI2//AKGtfeaYVcVFXc0pbDkjG3rUaqV4P3sVIqndsP8AvUNnPNY3NiLnd9/5qljY7WFRN8rKcfdp3CyZpgTqxZqR196Fxu/Ch8bc0ANXOc8Vapixlf8AgNPXHzCgCJlDOoqVl3cj+GmPH8ykU9lKrQBIrDbUTxhtuDTWbdtp/O5Tz8ooAiSF1fmkkYx/WrrLuWmOtAFFmGz/AHua+Q/2h/iVc6l4ivbC3u5P7LsD5SQK/wAjyD7zsvf5vl/4DX078QvEkXg/wfqWp7gssMbLDz9+Q/Ki/wDfXzf8Br4H1u4t9WVC9xIsvns100iMy7fl29OfVju/2a7KKik5MwqXk1FHY/C7xhq/hH4vadc3lvJeXuoaUzRxSSbfOe52sjs3+021q6LxP8YPE+qa3eJqD21/b2FxJaz6au9LcqGZWX5GU/w8M3PeuJ17UnvviB4U1vT5/wC0oodLs7eaSIZWGSNGVojj7v3V/wC+q6DxdDaeFfH+uP5QPh/xVAuo6bOo+WNy29V/4C7Sxn03LSdm1dGmtmjb0H4pT/CPxdplxb6hd6p4F16H7RHY3MivNZtuZHT2dHXb6ONvevUbb9oIf8Labw5dG0TRppltYLmP7xd0V4nZi3Rt23/gS18leLbe6bSbeQA+Ul80UPH8ZRWZf/Qax9aa4bVroK7M6hXDZ3Ywq/8AxNOVNEwm2ffmofFjQtN8SaTo/wBoa6utSdEha22tEm9mRWZ9395W4XNd5Gw+XP8AFX5422oanp994a124DLb/wBrQ4k9GjZHZF+itX1p8ePiBq/gnT7eHSnW2e6EjfasbnRQy/KvbPzferJQu0oluXKm2eusu52T+LG7bWe+NjD+KvijSdYv9Qm8eHUNRuW1yzsHu7e8ju3R/MSaJm2sGXO5Gb5a6jRf2lNYsfBfh7T40H22ONobjUr4/aGmw3yt9dvXdn7tHI9Rpp2PrlGHkrn5aJGNeM+GPjlLH45vfCni23s9JnSHzrXUIpm+zzptyrc9mT5lb/eFdRcfGzwhZ3Vlbz6oYEvvlt7mWB1t3+bbuVyuMbvl3dKnlZR3Ls7enSlVfkx/dqJmHb7zU5ZPmx/eFSIl2ja38VMdfWjzBt5qOT5lp3Ad/EuKbNleaRZPm4NPmYbOlUgIri1gumT7REs+35k8xFbDfwsuaiZf71TpMjRrUbLXq4GWrR5eOhomRbfpRTttFevzHjcp+PPhnS5LfxRao+5o87g1Y1zIbzVJwuGZ5m/9Crq/C90ZNYTzMLsR2/8AHWrm49Ft7e/a4jMjN97az7l3V4CnaR7HK+XUu61D5OntGHZeFXbXNPv29R+VbuqSFoVBP3j61jXGNtZtuTuC0VjjryGJrickncxas1rVF/j6f3hWilvJeXDJENztubbUreH71m4gx/vOtNaFraxmaWu1rg8Nx/Ou28WXDw+LpY8ZiWCFH9sItYlj4fezbErhvMKrtU/7VdV4qw3ibUcY+WTb+SqtTJpu6LW2piSSIzrhx09ac2GTttprKN7cBv8AeqCaS3X5GAVm/hxQZWLM1iJoV2Ptb71U7i1MLqSQysGxtp6SDYpSV/zpJmMi8vu44qbjiiXxxYyTXGl+WBtTToV6/wC9XJx2YXUrdJRtdSua9B8TKftluAV+S0t12t/uVxlx/wAh5Mn5l2/KtCbtYtpGlc2u1XliHz42n3WueeP5up3Ma6vzH8tvkaqCabbyX8vno+1vnT7y4/vVRDK9hb/6Mxzu+f8A9lrofEEfy6aMD5bCH/0FqZDa20K4jA253fNV3xNIn2qwTeN32GPav/AanqaJ2Whz7WZaNXwd3+zVdYfMkwM4Wt1Y9qKPaoPs4t15/i+Y1MkFzL8krIgQ/M1eieD7HbqFuT95Ub/0GuGtm87UIjj5d6/+hV6X4dXbqsA9j/6DUtFxetztoVq/D/DVGGtCGs0jobLkFadvWfb1pW33q1RgztfhpII/HHh4n7v9o2//AKNWvvdm2yMP4e1fAfw/by/GGhv/AHb+3/8ARq19+8LI1Z1NbG1PVWJFb7v8LLQ2VfBp6f6v/aqKT73HzNWRqH8LUz5l2kfxUrSfLjHy0zctAE8bbVXn71KyltmPu5oVfkyfvVJ/DQBHudXwcrUiTNu5/ipreuaPf+GgB8zDZuB21KzeZGpzwwqo2PmqVG2wqKAFX5ttS8rxlqrq3y4qVvur1/xoAnj+7nihm3Nj+HNRwt8u37u0/dqTac9vl/vUAeZfEL4Up8QPEEU95qlxFYJDs+zRjcwf5vmXPA3fLnvXkfi79mO40ezvb3TtRhuIo42leORGilKgbu24GvqJoQz5NQPbhmymOv8ADWqqSSS6E8ibbPlTwr+zvq/izwNe2+oAaW/mRzabPJGqylRu3o3fY3y43dD/AA4qxp/wf8WX2nt4Wu9OjOlxv5sF5qX/AC5yfxSwujZO5eqcg9/WvqeOH7/96oPL+dkNHtHqVyLQ+c/id8G7Dwn4M002QlvbpLvaZJP77pt3InYtsVe5+7XJR/s06xawweKLy4t7eCGy82fTpY387d8ysnp91lbd/wCO19bvGncK235huHRv71R39nHfWc9tKC0FxG0T7fl+UrtoVR2SBx1ufHupfD/UfG3w5W00LTri/v8AT9cbZFB/AkluvzbS2ANyLuavV/2jNNluvBOiTzpsuU/dTLndtcxKzL/30rV7Loui2Wh2cFnYW0drAg4VV6t/eb1P+01YvxE8Enxx4eXT/PW3bz0l81huxjdu/wDHWqoz99PoKUW4+Z8ieEt9x8V7yB4g7a1o1xCFz1aSzZl+b/eWuXtptPb4RSxS+Wur22sI8PHzmF4W3r9NyrX1VonwJg0nx5ZanA6pYafHD5csu17iYhMMvsPmb+lcp4f/AGZ7TVI9bt9Ril02yaTbayKd0u5JfmfB4wyrt+b+9VSkr81winaxwmn/AAv1HxZc+E9c8QXf9neGbPTkinvrkonyfO0SRL1k+Vk+b/e/u1y+ta1pdno/iXwleXEl5ZoWuNNuY42lijuUPzMrDkRum5T/AMBNe5/EuS08D6b4a0I6M2r6XYRooubl280xj5WVGGMPt2/N/u/LXjf/AArO/wDEWoa3PoDya5YQwyNHeSDymCujbVfP8a7uVXP3ePvVcHomyWk7pDNN+MHiTUNP8Pae+qG/gjjSFLW2mZPPVG2bXdPnJZVVa6vw/wCLvEfgvS/F8mmapMum2bwukWr/AD3MLSS7W2qeMr8yn/dU7a4/SvDL6L4P0bVNHTzde8MX73F3Gv3nhd1dJV/2FZWQ+m6oviXqEXijW9XuNKFxsuo3uvIjRtyL8rsr46Bfm/75q1GMm0xX0R9Iab8atOXwDb6mbhdU1KOxhuLuCJ1VkZ2CNuboDub7tdx4Y8RL4m8N6dqqR+Ul5Csvl53Y/vLn/er88ZrqS3W1lgLQO8LW83lnb5i/7X+f4Vr7P/Zp1b+1vhPpu87ntpprc/g+7/0FlrGpT5VdFRlzHp27y3Ug/wDAasbkZG+tQsp3MMfdoVtq1iaWIkX7wz39Klhk8xM/xVE03lyZz8tLbt8z4rtws7VFc4sVG9Nj6Kjnl2Pjax47bf8A4qivePAPyY8J+INU1CPVPtmofbIobOSUSMF4YL8vzbc1z2n+KrmR/LvUs5+Pkk8tOf8AZrqvhj4bOqeD/HNwZfK+waJcXW712sg2/wDAt1eRR/vL+D+Ha9fNxtdnuybsjvLnVrSZkD6Zay8/wl02/k1Z15caTsYyaZMvH/LK4/xWs5/9dHxUWpXAhtZXHysqN92qsZcxS0uTwxHc+ZH/AGpbso+7KEda12utCb7mpsv/AF0t2/pXEWGpTzPIPNZtu37x3VYkupO5Vv8AeRaLeYKS7HUpY2d9dQ/Z9VtXbzFwrB0Y/N937tJr0Ym1u/cXNpvad/3Uk6ow+b3rK8Iq8niDTh2e7jU7R/tVR8T3Udxr2o5hVv8ASJPm3t/eo1vYvS1y5NpOqSM3lQK6t/zykR/5NWdJoOowyZksrlf9ry2aq/mW0armNl43fKV/+Jp6XwjdfIubmBv9k/4NQToOaGWG3XfGyNj+JGWm7v3LnI3YrTt9Q1FrZHh1G4ZWH8T7v50Sa9fwtiWSOfj/AJaQI2f/AB2mJb3I/G2tSWPiFYwgliW1t/8AZ/5ZLXPQ3CXmtRSrlVbDDd/u10vjy6e18T3UCafpt0iJGo89F3/cX5d25TVCwuoWuIM6FDFwuJIppVA+X/ean0Kcdbl9V/d/jVbVbXdJayHcvz7NynbjP3a1vMttik2ki8r/AKuf/wCKWnag1nJZyiVLmJMcsux8f7X3lpGdjHe1vY4VSC4Zmy2WZtrNWnrdjO2pWExG5FsIVLMf4tlVf7Qs1jQpf7d3y7pbV/6M1a+qrJNeW4N3bqi2kPy/MrH5Pvfd6UzRJ2sZbRhWyfl/Gs66uPO6Z2f7VbF1p8jRt5clu7sONs6/1qh/YOobeLSRv+ue1v5VLYRTK2nruvIP99f516b4f+XV4P8AgX/oLVwFjpd3DfQF7SZF3r96Nv71d/ov7vVrcnjlv5NSKV7nbwVfhqnbrV6HG2sjcuW9aVtWdDWhbtWiM2dT4Pk8nxDpcnpdwt/5FFfoIylZG+rV+eegzeXqVm/92eNv/H1r9DGb9431rOr0NaehMny7ufmpknt3/vURt25okUY3f+g1ibEDMV4xR97sKdJuVORTI2+bGfloAtK21f8AZajcWVaiVtydaeuNrUAC53Macrd6VFG1s0jKNjf3v7tACr6GhWGzr92mt8ysKYjHb/s5oKsS7vmqcYk2/Sq6/earEaldv93FBI9MLUjMv3sioiwVVNNVdyNz/wB80AOkb738VVkkPTjbirPl/K2TUSqv/fNACx5+U0xsecp/4DU/C1G67XzQWV3Xd3pnzNHj+LNStjpUfKhhxQA6NvkU01JOWHNRbjuqT7rqaAHzYbaR8rYpjfdbmnuvy7qi/vcdqAMnVNDsNctmttQto7qAnd5cvZv73tVmw0e00ezS2sreO3t4x8kUI2qKsbT5m6p1ba3SnrawrI8rvvgPpl54mbUbe9ubC3YszwWx2PtP3kVw3AasX4gfBvULrW4bvwxBaWtv9l+yGJiFQKUZH3L3DI31r2yNQz8CmSL8zDFaKpK+ouVWsjwfSf2ebfR/EXh7y7aG9s7WFnu7meNdpf5lbYPX5lx/u5NemfDn4a2Hwz0N9M065ubyKSZrh5Lnbu3FVVtqjoPlWuq+7wKas21mBG3+GplJy3GlbYZ952oSMMzAg1E0m1sk/NTo7gMytmgZFJGNrcU21bbIoz8rCrFwx3ZrL1XWItF0+41CcM0VrG00ixjc20Lubata0pcs0zGpHmg0SahZW91cF2lCMBgqGor53139rrwpLqUvm+Fb68K/Ks0kiISB7bqK9/2ke54PsZdj5W+Ga/Y/gh8WL0fKzaVHaj/tpcxL/wCy14Au9dSt8D+Pa1fQuiL/AGf+y745n+79s1HT7Qf9/Xf/ANkr56vGC7jk7l+7XgxerPTl8MTZmU+YuT2asnXJNunXDf7DVfS4N9sljTcGT1rL8QK/9ny5TZ/tMa1MOtjm9HwvmuSeq1oSSBulUNPYRhhldxf+Gr0n3eq/nSZata5v+A42k8TaT/18bvyWub1RvM1K6f8AvTO3/jzV1vw7X/iodOP9wSP/AOOtXGXO/wC0Mdv3i1StS76DLj5WUey0yNfnXn+9T7lT53+z8tSQwjf+DVZnzaXLmk3QVFgc7f7lWZo90yrWK8e3pWlp8j/uiSZP3iqN3+9TsxKVnoXfidosl94ov54fmfKqY/XCrXLafZzw6pDvjZVUen+zXeeMtWS38VapGYy22dl3KawYdUguLr7OA2/LUJDlMtLJ5K5OKXUppVs28v77lUHPTLUkiiRGQ/MrVWS88uO3RxvMO5XX/aFNkIRtPuNqJJLGy/Nn92rfzrpPFlwlrfW8Y+81rbqFx/sLXN3V88kKuvybt33a1fGMbNrcHP3bW2X/AMhLWdzVLQyprjzmzJHu/Gmq0Sr9xl/3TTNu1qVulJ6gtrF/T76RbqIJLMu51+Xf8p+avQ9EZ5tatYy7sm9srn5futXmmm/8f0H++v8A6FXpOg/8ha3+rfyaga3O+hq5HVGGr0dZpXOguQ53VpW/y1nQtV23arRJt6bJtmQ/3Tmv0TSbzI0cfxBWr85bOTv7V+iOmzedptvJx80KN/46tZ1HsaUy9HId2RQ3y7sChGGzP92mu3cHa1YmxFu3bhn/AL6pitubp81OZe5+ao0+9kfdYVIE6/dxT0+VOaYn3f71O3fdFO5VhVztz+dJ95vxpV+VqN33himA5l+ds0sa/f8A9mkjk3OwNPRvnb+KgYRt6/eqdG+b/ZqpxvqZc7evyigBzdKfGvydN1RLndVpY/Y0CsM2/NUflsrt/wCy1KMr1FOVhu4G3dQMiTLJyKY/+r5+992pH+9jHy1G7bV/4FQKxAzDfxTZF+9/tVIy7tppr/e4oGNePbRJ/CQakf19qRvmjXHWgBi/N2ph+VV/u07aVZaV1+X/AGaAIpPvYpzfd/GmN8r59qerblXFADd3p96h/wCHmkfK7uPumlVdy5PrQBFt3P1+9UNxna2asL8rYWmSMf8AgP3aAKTR/d/2qjVQsmM1a27lqDbtk/vbqq4DpJDuxmq99apqVhdWz/dmjeI/iu2pZvvfWms21mwf9oUgPzE8RWctrrV5byynzIZGiPyL/Ccf0orv/jh4Pmsfip4iSCI+W1y0o4z975v60V6PMzh5Ecf4g/0H9lW1jH3tQ8TRr/veXbu3/oTV87X8ZZXwdrV9WfEL4d+IP+FFeC9Kt7ET3Ftql5d3cUd1CzIuxEQ8PyPvfdzXzjf+BfEa3Eo/se6Zc8NHHu+WuWFtXcmcZaaGN4XmMcL28v31+Yf7tJ4q+bT3X+8Vq7/wi+t2d5by/wBlXi7Plf8AcP8AdNHiHSbxrbY9lc4z/wA8WrUx5WcHt8uOIh9vLU6G8fdskI2/3lq1qWl3FvCpEEu1f4WjasvaVXBQr+FHoO2lj0bwAoj1Lfn/AFdlcP8A+OtXETRlmWuz8CyCOPUZGI+TSpK4/cP7wpdS7aCTKfMfBp8Mh+fOflRqJsec9Rxr/rf9yqMrMY8w9a1tHw0lmM/M9wi/rWJIu6tvw+u7UNJH967j/wDQ6d2NR1JvGd0G8Vavwrf6U/b/AGqxdKZJvEDJ5e1vm+ar/iiQSeJNUI/iupP/AEJqoaC3/FQy4/hD04sUkjpntflXD/pWTfqIb/BPzOm6rNzqTtrFrZoeoLvt/u1R1Jt2oSn+JQqChiSJJMfZk/4HW14zmEevY/iWC3/9FLXPTSH7GvPZ/wD0KtfxyxXxNccfdjhX/wAhLUGmxm+YG5p/GwYPeq8f3FqXjZ+NMOty1p//AB+Q/wDXQfzr0jQ2/wCJxb/3ct/6C1eaWMgW8gyf41/9Cr0fQ23axbjPdv5NQEWuY9Aj+WrtvIJF4Ib/AHa5XxRb3t5pqpY7nfPzxo+1jVzwfps2j2Nx9oKr5k28Kp3YXaq1jodtzqo/lqK68QWliuN4d+0a1HHcbuEBemf2XEyS4iii8z5jtHzf/Wo5jO2tjZ0HVvtzTp5ZTYnKt94N/dr9IPDrC40HTWBC77WF/wDxxa/Nrw/pqaak5Qlmk+Y7jur9FvBtx5ng3Qz97dYW3f8A6ZLWdTZM0p7nR+T2zUUkO1efmWsXXvFmkeGbdbjU72GyTt5jfM7f7K9TXifjz9qIQrLb+HrQIyFlN5qHyqn/AAD/AOK/75rNXZtY9+vdSg0+xaS4ljgiT+KV1Rf1ryjUv2mPB9jfy29uLzVIIU3yXNjGHQLu92Ut/vV8q6h488U/Fq8ltri/N7apN5r3kn+ph/h+TufvfwrW1qV9p/g3QWt7e2VtRkTdukkVmkb+++Ocf8B9qfLbctRbPpy1/aW8C3WP+JncQNjcVltJOPy3Vr2fx28Aaht8vxXYof8ApqXi/mq18BTXUt1dW8kt5c73G59szLlv93/2XioEvp4bdpPtcyP52wtvRlHzdOarlQWP0hsPiN4Y1Jm+z+JNKn/2VvYv/iq17fWLK6b91eW0qt/zymRv5NX5oteXay3A8/ftC4WSFG/4F/nFT2erXFncKRHbyqieaP3bLv8A9lmDf+g0uTzFY/S9cycgfNj0qW3Z2kXMZH4V+clh46u7WT90GgWaNv3cV1NFsb/vpsf8Cqxp/wATvEdmsCxavqfzlm2xapLtLf3VU/8AoXFHJ5hY/RNWCvz8tSLJt4zXw5pfx+1WGODzNX8SW7u7L5kepRTIMfeXa6cmuq0f9pC4t7+zlu9b8RT28c26SCW1tn8xB95HbfwW+b7tHs2I+wEXc2c1b27U6V5h4D+P3gvxw6wW2qDTr9vlFjqo+zyn/dy2D/wFq9Nab5l/hqGmtwImX/8AZpiNt21Ydvm7VUa42vihO4E33lWkfDdqiS6ToQamaaPb0pgQ7Q0a/wAK1E6n5iKmfGxcNTHx8v8AtUAQM33R/FT/AOBqY0Y6jFCttVsUAEf3VzQylW4ztqRcKv40snzUAV3k3bRxTUj2vR/F/tdqcjfM1ADpFO1v4qjVdy4zUrN8vTtVdc7c0ADKfMx/DQyjdyR81N3HdmnNhk6fMtAEX8O3/apjLu2mlk+Xdg/eqJW+XB+9QAk0Zbaapyfu5Mfw1cMz7MYqrcfdycbqCz5B/ac0W/8A+FnNcWaZiurKGQ/7w3If/QKK+kPEHg618RXkdxPEHdI/LBx23Fv/AGaitVUViOVH57/HZY9N+Hvwi0zygsv9k3N2do5/eXH/ANhXhFzqj2twyb5o2/2Xb/4qvf8A9piHy/EHgq0/gsfC1mm3/adndv8A0KvCtQt7eOT7TKduwbauCutTgnJqVkVH8RXMO4C5u0Zf4Vmf/wCKouPFGqWarnUb5d3/AE3f/wCKqnZqlxrDHAzjcdp3Kf8ACjXvvoMdq05SeZ3sPk8fapCrH+1bxf8AekZqih+ImozPg6pM3/XQK3/slYepKFjbj5cLWMkZ38fL/tVNla4+Z3sew6DrV5faL4guJbje1tZb0/cpwxb/AHea5X/hKrv+M27/AO9aRN/7LW5omYfBvil/+mNvFu/4FXD87+tId2bP/CUFm+e3sH/3rJKJPEUSo3/Eu01t3/Tvt/k1YLZ601s+W1UJXNttctG66Vpv/ft1/wDZq0vD2pW15rmm26aZaxO9wipJG8vDbvvKu6uLrpfA8e7xhoPH/LwrflQCG6hq1k2q3qzaXC7+e+ZFuHVj8zfN96obXVNLtbh7hNKZZW3btt27f+y1iahCJNSumx96Z/8A0Ksryx83yd6tPWxHS52sepaX9v8Atn9n3Kz42/LcfLt/74p9xeaXcSNIba8Vm67Zk/8Aia5XS4Q2oeU4+ZRuq5NGq3ksYztXbQJNdjZ8zTGVRtv1Vf8Ark1a/iprP/hIbr7TJdJOuxSqRqy/cX/arkVUK6fKfm/+KrX+IlwIfFWpcn5ZNvX/AGVqbGl9Ljv+JW3S8uV/3rdf/i6VY9PZcDUGX/etW/8AiqwYYyqqd7fN/tVP5ZVc5b86epOnY3Le3sI7mKT+1F2q6t/qHrsdBvoJtYt/s9wssrFsR7HVj8req15vaw+dcRJn7zrnmvSPB9qI9btf9nco/wC+WoCKXMejwwvJ999v+7V6GGJduEDN/tVnXVwbewupUxvSN3H+8FavE7rx1rOpBfN1OZVdGzFbfIo/Ko5bmlSsqbSaPfrnWrPTUZ7m5ht1Xr5rqtYF98WNEs2YRSSXbf8ATBPl/wC+jXgayGRsuSzt/E1WrZZJpFEaMzf3VG6nyo4niW/hR7x4X+JE+taksf8AZ/kWeOZt+5h8vy/99V9S3H7UGo6D4V06wS3ttEgs7KOE3N4+6aRgirlE7fd/u5r4MsL7XPCcMtzHBLapIEUyywblH93bnvU8njTVdQuPPkuGaX5fm+7j6VLimehRlaN5bntnib4laprWoS3k95cXjs/NzebmO3+8q+n/AAL/AIDXL2/iTTNQ1qA65eXUtuu5v9GCyv8A7Kr82B9e1ebPeXN437yRnbdu+Y7q0LDR726ZfKt5W/2lFCsjbmb2PozTfil4fh0tLeyS4tVjTbDaSw7ct/dZxx+O6uSkkn1jUL278xnuJtufL3qp+Xaq+/8Ad+WuHh8OyRriW4u4Hxz+7Vvm/wC+6eugyfL/AMTGZGX5v+Pfd/7NUKKve5rzu1mjsFkdYbXf8nKrtZ2X+Hsrf+zU7dI3nx/MzN8yfvPm+7/u/JXD3Wn38bfutUln/wB6J1xSRw6qu0jVFRv9pJeP/Haqy7h7RncrN+8SQYVJE2H7u0tt3fd7/wDAadDcOsakg74X2nbtZtp/vN2+X+Hj+GuEe41u1bCXsc6fe+Xft3f7pWpbfUNfkme4+2RLO6eVI0k21nTbt2tnqNvy7aVivaeR3LttVkHy+Wd8bbOn+yvzdf8Ae/vU/wAyRpHCH5ZBvCtuGxv9pv8A2X/ZrjYdU8QwrBGj2zrblmjXz4m2Mdv+1/sr8v8As1O3iDxAsd0j2dpKlzIs0nELMrhmbcmPufMzfcxT5SedHXrcGRV3j5ZB93DK27/Z+XgU9bhFX74iXODt+6j/AOx/8VXKXPjTVrqa4nn0e0RrqFYpPIgWJDhdquqpgB/lX515p8fjDUIfs8smj+b5abW+/tk93w3X/aXFHKP2iOwW6SSNkkCqinc6ttZYW/ve5O6vQPA/xu8YeAdkela3Ktgm3fpuof6Tbov4tlN3+wwrxG38eRRrbpJpcjeWeW85l3/7LfL/AOPdatw+OrLYqHT7ldr7t3nKzFf7jfJyP9rrTUb7i50fcPg39sLR9SVLbxTpdzoNwo5u7bdcW31b+NP++T/vV7To3iLS/FFql5o+oWupWr/8t7WZXUf72On/AAKvzEt/Gmls3zwXarv3N9xvl/ufdXNb2h+PNP0W/wDtumahquk3m/d59rtR9v8AdbYy5pOkuhPMj9LJPlZcGnK3yLn+GvFPgr+0NonxE/snw/5l/da99ldp554FVHZN3O7uWX5vlWvaPLP+7WD0dmUtdiaNh8w/hoaT93x81MhYruPtQmGXANICKTCv3pyN2/ipv3qbuHtQBL5m3cPvULJ96olYMtSbe2RQBE7fNmhm+fHO6gr8zD7tR7vumgCdW+9TVwzYpn8Lc0btrLzQA51+Zu22hFC7TTZG29P4qi8z5aB2GzY+U5+Womwu481JN9zdnvUbN8lBQzcJI/fO6qsi/NwNy1YhasrxJdaha6fL/Z1stxet8sayvtQfN95vZfvUAVIrpLya6Roiht5mg65zjv8ArRXMaP4N1JbeSbVPEE32+4fzZfs4XZnaF4yf9mio1A+EP2orjzPi7eWY+5p+m2FuPwtkb/2avm64jkvpGkeX7zbunT/61eyftOfbdW+P3jkxXDQW8d+bcNn+FERP/Za8Tvmks79LeO4Z9pXPC12w+BHlv4mT28ktvqtqA+6JpNm1RVjXpB9pVfaqHh+4+2a2iTyFky2F/wBr+GovFE0keveRESqbUXbWhNveINWkCo/1VayIW8y4VB/EVWpbm8P26XzSXiEjfu/lX/x7bTdNjkmvoM7fmde3+1SSsWem2+Ifh/4hk/v3dvFXEK3zZ+8tdrJ+7+Gl1j7s2qL972WuMVUaNunQ9qmzC5V3bqft3Rt9aYzbV+XH5U/duVf8KdkZ3s7kRhdW/vV03geMr4w0bP8AC7N+QasBpPLdfk+9XTeDG/4qqy/2IZH/APHHosVHe5x80n+mPz1ct/49WS8nlrkH5s1auLoreKPLX5vaqUlxuX7i7aaJLvhlXk1CWWT5nKf+zVpaqxtbzeQdkif+PCqvhdfMuX42bU+8tbGtWL3FthP3rqVwrVVhN6mS19ums0QbmfZ+rVo+Plebx1q2Msq3TKf7q1Tt7O3j1CzS5lVHUogjU/xbqteNrw/8Jtqykhf9IfZ/31TsynqUlugqqAlK1w7IvNQxwllViRVpLdFRS1SRqTaJhtUtc/8APRa9V8Ort1a347t/6C1eZ6Oqf2hagf8APRe1el6L5kerW5wNuW/9Bagcdzt5o/tVrPFnb5iFN3plcVwdl8H7df8AW30sjfd/dpt+Wu1h89tuZAv+yqVh+Irq8t/tRju5VWOBnC52ru2+1Za9DplCE7OSLtr8PdA0/a7WkbbR96d92fzrXt7rRtLjVInt0Vf4Yk/wrxrT/EGo3XijTLee43RSXEavHheVLr8tZet3k661exPKzIk7qFY7sfM1CQk4x2R7P4o1zR9U0tba8EjW8h3o3mbM4/u43U/SfhzpawwS7DPvRX3SFu/zV53qCvN4R8LlGO5o7ldy/wDXWvcdDU/2TYZ+95Eef++FpNMuMhmn+F7K12+Xbxr/ALqVvWunxrtwgohU1ftl5pKNh8zZ658Of2Z7b4keFYtcfWfsTyTSQmD7LvUbG2/e3LXQ/wDDFcEib4/E8TL/ANeLf/F16X+zDJ/xa5UADMl/cL/46jf+zV60sZVFwPu/L0rmlKSbsbximtT4H+NnwXj+Ctjpd3JJa68moSSRbZIXi8tkVW/v87t3/jtePSa5Z99DtF/3ZJf/AIqvt79rHRbTVvCuhpeIzeXfSbNvvC//AMStfL914B0NpmiHnL87LuUt/dVl/wDQmreHvRuzlqVOSdkcTp91Yahb38g0iFWtoVlCrM/Pzbf71UJNY0+NudKVf924evY/gn4D0rUNW8Tabe2YnWTwxfSp5m7dHNHKjK6+6rurmJ/hrpV1qUEEf2jb9tkhfb82E+8jVooq9hOs0kzhbfVNLuLiKP8AswrvdU/4+G7tt/u1d1qHTNJ1CW0k0+Vmj/iWfr8v+7Xc+IvhfpWg6SuoW6zM9u6OVkDKvDbq9X+OvwV8P/8AC0byLT7aaws3sba4SO2fKrvRv77f3lpcqTsNVdLnzIs2kMv/AB4XC/8AbZW/9lrSTR9Mms7e4Ftc7JgzDlPl+bb/AHa7fUPhTpmn2r77i5WdSyqrBf8AgPT+98teg/D34P6f4u+FGjXsEjW95He31rPIx3K+HiaLjt8r1E/dVwjU5ldHz/NpumQrzBcf98pWh4b8HxeLNqafaGWVt+IWCK3yKzN7fdUtXT/FbwWfBeqT2iyidVfaJF7rUHwf0U+JNUg0hJY4Hub1YRJN90b9v3qI3tcvmvuYmm+AX1bUoLKztGnuriRYo44xlnY/dVa+xfhF+zP4a0fwXar4p8NaXqOtrM8ryShnZF+XYjNuwcflXFfBu30TwL8S9UtNfuLa3vLdXtbeeU7YvM37X2sehZem7/are+LnirxP8SNe8QfD7wcJNN07Srdpdf1iU7G2bN/kxd9rL8vv7KpySveyNYLS7KP7O+g+GofjZ8Rrnw/breaXYlItOvotzxRq7fvURuh+b5d3ovpX00sifpXyP8N/ixqnhXwjd6d4a0ewt9N0W0jvX3J88yyS+U0r9y+7bn/BavL+1F4nVv8AkGWH/ftv/iqnllJ6B7SMd2fVHmbXbn7wp8bblY14L8OfjtrHi7XoLS8t7OKBpo0fy0bdtf8Au/N/er3RJAy4z81Rs7M1UuZXQPjdmo93zt/ErV474i+OWp6T4q1nQ7LRIb+fT/MfbmVWdEXczen3a4pf2ttQZsf8IxCv+00z1ag3sR7SK3PpcNtRqnjbua8T+Gfx8n8fa3Hp8ulw2SuXTeszM24JuWvVk1qCG/ltJcoyQpN5jN8pUsy/+yf+PVPWw73V0aE2VkbBqPndU7tB5aSm5CpJ8qbh95q5Pxt4uj8F+GbjWbiMzwW7ojx529W2/wC1RYZ0/tR5n3f4q+ede/a0s/D9/wDZr3w3eRSqiSjbNwVK7lZfl6ba1PBn7TFl401uz0+PR5rX7RIiebJOrKM/d+XbTcWldhzpuyZ7m7DYDn/gVV1kCtzWH4h8VR+G/D1/qk8ZnhtY/NdFO1tu5V/9mrx7Wv2stH0PUnsrvQtTinTa21in3Su5W/JloUZS2QOSW57/ACL8rfSo2jDKprzH4c/HbT/iJqjafb6fc2jeW7hp3Rs427l4/wB6vRmk8tsc1Ozsxp3VxzqVbj1qK4UbmNPZvk60y4kG2pKM9lDNmio5ZkRyKKnUR+UPxs8UR3XxI8UXEA+0y3GqXJG37v8ArWryB2e4v/NYjcx3GvSfGHw58V2+t373ehanazyTyS7ZImXOXZqwU+HuuKzO+lXKrjhWC7q7ltY8zl1ucfo/7nVbd8f8tFq7rmm3N9r0s8cRaJXVS30rrbHwDqcKqX06Rdv3Vbb/APFU698J63JtjSykRPvO29Fz/s/erQnVvRHm+paPcWLZuYzF5hZhuK81f8H6edQ1yyt95RXkVS3pWtqHw/11lQR2W5V/vTp/8VVvwx4P1nTdYt7ie2iiiQ7juuIv6NUPTqUvM9IXwfaTeH49OeOWW3W4eXd521i21Vqk3w10ZVbNvdL/AA/8fS//ABNdXoMk/wDZNvPeKqy/N5nllWUMWrxbXvjJ4gs7rZbvasjbsbrdfu7q0jayQztX+G+hKvzxXa/9vSf/ABNC/D3w/wB0ufl/6e0rh/HXi691L4c6HfXghluri7k+7HtXaFZegrzJfEUjLzGu7/ZHy027OxUad1dH0Mvw98OSbsfadw/vXaVJb+GdH00y3GnxXM96kDon77zeqMv3RXgytujV9nz+Yq7vrXqOjeItT8N6LONPvHsGkmf5otqdIk+83+81Rza2sJRscPfeB/EOl2C6jqOj3dnZr8vm3MLIpb+7zXP26pvTf8qd+OlerzX2p694A1v+1NZW8d7u3RJbm4Z0j+R2b6Vxsfh2zZEePVbTevXbIzLu/wC+auPmRLyF0H7JvY23mM2OWkFXNbmSOzbzPuMVU/7tN0u1treR/wDiaWcv+4XbH/jtJqsdpNIgk1i0iRR92RH3f+g1VzFRfMUbHQYptUsp4Jdy74/kb2K1c8ZWsUnjK/kQD/XMz+7bmqxolvZLq8UkepxTumz93FC24/MtGvNYf25fmW7lSVpnJjW1ZsfN/e3VO5sr9TAkYr8gPyrT9x8tOfvbqfcSaUr83d183920/wDsqcsmmMif6Rd7f73kIP8A2ejlJcWy7ov/ACErLH/PRf8A0KvUtNb/AImtv9W/9BavL9HvtOXUrVInvJZ967I2jRct/vbq9E0+6m/tS1Jtmibf/FIh/hb0q0tCUveO8Rqw/ES7o78/9Or/APoNbKNWbqlx9na8k8tZdkDN5cg3Kfl/irKx0s8q0eRP+Eq045G77RD3/wBtau6t4L1zUNc1I22mXTo9w7CTZtUjLfxGrVh4+1D+3rW0igtLdHkRX8i2RflLL+NdzrXxGj0fUryzj08zy2x2mSSbap+X/daixnGxlt4J1lvC+h2Ys91xbfaPMVpkXZvfcu5t1er6HC9vpdnFIAsqQoj7Tu+YKteSfFDUPtmk6HdbCqzbn8tX+XlEP/s1eoeFVMfh/TUcbXW3jUr/AMBWokaK1zooqvW/3lrPhar9t95c0ij7A/ZXbzPhzeoxHyak/wCsUVeyIw+bP3a8S/ZOkDeB9ZjJ+VNRVvziT/4mvbo8MrH7y1xz+Jo6YbHl/wAfPEmh+EfBsWoa/wCFD4vtVu0RLNbtrfy3KP8APuHsrLt/2q+ZP+GjPhW02xPg3Fuzj5tff/4mvc/2zo3m+Cd15XyumpWeNv3uWZf/AGavj74a/B228Xafrd/f6y2m/wBlzKkixW/nLsKbt33v/Ha6KcVY560uVn0z8A/iN4E8afFK38Pad8L4/DWo6hYXUX2xtUebMZT54mXb/Ft69qr33xQ/Z+sbqWCfw1L5sbuj7bW+b5gzK3zbv7ytXAfAHR4vA/7WHgvT4L86jA8bsk8kexis1u7bdv8AwGuXvtJt5vjFr1ndva+Ra3F+iQS7dpcSvt3KVrZQTkYTquEOax7LH8Uv2fdUmisI/DUkstyVhjjnt7xEdz8qqzb+PvferoP2jPiZ4a8K6p4au9U+HC+JWv8ARIbpLptVltvJTcyrD8q87f71fHmsXS6X428uJ7dbWPUo5kii/wCWeHXd/Divdv21Flk8JfCy4jKos2nTWskkh2r+7dMbmpciTsVCo5Q5rGfa/tDfDzVGWKP4RRM7HaI18RTf/E17J8LPiRoetfDS/uPDnw3+zxWuttDNpi6s7Yd4Vfzt5XPzbFXb/s18GyLbeWzRT2EDryfLumZi1fVv7F+rHUvBfjyJ2DOl7Y3f5pKjN/47UVUowdiqcm3Yl+Lnjbws1vcDWfhX5V/cwv5M/wDbkrMjbdqvtC4+Vq8p+EN9Ba+LrWeC3+yrDd28p/ebs/Ov/wATXq37R2miTS9OvAm7Y7xHaPVVb/2WvE/AzeTrU+P4oVcfgzVnT1gXtKx9LftTeEbOxs7XXLCzWCea4eK6ljO3e23cjMvTd8rfNWp8L/Lb9oTxrZ5OzWvDlhfbWO5n3xIrN/49W5+0cqal8JUnBZ9s1tNu/h+Zdv8A7NXGfDG+K/tAeBrvJZdU8DIhb/ahLL83/fFF24JM3W7OJ+H9juh8R6cB876BqFvt/wBqF4pl/wDQXrg5N+xjXr3g3TVs/jdrOlkf8xG+txu/uzxTJ/7MteMvcGONkcfMvyn/AHq3icFTodl8J7w2viFXJ+7Gj/8AfEv/ANlX2esm18g/L2r4c+Htxt163H98TRf+O7v/AGWvtTS7j7VptlOP44EY/wDfNc9T4jrou8DxTxPZrY/tFJv+5qCKh/ulZIlVv/QWrwy+sfs80kT5+UMp/Cvd/jUx0v4oeEtTHy7tilvo7L/7OteIfET/AIlvjPXLXcFWO+mUf7u9mH/jrV0QehhVRo/BDUPsPja2ydu26hb/AICdyNX1PrUj2viCzkA3edaOnTd8yOjf+ztXxr8Orz7P4mV8/wAG7/gSOrV9r3+jjWPsEvmBfJLv8w3b1K7dv/oLf8BrGfxXNqOsbESa1L5aoYwz7vu7F2isn4l2o1z4Y+JbfYVd7R3C/wC0nz/+y1qL4VEbZEqr+FXJNJT+yrqyc7/tEMidNvVNtZJq9zezPir4wKLi38L6j/z9aTGpb/aRmX/4msT4XaobHxFZzg/cKP8A98Sq1a/xFjM3wp8Lzn79jd3Vi/t91h/6C1cV4HuP+Jpbj+8XT81/+xrst7px7SPvrxNZjWPDGs2f3lurGZEX/a2Nt/8AHttfGXxj+a88P6h/z+aVCx/3k3I3/oK19n+Fbgal4f0i5zuWa3jc/iq7q+PPjTp5t/Cehn+Kwvr7TX9trqw/9mrKjudFT4dDS/Z91b7H4404l9qNOqH/AHXRl/8AQq+yrhhsQ7vvV8DfC3Ums9Ys5x8uzY//AHw6tX3eswmt1f8AKoqfEOl8Iv2j5v57qZNcGRV/h20x1+VeD/vVHKxVcgfNisTcgbfnr+lFQ/O3NFID8o9Q8Li4uWc6nqG1juMfntWdqlvZaTbKBIQ2Vy0szM238ay9UmubXTU05J2nv36qp+VF/Gs1LFPsGPKF1Gz43MOrfxfNXoHkK/Vj/EWvfYbdY7aDdLIm4S7PkC+tclHNO0juZWfajN1Zv4a15rM6b+4iB81vl3SH5U/vfLTL6+ks9KlSDbAqBcbR3/vN60/Qtb2OauvNt3USFgWG779bfgzc2qM5+bZDI3/jjVz1zdPfTeZKQzY2/KNtdJ4N+V71/u7bV/1+WiWwX1se+eHV+z+EbAHO1bTftz/vNXzB4gmP2yL/AK5ivpuRvsPgnzW+VVsNob/a8rdXy/r2ftyj+6iL/wCO01pYqx1PjpvL+G/g2L+/9ol2/wDAq83T5mGK9E+JOI/C/guA/wANiz/my159Cv75B7rSfxG8fhOrtof3cX+1dqv/AI7Xba1+50O6/wB+4/8AQYlrlbGPd9iH969b9FWum8SNt0Wf/aNx/wCjVX/2WlbW5kZ9u3l/CXVv+mmqRL+UTf8AxVcLp+oGznHP7tuCv9a7qZRH8I58n7+qt+kKf/FV5ysZZ8IN3+zTu0wSurM66z8qOR3jx8/XbWbr2+a8QAFmx6U7QbdoYXyCu4/drTuFuI42kgwGX+8N2a03Rz6RloaXg/S5Y9Yinc7UYxqF9elaGqrH/at1IYld/Of5tvzfeasnw3qV23iWwgyFg+0Rj7n8O5aiupJ/t94UcrvmkbdIfl+9RcpRbKGrQzXVxLNdv5ESjaFU7sUzbEthG6ZiiQsxjYfM9OeSS63FyGRX5aQfw7e1V9SWSaNHQj5izbWoHbWxq+HIbaTWLB0c+ajq21jXq9h82q2+f9r/ANBavJvCtnKutWMhjDbXXLZ6V6vYN/xNIP8AgX/oLVd9CLe8dgjVla43+j3/AP17v/6BWijfNWVrjf6Nf4/593/9BrFG8tFc840CTy9bRPl2vJHlm7YbdVvx5qkdn4y1aNxuZ3/9lWsvzDp+pWahAzSPGTuP8JZan+Jke7xpqT43bWXP/fK0hRXMdh45WObwn4VJOxWjX5v+2SV614fmE2k2UkZ3I0KMG/4DXk+vwx3ng3wqkoLJ5a/d+Vv9Stel+EWC+G9LAztWBFFTIuK1sdRC1aNv2rLt2rQtm+ZagZ9Y/sjybvD/AIjjP8N1C35o3/xNe9fd3EkV88/siyBrHxNHn5t9s3/jstfQiRnb89ck/jOiOx47+1lZ/avgf4gOfmhktpQy+0yf/FV4R8IrE+JPDeoxyzx2czTQtdSQbXV/lddrfd+9/dr6J/aQt/M+CvjIbPuWiy/lKhr40s/E3hu3VtPH2nyHKtNAqMylv4t1bU9Y2MKzcZJxWp6Jptqvhv8Aas+GkiOJYneCFJV2rnHmo3yjp95a80+O10dF+Onjq2SRrfbqsz7vtHkry+f7v+1VzwZHFY/FrwbPYQH7PY63D5kuzawX7UqbW/3d3/j1dX+0b4N0yb9oLx1Pq/mpatcRsGi/gZ4kbc3/AH1XTHeyManwXkfPt/cSXEySAtKyoz+Z5zS/7X91cV9VftXM83wL+GWqRgM1vfXUG5vfc3/steQXFn4W0/Skgs7Yajf2se6aRUZRJlf4q99+KGgp4u/ZD0Od7jyGsL5LgfJu35t/u+27f96nLRpk02nB2PkizjvG0+6vLl/sdvCiMJPJXMjE/Lt/8er6A/Yk1AzXnj6zKKrPpdvcbV/2Lj/7OvIJrHTofACB9QWSfG5LbzvmHz/3f/Hq9Q/Yx/0P4oatafw33h+6xz12Oj/+ytWdX4Wh0Wrnq/xs017zwjfvGR+7h3mNu67l+778V80+EV8vxBAP78Lp/wCPLX194s003XhnV7N2Vl+yy/wL/davkTRYfsviCwP/AE2YfmrVyUHobS+I+wfHSvrH7Pu84fbpdvMG9NjJuryTwDqiw/Eb4FXYfbvh1LR5Of8AbfC/+RVr2rR4xrH7PssG3e39l3MXy/7G/b/6DXzhoMkVv/wq/UfM2y6f4zaGbb2SZYWX/wBAatI6xaZ0rdHpPiSRNB/aSlncbUe7t7j/ANFP/wDFV4d42tTovi3XLJv+Xe+uItv0lZa+wPG37PuqePvHX/CSafqdjbxRxpFJbzl/NLIjL2XHzfLXA+P/ANkfxn4q8ea1rFnb2f2O/uGuI/Pu9mN6qzfKFbvurSEo9zkqQk9keAeA7zbrdq5G3ZdIv/AXVlr7b8DzfaPCWlv/AHY9h/BiteG6l+yb458H20WoCztLxVdHaLT5Hd02tnoVX+7/AOPV7R8PYbi18N/Z7u3kt5Umf93INrbS27/2aoqNN3RtRi4rU81/ach+z2fhrUP+eV0ylvoyP/7K1eA/HuN7f4kajIPu3MdvdD/gcKbv/Ht1fX/xE0XwZ4i0+zsPGesNo1lJO3kTxyKjGTY3y7irDbtP3v8Adrznx58Lfhf421aG9k+KFja+TbpaiOPypWdUzhmYN12sq/d/hqoSSWpNSm5bHzT4R32viC1z/wAtC6fmn/2Nfdfhm8+3eHtNuB/Hbox/75Wvnrxd8HfCegx6Xd+GvGi6zcb1l8uSBtpQf9c0c5/2a91+HsMsPhHS45MMyw8cMvy/N6qpH/AlqKklLYunFxVmdMkm1m6fLQ837xc527qgZdr9aiutQgtbaW5nkVIrcMzyMdqoo+9urG5vc+SviJoJj8G+OdLRNzaV4gW4RV7I7On/ALOteN+G45LG+glkRgqTI3619uar40sriSezvPBWg6pZ3kzIl1/aKRNdKPm/fMEbn5f4jWTr3hPTte0GeOD4ceGdLt2TeLyPUWd1UfxIyQmt41o2tc53Bt3R0fwnvPtHgPS1z80YeA/g7f8Asu2vDvjp4Xu5ND8XolpLsh1yG9gby22uJk2ttbv8zV6N8O/Fln4ftotHMflbf30jSTKyhXbauzO1zt+XPy4O7itub4ja5H4oi0vT/EsEVldbXt4m05LhYf8AgW9fvfe+asVWjB3ua25lY+O/Bun3mn3lv59vNArO6bpI2VeVr7m8K3X9oeG9Onc7fMt0c7v722ub8VtP4g/4lniPxpa3CRnzfsf9l2/H3fm2/P8A3l/76qLR/Hmj+H7ltCnlWJLNFQXKp8rf3tyhcD+98vFKpiIPqKEeQ7x5Dt/vLj1prSI0eMjavvVJNYtJLFrgTr5SbmPKthR/sj/gNY91440OO1S7+3xtE7qg8sfNuJ/iXtUe0ilds10NlWHPI60Vkr4o0Y8S6rYwOODHNOgYfX5qKXtI9x6H49XHmXju8qS7X/h+6w/4FV2O8FrZxQRhlSMbRuG5v96opJH/AL5b8aqyMfLXLn5nb/0GvTueVEgmjLPlEkb/AGpPvNWbray/2XKnl/MSv/oVajKFZjn9ayfE8m3Sl4+9Mv8A6C1IadznEs5FXOP1rqvCMLrb6ixP/LFV6+rrXJD7vfbXZeD492n3v+28Kf8Aj1V0Dqe1+JlFv4O1Ef8APOx2jn/YVa+ZdeUrqs6j+Eqv6V9MeOpPL8K6sg/uKn/jyrXzZrEZk1a4fb8u/G6tI9Bm98Vv3cfhmD/nnpUf61xGmw+dqFvH/ekVf/Hq7b4yMV17Toh/yz06Bf51xWjyFdUtWHO2RTR1N4/Ad/pKxTXlmiQKipI7j52+9u210l1ZpeNZW0qfJcTKrr/svct/7LXOaJcf8TDTtsSoshfPLNhd3+9WzrF5LZ2trcxEefGElRsfxCZ2Wpa1OdbXDXrwXHgK4Pl28S/a7lUiggRFRQ0Kr8oXrtZvm615naqv2jIBbj1r0TxJqEk3gG1kW3trX7VcTh4oI9qfeTdtyzfxLXn1nDum69qfKO6tY6DR7fzEc52c1p/Y/lbMhqto8J+zPj1q7JvVf9mqsjmvrYp+Hbcr4zs8Yx5qPRqy+ZfOh+5lv/Qqs+HYwvieynLfekVFWqFxI7SO5O5mLf8AoVS/I2TZnTRiPeEG1c0SMfJgx6f+zVO3y7jx+VRtMWeMe1K4zW8P/wDIas+flytejWDf8TS3+v8A7K1eeaDJ/wATS3+td5Yyf8TCD/P8LVrHYhbnYo3zVQ1vP2O/P/Tu/wD6DU0cnzU5Vm87eNrL/db+Ks1o7s21ex5G8h/tW1fP3XjUMv8AvLWj42kP/CWakg+6Ru25+X7q16TeTSWqLILe2Xn/AJ4r/wDE1yPiTxlLouuLaizsXgPls8klurvyis38VUncS8zS1q6e38DeFbhMK6ouN3/XOvQ/BczTeGdLkONzQLmqNp9pWNUeOF1ULhfLTaP91a2bORlhQOFRv7sf3azvfY0UXe7N23atK1asS3krUtZPmWsy7M+pf2Qm+bxQgzuWO2b/AMelr6MVn7Y9q+aP2RZN2oeJkzt3Wtu3/j7f/FV9LIoj+5/vH5q46nxm8djmviRo7+IPAviDTRG07XVk8QjjTcS391V718R337Nvj1fEzyaX4S1me33/ALtmsHZNu3+8dv8AFX3hq3/CQrqenXGiS6bFBDvadb4O3mN91VXZ0C/e3US3HjW8+/rGjW/r5WnSyt/4/NTjPlJlDmd2fLGi/Afx7a/2dcQeA76C8e/866kcoioivE64V34+ZS3y8/LXuXxY/Zr1D4jfEK/8Q2fiex0u3uTGyRSW7O4ZEC7t25f4l3V1raT4nuNpk8YMn/XrpNun891DeGdVk/1vjPX3/wBmJ7eH/wBAiqvavoT7KNrM8+f9kvVb638u7+JU7L/0ytP/AEHMvFdhH8DYo/hcvguTUFv4obiGZLieF1aRUiVG3KOhba38VWv+ELjuF/0nX/EV1/101iZf5baif4c6EzZliurpfvf6Tf3Eufzep9oy/ZRtY4ub9kHSo7G6jguNLsJZkZPtLWTyuMrtZvm20z4d/sz6F8LfHGm+IR44jupLaxmsp7WeKGFZfMRkZlPm/KBuX72fu13K/DvwvHJzoVi20cNJHv8A57qux+E/D1qreXo2mp937tlF97/vmp53awKlFbFDVPCvhG4s57e58Y2qLJGyFo7q2VuV2/3zXzT46+AunaTrXm+FvE9hqlrGUlRrzVbdH37fmXhelfWVvY2EbL5NnbKy9PLgRf5LTlYLtPCK390Uoy5NkU4J7nnnwpt3uPho+kXDqtx/pFufImWVR5n9114z826vmO+U2vwZ8TSINs+ia/pupBl+8PmeJq+3JGG5TmR9pX5Wr5EvtL8zRfjT4fI+f+zpLhI2/vQXG/8A9BrSEtGVtax9O3ngfQtcvn1WWK4e4vQsryR3cyZUruVfkdeP9mom+HPh9VwdO3t/01uJn/m9Hwo1r+3vhd4Q1Enc1xpVsS3+0EVW/wDHlrpbhg1Y3Yzm/wDhB9D8vH9lWjJ/dkj3/wA61LPT7fTYUt7a3itbdekUCKiD/gIqw0g3d/mqN5Bt67mou+ozO1VbWG2aW88v7PGdxaQLtT/a9q8g8Z/GjQPCOsPp+xI2jnWJ5543WLaV+VkYLyP4t3+7jNbfxp8ff8I7a2ekG3mZtUSTMsXyqI0Xc6s25eGX5T8wwGY7q+DfiB4sv9S1W7e4eUxXM7unmBlUr+K8jbtUe22o1kzGcnHY+ttE+Kmjr8RBBeXMkFpJuX7T5m2Le/zMjL8oGxlVQ3Jxu+Y9rGl/HzQ18QXl/Lc3i7z9ktLWN9ttLjcVaX5fkf8A2vTrXwzpviqe3upZMsquNjqvzZUrt7/+zV0D+KLLT4bWOC2mguLgq0zNtbYvzL8qj/vr5v8AarJxcXoZe0bPtDx18ZLu68C/a9Ot7+1vPOa3njtoWZI2Cq+WlH8DK20e614Bqn7R13deHpdPLyJLHIjIrnzopsMvDoePfvk0nibWLSH4dayg1y61FPMt/IW5doW4ZWCqvzYOzevttb5sNXz7qt5DNMrx7tq/33XdtX+HjrSo2qq8t0wk2e96f8YL2+0q4tr+7XyrpGiuIIC+4p/eb7oz935vTdnNbOg/GbUY7ey0bTLyW1062TZ5cu3aHX+8Dxj5ePmr52Vpbq+WKyk+2RMy4kkG1uf9ktz91q6zw3qUkN55lu8UX2cbkXZu85Pm3bWH/oLY9DWVSiknJE3fc2vHPiTWNHke4e8+0Wt/G+JVuGbeu75t6huqt/DyBuyKpeEviBJ9vRri5MstwV33LfJLH/ut3/r/AHayfihZ2WpWdvrmnPFt3rbzwRfKocruRth243bXX6rXBWOoPDNlUVWX2/8AZa0pw9rStINU7o+k/E/jLxDqFtZzRXsi2UzvDNc20jSxCFGXbuUc/L8rbdteW3HxC1ix8QvjU2Zmk2ieOT5Xx8qsrfTpT9BvtUuLPmA29kjqouVfClt25VXPUfy71yHi7VE1bxDcSmN1uG2o+0LtDD5fuj/P1rOjCzcCm21c9/8ADHjw3iWFrJcyvE6N9o2uuJlK7WVsfxru6/7KnmvNPEHxI1e41C/S41W6RoZ2ZIpx+9dt235vQ7ay/D2n65o6R3P2OSW1v42UNAd6uob7vHKHco+VsGrPiTwrLrVu97HbX0GpKPuyY2Ovyqq7j90qtCiozd1oVaclojMk8fXM0jPNcyeYTz87f/FUVBa+CdfWL/j0t03HO2SVM/8AoVFdXLDsHJU7HlUclstzF9oMv2ZivmeUBv2/xbc8Z/3qq3LJldh+TLMN33ttJNbyt0Qt/uimvpt7cFBFbTPtH8Mbf3q9Xl1ucaelhqzR71MuWizysZ2tt/2ax/FtxBIifZ4mSBpm2RyPuYL/ALTcZrd/4RvWJEwLC4/4FG1UNU8F61dLEgs2+Usx3OFx+dPrcaZyO3/OK7/4f6eb6zlAdV23Ebnd3x/DWQngPU9v7x7SD/rpdIv/ALNXZeB7e38O7ku7+03NIrfupt/930qtegbno3iTTxq2m3dsZPIWSRfm2b+j7vu/8BrzyT4R2ckzzy6hdNuO4qluq/zavSJJNyZ/vSbqiuJNsb/StlEVz5/+MzBvGkqr92O3hQf98VxdhlbyLH3t1db8WG8zxzqP+zsT/wAcWuVsI/8ATE+tZ/aOhNch3+j4j1TT0CD5Y2b/AMer2HQfCOl65pMH2myV/wB2qlmmdc/xdv8AerxvR2/4nVn/ALMP/s1e++DW26TFz2X/ANBWole1zKGrszy344aXbeH9M0iysoxBAvmP5e9n+Yt83zGvJ7OTa2RJGrYr2f463nk3+mjy4n/dt/rUV/4vevLk1a4XiMxxf9c4UX/2WtI3aFIv6PMjWzfMrNn+E7qvM08kbAJI6/7MbVh/2xet/wAvc3/fe2mNeTyffllb/edmrVKxi463Z02hwyR6haySxtEscm/dINuPlasr7LO24v5UTN/z0mRf/ZqydxZuTQq0mi1dF+Sz4wbu3X/tpu/lTPscCuhe/i+X5fljdv8A2Wqv/AqF/wC+qXKupVkbOn3VpY3KS+fJLs52rDt/m1bUPjKCG4SQW8j7f7xVa43cakVXb+A4+lNWtYXLrc9xtboTIr/3grVpQyV5pZ+OHt0UPZn5Rt+//wDY1rW3xEg/5aWki/7rrWTLOv1qT/Q1/wB+vMPHzH/hIlI/iSH/ANAWui1Tx9ZTWygRXAbO7otVda8MnxJJBqcF7axReRGxjkPzDCDd0p9A3ep6tHN8tXI5vu1yMfizS5G4vI/+BBlrQh8QWTKuLyFv+B1iaJnW21xWzZybmrjbPVreTpcRN/wNa3rG+DbcOG/3TRqaLe59Vfsg3A/4STxBHn71gjflKP8A4qvqCH2x/vV8jfshXgbxnq0f8T6bx/39SvqpppI2XeuxW/vfLXDUb5zWOxqL823j/ZpqN3L/APAlrKfxFp9q37/U7SD13Tov/s1Y918UvCmn7vN8R6b8u77s6t/KoSb2Q7o69W2tkHbuoZn2bw27d0rzyb42eELdMpq7XG07f3FvK/8ADu/u1kah+0R4bs9vlwaldK3RlhVF/VqfJLsF13PWnZGRulQMw65+leJ3H7Tlm277JoUr+jS3Srlvu9lasi6/aYvJFl8rQLZWX5dslw7N/wCgr/s/99VXs5MfMj6D8wb2P8Xanfe8zA+7XzTcftHa/IzCC20xFxwywuzf720vWTeftBeM5I2Md/bwJjhra0Xafm992Kfs31DmXQ+qVmdXwCF/3RTdz/NhCzdmxXyJefFzxZdSMH8QXiI/8KzKn/fLJtrIufFmq3zMJ9bvpX7rJcOzf7XylmzT9n3Ycx9lXV9Hbq3mzxxf9dHVf518u+JNe0fQ/jp4mtLu/tEtda065h8yS4RYszW+5dzbsffVl/3q4NrhbhmxE074/wCWvzL/AN9beK4Hx94Zv/EGt6MLeyuGXdukn8jckabt21mHX+KqioxvdifNa6R9Cfs+/HTS9B+Dfh/TL+KaW6sBJbny3VV2iVmXr/stXYP+0lZTLKItIk+WTyg0s/yn7vzcL/tV8+fDrwfrPh+HUbeWMppo3TWn7tN7OWXcj57f7VZ3i3wf408RPFLHbW9v5W7CwXuxip/vY21yOoue1tPU0UZPoe66t+0teRw/6JpdqJd+BHIX+7u2s3/fPzVjXX7SmsSO6RfZ4Pvbdtvu/nur57b4X+Pt3yCT/wADl/8AiqryfDn4hK2wG4X126j8v/oda3XRoOVnqHjP4rar4y0W8s9VvS9m8m+Fo41Vhhfl6L1Xca+e/F2mz3GoYtEv71Ni4kljdmL/AMVdlH8K/Hcj/PPj/ev93/s1XLb4P+KftCSS3dujIVb95cM3/srVHNrdtB7Hm3PIE8C+Ibh/k0m82t/E0LKtb2i/DXXZrlYp7BreByq+bPIqoPm+82Gz8v3q+irrwykir5t5s9fn/wDsaZH4ZsI/vzs/+8W21k6kmbfVKa3Z554M8N6hpcd6b8q0vkMlu0tx5qO27btlX0ZGZfl/ur8tY2qfAm21BbeTSr9rf9yqXUckbSqJP7yPuXhvvbW6V7Omg6buXcdy/wB1jV+PT7BVwgXb97aztt/9CrNJxfMi1RoxVj59T4Hpbv5dxrErLn/Vpaf/AGVdHonw7stBjcQS3U87bVSVkVWT+8q/723ndXsLWab8xRWu7+9tp3k3G7ny1/65lV/9lqpOUtx+zpR2ieN3Xwh0zUJpZf7Pul3ncY/PZYt3+6KsWfwVto1/d6PbN/tSu7Z/Nq9faOVevmN/uzUbU/igl/77/wDsqetrXHyw6ROAs/h/eW8bxj7PBE3/ACzjC7amTwD5fyvdqi9/LVv6LXcoyL2mVac0kfaSZfwqUrbFLTZHGw+B7ONvnuZn/Db/ADq+3hPTGVcxl17+ZIvNbrSJ0+0SL/vJ/wDY0w3CKvE4f/tjuoAy08M6aq4+xx/i9FaP2pv7rH/titFLlQHxBc+JtT3Ntu2T/rmFX+S1l3OuahNu339y3/bRqfeLsbr/AErPaMyOwzgfj/jXurQ8CxBcX1xM3z3Er/7zs1U5GLNz81XltfM3Hdg/Tj9KkXRRLwZv/HBVXSEYzN83Sp9NUyahbpn70i/+hVs/8I1EW5lY/hVqz0OG3uElVm3I2RS9og1e56HJdbkTGQmfSo5pDIjAIzfg1YU+oXVvbbxO+fQcCsGbxBcycFpP+/rf41r7RE2Z558QLd7rxlq0gP8Ay3b/ANBWsaw0+RbhCQzL32ivS2sxcTOx2ht2SdvX9aRbNPU5/D/CsnLW5etrHM6e0seoJP5Em1U2fcr3LwvrVnHp8EYvLbdhflkfYwbb93la87j09FlUFm64BB6D8a2F0m22/Onmf7xqXIImN8XmfVNat/KkW4Cx/wDLN1ZU/wBniuFTQ7uTolehalbQQvhIgg9sf4VUhVN3C/y/oKFUsrIfKclH4duG64qxH4Zk7yV29vp/msqhwm4Z+6eP1rp9H+Hf9qKp+3iMN/CYNwH/AI9T9ow5TyZfDIXrmpE8Pr6ivcI/g6jNltVyf+vf/F6y/Gfw5h8L6H9tW8a4bzNmxo9q/Xg1PtPMOU8oXQY1/ut+FSro6LzsC/hUs2pSN8ijaPzqul7NNxv2/QCnzeY1F9CZdNTsAtTrZhe9QizlkVSbl8nr1H8jWja+EheHDXbfimf61HPFbspRkyv5cEfV41/GmtJZd5V/4CN1dbZ/CdJiR/aW3HpAf/i62rb4G28pw2qn8Lcf/FVHtqfcpUps8ukbTJOSGf8A3RUStp8fKWkrN9a9vs/2f7OSTa2rSfVYAD/6FV1PgFpcf3tRuW+iIP6Ue3iX9WmeDtcbv9Xbsv8AvPUsMkrffjK17j/wpzRbd1DXF449nVf/AGWpIfhboIXgXZ/3ph/RaX1iJf1eR4rC26tO1uJI9uxyv+6a9hh+G/hpVxJZXDn1FyV/pW/afCnwnJ8p02Yn1N0/9KX1iIfVpmR8AfEmo2Ot6iLTULi1d7LbuWd0/jX5dwbNewTaxeyX8sdzPM3mbcefcMd/+6xZuawvDPgLQfD0klxYWkkErL5bN57NkZz3rrY7YLtChML0ygNYPEKTujaGHdrMx2uhsd0Qyuo+63zNuH/AauP9smZkCSTwO5x5aMGHy/7y1ow3TRSkCK3J7sYuT+taMWpSCPeVQN/sjA/rU+3fRAsPHqc7FY3MlwrCOZm2Ku5Qv/oP+fu1Yi0XUWhcLaMjMVZJI32/MP7y12ul2japGrvKVHpjJ/OtCTS4bdeTJJ9XOKj20+hfsYo4JPDt5NtZ5RFOg2/w7ast4XWZsvPEnXKr712kdrBJ1iA/U/rWbNqAt38uC3jjP97GTUe1n3L9nHsYX/CKxMi+beStsO4SKNrf99VKmg6XC/MssvG0q0ny/wDfNSXt3NO/zvn8KzpPOb/luQfpRzSe7GorojUTTdLhXi0Dbfm3MaezWi/8u0X/AAJK56QyD5WlZh7Ej+tJHOneIN/vHNI05WbzakkK/KY1Vf4VIqRNe2rgH5v+mY3Vh215G7ZFuqn2NaMLFhwdv0pWQuUdJrjxvnMvzdfk21MmtRSKpMrK3+1uqlBfM0jDGAvTn/Gpnk3R/MqsPQqKQaEzahHI2RKKPOLdJ9i/3l21TjjidcGJR9KT7FBJ/Aw/4FTvHoCsTvDOz8XJZaia1kVusb/9dA1Qrp6Y3JJIh/4Cf6UrJLDu23Eg/GmaWJ0aVVyIIf8AgNKbqdW5g/75esqS+u15+0Fh6MoNQ/2vcfx7G/3QV/kaAszYa8PeGT/x2j7dA3DxN/wJKbazNM3JI/X+dWo49/OePTGaVySlJdWS9Rtb/cqNLy2kX5IGb/dFWbiYRlgV3fjisyXXTHIsawAH+9vNA0rl7a8n+rgdf96ShLW66+btX/ZdmrpvCvgiXxQsbvqZtkcfdjgBI+hJruIfg54f0uWIXrXmpb/WYRAfgoqkrkt8u55I6+SuZbzb/wB8062vEuG2RCWd/wDpmmf5V7Inh/w5o968dt4ds2AiLBpx5rBgcZy3sR+VbP8Awki6WFS20+1hJXrGgGPoMU+XuRzJ7Hi1v4f12+b9xo94/wDtPGyL+tbNt8L/ABDcKhn+yWCP/FLNuYf8BFevX11PcWqPPIJiGwMqAAfUYrwr4hfHV/DOpHT4dFE7q3Ekt2Qv/fKqP50uUXMdhH8D7uZQ8uvW4c9fLQ4/VqK8a/4aO8Q3Hzx2GmRIf4TCX/UtmilysfMf/9k=\" alt=\"\" width=\"898\" height=\"598\" /></p>', '2019-03-27 07:36:37', '2019-03-27 07:37:00', NULL, 1);

-- --------------------------------------------------------

--
-- Структура таблицы `password_resets`
--

CREATE TABLE `password_resets` (
  `email` varchar(191) COLLATE utf8mb4_unicode_ci NOT NULL,
  `token` varchar(191) COLLATE utf8mb4_unicode_ci NOT NULL,
  `created_at` timestamp NULL DEFAULT NULL
) ENGINE=InnoDB DEFAULT CHARSET=utf8mb4 COLLATE=utf8mb4_unicode_ci;

-- --------------------------------------------------------

--
-- Структура таблицы `permissions`
--

CREATE TABLE `permissions` (
  `id` int(10) UNSIGNED NOT NULL,
  `key` varchar(191) COLLATE utf8mb4_unicode_ci NOT NULL,
  `table_name` varchar(191) COLLATE utf8mb4_unicode_ci DEFAULT NULL,
  `created_at` timestamp NULL DEFAULT NULL,
  `updated_at` timestamp NULL DEFAULT NULL
) ENGINE=InnoDB DEFAULT CHARSET=utf8mb4 COLLATE=utf8mb4_unicode_ci;

--
-- Дамп данных таблицы `permissions`
--

INSERT INTO `permissions` (`id`, `key`, `table_name`, `created_at`, `updated_at`) VALUES
(1, 'browse_admin', NULL, '2019-02-12 22:59:27', '2019-02-12 22:59:27'),
(2, 'browse_bread', NULL, '2019-02-12 22:59:27', '2019-02-12 22:59:27'),
(3, 'browse_database', NULL, '2019-02-12 22:59:27', '2019-02-12 22:59:27'),
(4, 'browse_media', NULL, '2019-02-12 22:59:27', '2019-02-12 22:59:27'),
(5, 'browse_compass', NULL, '2019-02-12 22:59:27', '2019-02-12 22:59:27'),
(6, 'browse_menus', 'menus', '2019-02-12 22:59:27', '2019-02-12 22:59:27'),
(7, 'read_menus', 'menus', '2019-02-12 22:59:27', '2019-02-12 22:59:27'),
(8, 'edit_menus', 'menus', '2019-02-12 22:59:27', '2019-02-12 22:59:27'),
(9, 'add_menus', 'menus', '2019-02-12 22:59:27', '2019-02-12 22:59:27'),
(10, 'delete_menus', 'menus', '2019-02-12 22:59:27', '2019-02-12 22:59:27'),
(11, 'browse_roles', 'roles', '2019-02-12 22:59:27', '2019-02-12 22:59:27'),
(12, 'read_roles', 'roles', '2019-02-12 22:59:27', '2019-02-12 22:59:27'),
(13, 'edit_roles', 'roles', '2019-02-12 22:59:27', '2019-02-12 22:59:27'),
(14, 'add_roles', 'roles', '2019-02-12 22:59:27', '2019-02-12 22:59:27'),
(15, 'delete_roles', 'roles', '2019-02-12 22:59:27', '2019-02-12 22:59:27'),
(16, 'browse_users', 'users', '2019-02-12 22:59:27', '2019-02-12 22:59:27'),
(17, 'read_users', 'users', '2019-02-12 22:59:27', '2019-02-12 22:59:27'),
(18, 'edit_users', 'users', '2019-02-12 22:59:27', '2019-02-12 22:59:27'),
(19, 'add_users', 'users', '2019-02-12 22:59:27', '2019-02-12 22:59:27'),
(20, 'delete_users', 'users', '2019-02-12 22:59:27', '2019-02-12 22:59:27'),
(21, 'browse_settings', 'settings', '2019-02-12 22:59:27', '2019-02-12 22:59:27'),
(22, 'read_settings', 'settings', '2019-02-12 22:59:27', '2019-02-12 22:59:27'),
(23, 'edit_settings', 'settings', '2019-02-12 22:59:27', '2019-02-12 22:59:27'),
(24, 'add_settings', 'settings', '2019-02-12 22:59:27', '2019-02-12 22:59:27'),
(25, 'delete_settings', 'settings', '2019-02-12 22:59:27', '2019-02-12 22:59:27'),
(26, 'browse_hooks', NULL, '2019-02-12 22:59:27', '2019-02-12 22:59:27'),
(47, 'browse_sliders', 'sliders', '2019-02-13 00:41:21', '2019-02-13 00:41:21'),
(48, 'read_sliders', 'sliders', '2019-02-13 00:41:21', '2019-02-13 00:41:21'),
(49, 'edit_sliders', 'sliders', '2019-02-13 00:41:21', '2019-02-13 00:41:21'),
(50, 'add_sliders', 'sliders', '2019-02-13 00:41:21', '2019-02-13 00:41:21'),
(51, 'delete_sliders', 'sliders', '2019-02-13 00:41:21', '2019-02-13 00:41:21'),
(52, 'browse_products', 'products', '2019-02-15 04:23:56', '2019-02-15 04:23:56'),
(53, 'read_products', 'products', '2019-02-15 04:23:56', '2019-02-15 04:23:56'),
(54, 'edit_products', 'products', '2019-02-15 04:23:56', '2019-02-15 04:23:56'),
(55, 'add_products', 'products', '2019-02-15 04:23:56', '2019-02-15 04:23:56'),
(56, 'delete_products', 'products', '2019-02-15 04:23:56', '2019-02-15 04:23:56'),
(57, 'browse_news', 'news', '2019-02-15 04:47:06', '2019-02-15 04:47:06'),
(58, 'read_news', 'news', '2019-02-15 04:47:06', '2019-02-15 04:47:06'),
(59, 'edit_news', 'news', '2019-02-15 04:47:06', '2019-02-15 04:47:06'),
(60, 'add_news', 'news', '2019-02-15 04:47:06', '2019-02-15 04:47:06'),
(61, 'delete_news', 'news', '2019-02-15 04:47:06', '2019-02-15 04:47:06'),
(62, 'browse_contents', 'contents', '2019-02-15 04:57:14', '2019-02-15 04:57:14'),
(63, 'read_contents', 'contents', '2019-02-15 04:57:14', '2019-02-15 04:57:14'),
(64, 'edit_contents', 'contents', '2019-02-15 04:57:14', '2019-02-15 04:57:14'),
(65, 'add_contents', 'contents', '2019-02-15 04:57:14', '2019-02-15 04:57:14'),
(66, 'delete_contents', 'contents', '2019-02-15 04:57:14', '2019-02-15 04:57:14'),
(67, 'browse_stocks', 'stocks', '2019-02-28 02:32:04', '2019-02-28 02:32:04'),
(68, 'read_stocks', 'stocks', '2019-02-28 02:32:04', '2019-02-28 02:32:04'),
(69, 'edit_stocks', 'stocks', '2019-02-28 02:32:04', '2019-02-28 02:32:04'),
(70, 'add_stocks', 'stocks', '2019-02-28 02:32:04', '2019-02-28 02:32:04'),
(71, 'delete_stocks', 'stocks', '2019-02-28 02:32:04', '2019-02-28 02:32:04');

-- --------------------------------------------------------

--
-- Структура таблицы `permission_role`
--

CREATE TABLE `permission_role` (
  `permission_id` int(10) UNSIGNED NOT NULL,
  `role_id` int(10) UNSIGNED NOT NULL
) ENGINE=InnoDB DEFAULT CHARSET=utf8mb4 COLLATE=utf8mb4_unicode_ci;

--
-- Дамп данных таблицы `permission_role`
--

INSERT INTO `permission_role` (`permission_id`, `role_id`) VALUES
(1, 1),
(2, 1),
(3, 1),
(4, 1),
(5, 1),
(6, 1),
(7, 1),
(8, 1),
(9, 1),
(10, 1),
(11, 1),
(12, 1),
(13, 1),
(14, 1),
(15, 1),
(16, 1),
(17, 1),
(18, 1),
(19, 1),
(20, 1),
(21, 1),
(22, 1),
(23, 1),
(24, 1),
(25, 1),
(26, 1),
(47, 1),
(48, 1),
(49, 1),
(50, 1),
(51, 1),
(52, 1),
(53, 1),
(54, 1),
(55, 1),
(56, 1),
(57, 1),
(58, 1),
(59, 1),
(60, 1),
(61, 1),
(62, 1),
(63, 1),
(64, 1),
(65, 1),
(66, 1),
(67, 1),
(68, 1),
(69, 1),
(70, 1),
(71, 1);

-- --------------------------------------------------------

--
-- Структура таблицы `products`
--

CREATE TABLE `products` (
  `id` int(10) UNSIGNED NOT NULL,
  `name` varchar(100) COLLATE utf8mb4_unicode_ci DEFAULT NULL,
  `img` varchar(100) COLLATE utf8mb4_unicode_ci DEFAULT NULL,
  `mini_description` text COLLATE utf8mb4_unicode_ci,
  `description` longtext COLLATE utf8mb4_unicode_ci,
  `price` int(11) DEFAULT NULL,
  `points` int(11) DEFAULT NULL,
  `created_at` timestamp NULL DEFAULT NULL,
  `updated_at` timestamp NULL DEFAULT NULL,
  `deleted_at` timestamp NULL DEFAULT NULL,
  `is_present` int(11) DEFAULT '0'
) ENGINE=InnoDB DEFAULT CHARSET=utf8mb4 COLLATE=utf8mb4_unicode_ci;

--
-- Дамп данных таблицы `products`
--

INSERT INTO `products` (`id`, `name`, `img`, `mini_description`, `description`, `price`, `points`, `created_at`, `updated_at`, `deleted_at`, `is_present`) VALUES
(10, 'ABSOLUTE ENERGY', 'products/March2019/39RYcyrXUYJaz1y6uM07.jpg', 'Инновационный продукт III тысячелетия', '<ul id=\"pills-tab\" class=\"nav nav-pills mb-3\" role=\"tablist\">\r\n<li class=\"nav-item active\"><a id=\"pills-home-tab\" class=\"nav-link active\" role=\"tab\" href=\"#click_description\" data-toggle=\"pill\" aria-controls=\"pills-home\" aria-selected=\"true\">подробное описание</a></li>\r\n<li class=\"nav-item\"><a id=\"pills-profile-tab\" class=\"nav-link\" role=\"tab\" href=\"#click_usage\" data-toggle=\"pill\" aria-controls=\"pills-profile\" aria-selected=\"false\">применение</a></li>\r\n<li class=\"nav-item\"><a id=\"pills-contact-tab\" class=\"nav-link\" role=\"tab\" href=\"#click_theory\" data-toggle=\"pill\" aria-controls=\"pills-contact\" aria-selected=\"false\">теория и экспериментальная база</a></li>\r\n<li class=\"nav-item\"><a id=\"pills-profile-tab\" class=\"nav-link\" role=\"tab\" href=\"#click_composition\" data-toggle=\"pill\" aria-controls=\"pills-profile\" aria-selected=\"false\">состав</a></li>\r\n</ul>\r\n<div id=\"pills-tabContent\" class=\"tab-content\">\r\n<div id=\"click_description\" class=\"tab-pane fade show active\" role=\"tabpanel\" aria-labelledby=\"pills-home-tab\">\r\n<p>Регулярный прием &laquo;Absolute Еnergy&raquo; даст возможность: поднять биоэнергетику организма; повысить жизнеспособность и стрессоустойчивость; нормализовать уровень иммунитета; улучшить антитоксическую функцию печени и почек; избавиться от токсинов, шлаков, метаболитов, паразитов; активизировать кроветворение; улучшить кровообращение; улучшить проницаемость клеточных мембран.</p>\r\n<p>&laquo;Absolute Еnergy&raquo; продлевает активное долголетие за счет повышения эластичности тканевых структур. Он восстанавливает необходимую регенерацию, запускает обновление кластеров гидроплазмы в структурах центральной и периферической нервной системы, а также мышечного аппарата. <br />В результате &ndash; на 20-25% повышается работоспособность головного мозга, а также возрастают силовые показатели при физических нагрузках. Данный комплекс активно поглощает инфракрасное излучение как эндогенной, так и экзогенной природы, так как он насыщен хромофорными группами, которые имеют место в хлорофилле и гемоглобине. <br />&laquo;Absolute Еnergy&raquo; обладает радиопротекторным и антиканцерогенным действием. Это существенно снижает вероятность возникновения онкологических заболеваний. <br />Регулярное протирание (смачивание) раствором &laquo;Absolute Еnergy&raquo; поверхности кожи лица, рук и других частей тела снижает вероятность отеков, устраняет радиоактивные изотопы, ликвидирует зуд и раздражение, а также убирает косметические дефекты в виде пигментных пятен, бородавок, грибкового поражения, последствий ожогов и т.д. <br />&laquo;Absolute Еnergy&raquo; &ndash; уникальное противовоспалительное и обезболивающее средство, которое можно применять во внутрь и снаружи в проекции боли, для профилактики и лечения воспалительных процессов и болевых симптомов любой локализации. <br />Первые варианты гидрофлавита были получены на основе трехмерной гидроплазмы, которая состоит из трех плоскостей с различной ориентацией спинов с левыми и правыми магнитными моментами. Были проведены многочисленные исследования с целью создания многовекторной структуры с флавитом. <br />Так возник абсолютно новый тип гидроплазмы с очень высоким запасом свободной энергии и по своей эффективности оздоровления на мировом рынке не имеет себе равных. Благодаря передовой технологии было достигнуто максимальное число векторов &ndash; 25 направлений!</p>\r\n</div>\r\n<div id=\"click_usage\" class=\"tab-pane fade\" role=\"tabpanel\" aria-labelledby=\"pills-profile-tab\">\r\n<h6>АГРЕССИВНОЕ ВОЗДЕЙСТВИЕ ВНЕШНЕЙ СРЕДЫ</h6>\r\n<p>Современная внешняя среда и наш организм насыщены агрессивными свободными радикалами, которые активно разрушают клеточные мембраны и внутриклеточные структуры. Они нарушают физиологические процессы в клетках, ускоряют процесс старения всего организма и провоцируют многочисленные заболевания. <br />&laquo;Absolute Еnergy&raquo; полностью нейтрализует окислительную активность радикалов и их агрессивное воздействие. Именно оксидные агрессивные радикалы являются причиной возникновения нарушения обмена веществ внутри каждой клетки. Разрушение структур клетки радикалами приводит к потере регуляции внутриклеточных процессов и особенно их размножения. В этом случае организм, как целостная система, лишается рычагов регуляции интенсивности размножения собственных клеток. В результате возникает ситуация, когда поврежденные клетки образуют неуправляемые быстро развивающиеся очаги размножения &ndash; доброкачественные и злокачественные опухоли. <br />Регулярный прием по 3-10 капель &laquo;Absolute Еnergy&raquo; на 50 мл биогенной воды &laquo;WFL&raquo; перед едой 2 раза в день, уменьшит риск возникновения опухолей в 2-3 раза! <br />Более того, если появились первые признаки опухолевого процесса, то интенсивное применение &laquo;Absolute Еnergy&raquo; способно остановить злокачественный рост. В этом случае - до 25 капель на 50 мл биогенной воды &laquo;WFL&raquo; 2 раза в день перед едой.</p>\r\n<h6>РАДИАЦИОННАЯ НАГРУЗКА</h6>\r\n<p>Современный человек подвергается большой радиационной нагрузке альфа-, бета-, гамма-излучений и т.п. В своей повседневной жизни человек очень часто и незаметно попадает в зону агрессивного воздействия ионизирующей радиации. <br />Например, поднимаясь в горы на 3-4 тысячи метров и более, мы подвергаем свой организм радиационной дозе в 2-10 раз больше, чем на уровне моря. Самолеты летают на высоте 10 тыс. метров над уровнем моря. Радиационный фон в этом случае увеличивается в 5-10 раз. Летчики и пассажиры во время полета испытывают вредоносное действие бета- и гамма- излучений. <br />Ядерные испытания, урановые рудники, предприятия для переработки урана, аварии на атомных электростанциях &ndash; все это насыщает радиационный фон нашей среды. <br />&laquo;Absolute Еnergy&raquo; предназначен для нейтрализации таких неблагоприятных воздействий и является эффективным средством для профилактики новообразований.</p>\r\n<h6>АУТОИМУННЫЕ ЗАБОЛЕВАНИЯ</h6>\r\n<p>Бич современности &ndash; аутоиммунные заболевания и дегенеративные процессы: <br />ревматоидные артриты, аллергические воспаления носоглотки, бронхиальная астма, цирроз печени, рассеянный склероз, склероз сосудов и других органов; многочисленные кожные заболевания: псориаз, нейродермит, волчанка и т.д.; болезнь Альцгеймера и Паркинсона, энцефалопатия, эпилепсия, аномалии развития мозга у детей (аутизм, гидроцефалия и др.); сахарный диабет I и II типа; заболеваниях половых органов и пр. <br />Экспериментальный опыт показывает, что &laquo;Absolute Еnergy&raquo; снижает аутоиммунную патологическую реактивность, уменьшает дегенерацию, значительно улучшает общее самочувствие и восстанавливает физиологические процессы. <br />Минимальный прием во внутрь &ndash; 3 капли &laquo;Absolute Еnergy&raquo; на 30-40 мл биогенной воды &laquo;WFL&raquo;, вечером перед едой, в течение 30-50 дней. После следует сделать перерыв в 30-40 дней, затем повторить курс.</p>\r\n<h6>ЖЕЛЧЕКАМЕННАЯ БОЛЕЗНЬ</h6>\r\n<p>Прием 5-10 капель &laquo;Absolute Еnergy&raquo;, на 30 мл биогенной воды &laquo;Water for life&raquo;, 2 раза в день, в течение 4-6 месяцев, приводит к растворению камней в почках и желчном пузыре, а также - профилактирует камнеобразование. Восстанавливается работа печени &ndash; в 1,5-2 раза, возрастает ее антитоксическая функция. Это способствует активному очищению тела от вредных и ненужных шлаков, токсинов, метаболитов и т.д.</p>\r\n<h6>АТЕРОСКЛЕРОЗ</h6>\r\n<p>Регулярный прием внутрь &laquo;Absolute Еnergy&raquo; ликвидирует причину формирования атеросклеротических бляшек и запускает механизм 100% профилактики склероза. В результате этого, восстанавливается физиологическая эластичность сосудов, нормализуется артериальное давление и холестерин, улучшается питание сердечной мышцы. <br />Можно применять &laquo;Absolute Еnergy&raquo; наружно, через рефлексогенные зоны (подошвы ног, ладони, пальцы).</p>\r\n<h6>ВОЗДЕЙСТВИЕ НА ЧАКРЫ</h6>\r\n<p>&laquo;Absolute Еnergy&raquo; может использоваться для воздействия на чакры. Его наносят на область чакры (например: сердечной) с помощью ватной палочки для ушей. Для этого нужно палочку опустить в &laquo;Absolute Еnergy&raquo; на 1-2 секунды для пропитки, после этого тщательно протереть область сердечной чакры (анахаты). В результате образуется сине-зеленое пятно диаметром 5-7 мм. Далее на эту область направить свет светильника с лампой накаливания для повышения биоэнергетики. Расстояние до поверхности кожи 10-15 см. Длительность экспозиции 15-20 минут. Лучше всего процедуру делать за 1-1,5 часа до сна. Посторонний свет в комнате лучше выключать. Длительность курса 15-20 дней. Перерыв 30-40 дней. В год повторять до 3-5 курсов.</p>\r\n<h6>МАТЬ и ДИТЯ</h6>\r\n<p>Уникальные свойства &laquo;Absolute Еnergy&raquo; рекомендуется использовать для здоровья матери и ребенка. В период беременности следует принимать по 1-2 капли &laquo;Absolute Еnergy&raquo; на 50 мл биогенной воды &laquo;WFL&raquo; утром и вечером до еды. <br />Результат: снижение токсикоза при беременности, хорошее самочувствие, правильное развитие плода и формирование крепкого здоровья ребенка. Прием в детском возрасте по 3-5 капель &laquo;Absolute Еnergy&raquo; на 30 мл биогенной воды &laquo;WFL&raquo; перед приемом пищи утром и вечером позволит нормализовать здоровье ребенка и профилактировать многочисленные болезни, укрепит нервную систему, повысит успехи в физических и умственных дисциплинах, улучшит стрессоустойчивость и будет способствовать успешной адаптации в социуме. <br />Опыт показывает, что даже тяжелые морфофункциональные отклонения головного мозга ребенка (аутизм, гидроцефалия, кисты и др.) постепенно поддаются нормализации при специальном режиме приема &laquo;Absolute Еnergy&raquo; на биогенной воде &laquo;WFL&raquo;. <br />Рекомендуется начать интенсивный прием 3 раза в день, по 30 мл биогенной воды &laquo;WFL&raquo;, с 10 каплями &laquo;Absolute Еnergy&raquo;. Непрерывный курс составляет 40-50 дней. Перерыв в 20-30 дней. Периодичность &ndash; 3 курса в год. Также рекомендуется обрабатывать верхнюю чакру на голове (сахасрара), диаметр до 5 см, воздействовать простой лампой накаливания. <br />Результат: через 20-30 дней снижение агрессивности поведения, повышение адекватности, улучшение сосредоточенности, формирование желания заниматься трудовой деятельностью, нормализация сна и другие положительные эффекты.</p>\r\n<h6>ЖЕНСКИЕ И МУЖСКИЕ ЗАБОЛЕВАНИЯ</h6>\r\n<p>&laquo;Absolute Еnergy&raquo; можно успешно применять для борьбы с женскими и мужскими заболеваниями: миомами, кистами, эндометриозом, простатитом, аденомой и т.д. Для этого рекомендуется использовать схему, описанную выше.</p>\r\n<h6>ГЛАЗА. НОС</h6>\r\n<p>Закапывание в глаза и нос &laquo;Absolute Еnergy&raquo; по 2-3 капли с биогенной водой &laquo;WFL&raquo; 4-6 раз в день улучшит зрение, очистит пазухи носа, а также оптимизирует работу головного мозга и нейроэндокринной системы. В целях эффективной профилактики заболеваний соответствующих органов, достаточно это делать 2-3 раза в день.</p>\r\n<p>Для мягкого и максимального эффекта оздоровления лучше всего начать использовать 19-векторную гидроплазму &laquo;Absolute Еnergy&raquo; после месячного или двухмесячного приема биогенной воды &laquo;WFL&raquo;. <br />Такая последовательность в приеме профилактирует незначительные обострения заболеваний и дискомфорта в самочувствии, которые могут быть следствием активного процесса очищения и избавления от многочисленных болезней.</p>\r\n</div>\r\n<div id=\"click_theory\" class=\"tab-pane fade\" role=\"tabpanel\" aria-labelledby=\"pills-contact-tab\">\r\n<p>1. Новый продукт &laquo;Absolute Еnergy&raquo; создан на основе теории существования анти-энтропийных структур в воде с высокими биологическими и полезными свойствами. <br />2. Доказано существование энтропийной формы Н2О (беспорядочной, патогенной) и плазменной формы Н2О (структурированной, со свободными элементарными частицами), которая представлена антиэнтропийными кластерами с большим количеством векторов (поливекторность). Такая структура обладает антиэнтропийным потенциалом (создающим порядок), который снижает объем вредной и бесполезной воды в организме. <br />3. Антиэнтропийный кластер гидроплазмы является &laquo;строителем&raquo; необходимых водных структур на клеточных мембранах. При дефектах водных структур поливекторная гидроплазма эффективно включается в пространство, где имеются такие нарушения, обеспечивает качественное восстановление целостности структур клеточных мембран и приводит в норму ее жизнеобеспечивающую проницаемость. <br />4. Многочисленные эксперименты доказывают, что многовекторные кластеры гидроплазмы намного эффективнее. Они гораздо быстрее и более качественно ликвидируют дефекты по сравнению с трех - или пятивекторными кластерами. Поэтому, одновременное использование &laquo;Absolute Еnergy&raquo; с биогенной водой &laquo;Water for life&raquo; (&laquo;WFL&raquo;), которая является 5-векторной, увеличивает векторность до 24 направлений. <br />5. Эксперименты также показали, что хлорофиллоподобные хромофорные комплексы обеспечивают дополнительной свободной энергией кластеры гидроплазмы за счет поглощения ближнего инфракрасного света около 900-1000 нм. <br />6. Подпитка необходимыми инфракрасными квантами создает фундамент для устойчивой и качественной работы 25-векторной гидроплазмы &laquo;Absolute Еnergy&raquo;. Более того, в ее состав входят флавины, которые являются очень эффективными переносчиками необходимых электронов. Возникает эффект физиологического накопления дополнительной биоэнергии, и ее миграция на большие расстояния в пространстве водных структур всего живого организма.</p>\r\n</div>\r\n<div id=\"click_composition\" class=\"tab-pane fade\" role=\"tabpanel\" aria-labelledby=\"pills-contact-tab\">\r\n<p>Основа - Гидроплазма (пятое состояние вещества, имеющееся в воде с многомерными изомерами кластеров) <br />Ионы флавоноидной группы в малой концентрации, выдержанные особым методом в воде с высокой активностью, предварительно обработанной лазером. <br />Многомерный устойчивый термосенсибилизатор из минералов малахитового ряда в высокой концентрации, обработанный электромагнитным полем. <br />Может иметь темно-синий (зеленый) цвет с осадком. Вяжущий вкус.</p>\r\n</div>\r\n</div>', 104, 40, '2019-03-15 04:58:17', '2019-03-19 11:05:05', NULL, 0),
(11, 'W NATURE', 'products/March2019/raoHVaBE1HHW9z4iXVbJ.jpg', 'Тоник для глаз «W nature» – это инновационный биологически активный продукт', '<ul id=\"pills-tab\" class=\"nav nav-pills mb-3\" role=\"tablist\">\r\n<li class=\"nav-item active\"><a id=\"pills-home-tab\" class=\"nav-link active\" role=\"tab\" href=\"#click_description\" data-toggle=\"pill\" aria-controls=\"pills-home\" aria-selected=\"true\">подробное описание</a></li>\r\n<li class=\"nav-item\"><a id=\"pills-profile-tab\" class=\"nav-link\" role=\"tab\" href=\"#click_usage\" data-toggle=\"pill\" aria-controls=\"pills-profile\" aria-selected=\"false\">применение</a></li>\r\n<li class=\"nav-item\"><a id=\"pills-contact-tab\" class=\"nav-link\" role=\"tab\" href=\"#click_theory\" data-toggle=\"pill\" aria-controls=\"pills-contact\" aria-selected=\"false\">теория и экспериментальная база</a></li>\r\n<li class=\"nav-item\"><a id=\"pills-profile-tab\" class=\"nav-link\" role=\"tab\" href=\"#click_composition\" data-toggle=\"pill\" aria-controls=\"pills-profile\" aria-selected=\"false\">состав</a></li>\r\n</ul>\r\n<div id=\"pills-tabContent\" class=\"tab-content\">\r\n<div id=\"click_description\" class=\"tab-pane fade show active\" role=\"tabpanel\" aria-labelledby=\"pills-home-tab\">\r\n<p>Тоник для глаз &laquo;W nature&raquo; &ndash; это инновационный биологически активный продукт, содержащий в себе основное активнодействующее вещество &ndash; концентрат гидроплазмы биогенной воды с биофлавоноидной группой и ионами селена, который предотвращает и снимает усталость глаз. Субмикродозы селена, содержащиеся в основном активнодействующем веществе, создают устойчивую решетку внутри кластера гидроплазмы, которая способна обеспечить защиту от воздействия различных электромагнитных факторов, таких как компьютеры, сотовые телефоны, радиоприборы, рентгены, а также различных экологических факторов. Входящая в состав биофлавоноидная группа обладает антиоксидантным действием, защищая глаз от повреждений и тем самым восстанавливая его функции. Предназначен как профилактическое средство и высокоэффективное средство для реабилитации.</p>\r\n<p>Тоник для глаз &laquo;W nature&raquo; содержит в себе водорастворимую полимерную структуру, которая в сочетании с естественной слезной жидкостью глаза улучшает увлажнение роговицы и конъюнктивы , обеспечивая гидрофильность поверхности роговицы за счет имеющихся в составе уникальных компонентов - гидроплазменных кластеров, создающих обычные процессы адсорбции на границе раздела пленки слезной жидкости и поверхности роговицы. Продукт физиологически смешивается с пленкой слезной жидкости, повышая ее устойчивость на поверхности роговицы, тем самым значительно уменьшает симптомы раздражения, связанные с сухостью глаза, а также защищает роговицу от высыхания.</p>\r\n<p>Гидроплазменный кластер с ионами (субмикроэлементы) селена &ndash; основное активнодействующее вещество, которое не создает дефекты как на плазменном так и атомномолеклярном и ионном уровне, поэтому может считаться безопасным оздоравливающим средством, которое обогащает водную среду глаза антиэнтропийной энергией, т.е. организует принципиально новые упорядоченные структуры мембран. А также имеет высокую эффективность для повышения жизнеспособности клеточных мембран, обилие которых характерно для здоровья глаз.</p>\r\n</div>\r\n<div id=\"click_usage\" class=\"tab-pane fade\" role=\"tabpanel\" aria-labelledby=\"pills-profile-tab\">\r\n<p>В качестве профилактики различных заболеваний применять по 1-2 капли утром и вечером.</p>\r\n<p>Чтобы улучшить распределение продукта, рекомендуется интенсивно поморгать после закапывания. Это поможет равномерно и быстро распределить жидкость по всему периметру глаза.</p>\r\n<p>Тоник равномерно распределяется по всей поверхности роговицы, улучшая стабильность естественной увлажняющей пленки. Действие сохраняется до 12 часов.</p>\r\n</div>\r\n<div id=\"click_theory\" class=\"tab-pane fade\" role=\"tabpanel\" aria-labelledby=\"pills-contact-tab\">\r\n<h6>Тоник для глаз &laquo;W nature&raquo; рекомендуется применять:</h6>\r\n<p>- для устранения сухости глаз <br />- для устранения чувства инородного тела. <br />- для устранения жжения в глазах при ношении мягких и жестких контактных линз. <br />- для устранения раздражения роговицы <br />- для профилактики развития амблиопии <br />- при контактных конъюнктивитах <br />- при интенсивных зрительных нагрузках (это может быть яркий солнечный свет, постоянная работа за компьютером, сварка и многое другое) <br />- для профилактики нарушения функций глазного дна, помутнения глазных жидкостей и склеры глаза. <br />- для устранения и защиты от различных патогенных факторов.</p>\r\n<h6>Тоник для глаз &laquo;W nature&raquo; оказывает следующие действия:</h6>\r\n<p>- увлажняет и сохраняет длительный увлажняющий эффект <br />- значительно помогает защищать и снимать симптомы усталости, возникающие при работе с компьютером, вождении автомобиля, чтении, ношении контактных линз и многое другое. <br />- устраняет напряжение глаз, возвращая комфортное состояние. <br />- восстанавливает и стабилизирует слезную жидкость, значительно улучшая качество слезы. <br />- создает устойчивость к действию многочисленных техногенных деструктивных факторов, электромагнитных излучений, а также токсичных микропримесей в окружающей среде. <br />- влияет на просветление и очищение глазной жидкости и склеры глаза. <br />- улучшает трофические отношения капиллярного снабжения глаза <br />- улучшает нервную проводимость глазного зрительного нерва. Значительно уменьшает атрофию зрительного нерва. <br />- значительно увеличивает срок службы и функции искусственных материалов после операций по замене хрусталика, создавая защиту от деформации и коррозии, за счет уменьшения количества концентрации и активности диоксидов токсических веществ. <br />- оказывает антибактериальное и противовоспалительное действие. <br />- возвращает здоровое состояние поверхности глаз &ndash; роговицы и конъюнктивы</p>\r\n</div>\r\n<div id=\"click_composition\" class=\"tab-pane fade\" role=\"tabpanel\" aria-labelledby=\"pills-contact-tab\">\r\n<p>Концентрат гидроплазмы биогенной воды с ионами биофлавоноидной группы и селена (микродозы).</p>\r\n</div>\r\n</div>', 13, 5, '2019-03-15 04:58:49', '2019-03-19 11:54:26', NULL, 0);
INSERT INTO `products` (`id`, `name`, `img`, `mini_description`, `description`, `price`, `points`, `created_at`, `updated_at`, `deleted_at`, `is_present`) VALUES
(12, 'WATER FOR LIFE', 'products/March2019/dNZ8f8CcQedaCbBxn35b.jpg', 'Вода для жизни', '<div class=\"col-xs-12\">\r\n<ul class=\"nav nav-pills mb-3\">\r\n<li class=\"nav-item active\"><a class=\"nav-link active\" href=\"#detail\" data-toggle=\"tab\">Подробное описание</a></li>\r\n<li class=\"nav-item\"><a class=\"nav-link\" href=\"#pokaz\" data-toggle=\"tab\">Показания</a></li>\r\n<li class=\"nav-item\"><a class=\"nav-link\" href=\"#pimen\" data-toggle=\"tab\">Применение</a></li>\r\n<li class=\"nav-item\"><a class=\"nav-link\" href=\"#sostav\" data-toggle=\"tab\">Состав</a></li>\r\n<li class=\"nav-item\"><a class=\"nav-link\" href=\"#otzyv\" data-toggle=\"tab\">Отзывы</a></li>\r\n</ul>\r\n<div class=\"tab-content\">\r\n<div id=\"detail\" class=\"tab-pane active\"><a class=\"fancybox img-container float-right\" href=\"app/pages/static/img/water-2.png\"><img class=\"img-responsive fr-fic fr-dii\" src=\"app/pages/static/img/water-2.png\" alt=\"\" /></a>\r\n<p class=\"tab-pane\">Загрязненная&nbsp;вода&nbsp;химией, плохой экологией, продуктами ядерного распада после взрывов атомных бомб и аварий на атомных электростанциях, электромагнитный шум в эфире сотовых телефонов, радио- и телепередатчиков - все это приводит к уничтожению биологически-активной характеристики воды. Все это приводит&nbsp;к созданию феномена &laquo;патогенной&raquo; (действующей губительно на все живое) воды &mdash; Мертвой воды, которая&nbsp;губит здоровье миллионов людей, способствует возникновению очень опасных, раннее неизвестных заболеваний (вирус&nbsp;бешенства, СПИД, рак, аллергия, гепатит С и т.п.)&nbsp;Как остановить губительное действие Мертвой воды на человечество?<br />Дать людям&nbsp;ЖИВУЮ ВОДУ!<br /><br />Гидроплазма&nbsp;<strong>WATER&nbsp;FOR&nbsp;LIFE&nbsp;</strong>- это концентрат для приготовления биогенной (живой) воды.<br /><br /><br />В результате двадцатилетних исследований биофизиками Казахстана&nbsp;под руководством профессора В.М. Инюшина&nbsp;было сделано потрясающее открытие: в природной биогенной (полезной для биологических организмов) воде обнаружено существование в небольших количествах особого вещества &ndash; плазмы (свободных комплексов из несвязанных в атомы и молекулы частиц), которая получила название гидроплазма.<br /><strong>WATER&nbsp;FOR&nbsp;LIFE</strong>&nbsp; &mdash;&nbsp; имеет очень большую плотность частиц, а значит, и огромную свободную энергию, которая может противостоять деградации воды, возникающей под воздействием внешних негативных факторов окружающей среды и дать человеку колоссальный ресурс ЭНЕРГИИ&nbsp;&mdash; ДЛЯ МОЛОДОСТИ, ЗДОРОВЬЯ и ДОЛГОЛЕТИЯ!<br />&nbsp;</p>\r\n<a class=\"fancybox img-container float-right\" href=\"app/pages/static/img/water-5.jpg\"><img class=\"img-responsive fr-fic fr-dii\" src=\"app/pages/static/img/water-5.jpg\" alt=\"\" /></a> <strong>WATER&nbsp;FOR&nbsp;LIFE</strong>&nbsp; &mdash; &nbsp;продлевает жизнь, замедляет процессы старения, улучшает состояние клеточных мембран, сохраняет эластичность капилляров и стенок крупных сосудов, улучшает энергоинформационный обмен клеточных структур, увеличивает прочность костей скелета, снижает в 1,5-2 раза риск возникновения злокачественных опухолей, уменьшает зависимость от алкоголя или наркотиков.\r\n<p>&nbsp;</p>\r\n<ul class=\"check-list\">\r\n<li class=\"tab-pane active\">выстраивает качественные и устойчивые внутриклеточные, межклеточные и межсистемные связи организма человека</li>\r\n<li class=\"tab-pane active\">способствует&nbsp;получению необходимых&nbsp;ферментов и антиоксидантов, нейтрализующих&nbsp;действие свободных радикалов</li>\r\n<li class=\"tab-pane active\">способствует&nbsp;реконструкции мембран клеток организма и их качественного обновления</li>\r\n<li class=\"tab-pane active\">восстанавливает клетки печени &ndash; главного центра живого организма, создает благоприятные условия для ее работы</li>\r\n<li class=\"tab-pane active\">производит лечение&nbsp;и профилактику&nbsp;мочекаменной болезни</li>\r\n<li class=\"tab-pane active\">повышает иммунитет, а значит, улучшает резистентность всего организма</li>\r\n<li class=\"tab-pane active\">повышает нейроэмоциональную устойчивость, т.е. поведенческие реакции делает более адекватными, снижает уровень агрессивности и депрессий, формирует устойчивость к стрессам и нагрузкам</li>\r\n</ul>\r\n<p class=\"tab-pane\">Кому это необходимо?<br />Беременным женщинам, детям (начиная с внутриутробного развития)&nbsp;младенческого и возраста становления, молодежи, людям зрелого и пожилого возраста, людям с активной жизненной позицией в семье,&nbsp;творчестве,&nbsp;спорте,&nbsp;бизнесе и политике, всем, кто ценит время и жизненную энергию.<br /><br />Гидроплазма&nbsp;-&nbsp;это пятое состояние воды (вода в плазматическом состоянии).<br /><br />Достаточно добавить несколько капель гидроплазмы <strong>WATER FOR LIFE</strong> в обычную питьевую воду, и вода станет биогенной, то есть живой.<br />&nbsp;</p>\r\n&nbsp;\r\n<p align=\"center\"><strong>ВОДА ДЛЯ ЖИЗНИ - даёт БЕЗУПРЕЧНОЕ ПРЕИМУЩЕСТВО в КАЧЕСТВЕ ЖИЗНИ!</strong></p>\r\n</div>\r\n<div id=\"pokaz\" class=\"tab-pane\"><a class=\"fancybox img-container float-right\" href=\"app/pages/static/img/water-3.png\"><img class=\"img-responsive fr-fic fr-dii\" src=\"app/pages/static/img/water-3.png\" alt=\"\" /></a>\r\n<ul class=\"check-list\">\r\n<li>Профилактика и лечение ОРВИ и других вирусных заболеваний;</li>\r\n<li>Ангины&nbsp;и другие частые простудные заболевания;</li>\r\n<li>Аутоиммунные заболевания: ревматизм, системная красная волчанка и другие;</li>\r\n<li>Паразитозы и глистные инвазии;</li>\r\n<li>Интоксикации и отравления,&nbsp;авитаминозы;</li>\r\n<li>Онкологические заболевания;</li>\r\n<li>Пульмонология: бронхит, трахеит, бронхиальная астма, пневмосклероз и т.д.;</li>\r\n<li>Лор-заболевания: частые ангины, ринит, отит, тугоухость;</li>\r\n<li>Гематология: анемия, нарушение свертываемости крови;</li>\r\n<li>Кардиология: кардионеврозы, стенокардия, аритмия, нейроциркуляторная дистония, гипертоническая болезнь, постинфарктный кардиосклероз, отеки;</li>\r\n<li>Гастроэнтерология: гастриты, язвенная болезнь, дискинезия желчевыводящих путей, заболевания печени (гепатит А, В, С);</li>\r\n<li>Расстройства половой сферы: фригидность, импотенция, первичное бесплодие, андрологические воспалительные заболевания органов малого таза, гинекологические заболевания, предклимактерический и климактерический синдром;</li>\r\n<li>Эндокринология: гипотиреоз, тиреотоксикоз, диффузный токсический зоб, сахарный диабет I и II типа;</li>\r\n<li>Нарушения обмена веществ и лишний вес;</li>\r\n<li>Неврология: головные боли, нарушения памяти, последствия черепно-мозговой травмы, энцефалопатии различного генеза, Паркинсонизм, болезнь Альцгеймера, последствия инсультов и инфарктов головного мозга, невропатии различного происхождения,</li>\r\n<li>Синдром хронической усталости, при угрозе развития злокачественных опухолей;</li>\r\n<li>Глазные болезни: глаукома, катаракта, близорукость, дальнозоркость, синдром &laquo;сухого глазного яблока&raquo;, конъюнктивит и другие воспалительные процессы;</li>\r\n<li>Заболевания опорно-двигательного аппарата: остеохондроз, артриты и артрозы суставов, растяжение связок, травмы и переломы, миозиты;</li>\r\n<li>Стоматология: стоматит, гингивит, кариес, пародонтоз и другие болезни;</li>\r\n<li>Дерматология: псориаз, нейродермит, себорея, выпадение волос, слоящиеся ногти, раны, ожоги, грибковые поражения;</li>\r\n<li>Психические расстройства: астения, невроз, неврастения, психозы, депрессия, нестабильность эмоционального фона;</li>\r\n<li>Зависимости и пристрастия: табакокурение, алкоголизм, компьютерная игромания, наркомания, токсикомания.</li>\r\n</ul>\r\n<p>&nbsp;</p>\r\n</div>\r\n<div id=\"pimen\" class=\"tab-pane\"><a class=\"fancybox img-container float-left\" href=\"app/pages/static/img/water-6.jpg\"><img class=\"img-responsive fr-fic fr-dii\" src=\"app/pages/static/img/water-6.jpg\" alt=\"\" /></a>\r\n<p>Детям до года &ndash; 1 капля на 500 мл чистой воды или молока,&nbsp;принимать по 100 мл 1-2 раза в течение дня.<br />От 1 года до 3 лет &ndash; по 2 капли на 500 мл воды или молока,&nbsp;принимать по 150-250 мл 2 раза в течение дня.<br />От 3 до 5 лет &ndash; по 3 капли на 500 мл воды, прием 2 раза в течение дня.<br />Взрослым &ndash; 5-7 капель на 500 мл воды, прием по 150-250 мл 2-3 раза в день.<br />При хроническом заболевании курс&nbsp;биогенной воды &laquo;WATER FOR LIFE&raquo; составляет не менее 1,5-2 месяцев.<br />Для профилактики простудных заболеваний достаточно два месячных курса биогенной воды &laquo;WATER FOR LIFE&raquo; в год, желательно в межсезонье: весной и осенью.<br />При напряженном и интенсивном режиме и для повышения стрессоустойчивости, биогенную воду &laquo;WATER FOR LIFE&raquo; можно принимать по необходимости и более длительными курсами.<br />Для максимальной профилактики и сохранения здоровья, воду &laquo;WATER FOR LIFE&raquo; рекомендуется принимать на постоянной основе и в необходимых количествах.</p>\r\n<p><a class=\"fancybox img-container float-right\" href=\"app/pages/static/img/water-4.png\"><img class=\"img-responsive fr-fic fr-dii\" src=\"app/pages/static/img/water-4.png\" alt=\"\" /></a> ПОМНИТЕ!</p>\r\n<ul class=\"check-list\">\r\n<li>Основное правило питьевого режима &ndash; ежедневное&nbsp;потребление чистой воды в объеме 30-40 мл на кг массы тела</li>\r\n<li>Противопоказаний нет</li>\r\n<li>Побочные эффекты не отмечены</li>\r\n<li>Возрастные ограничения отсутствуют</li>\r\n<li>Форма выпуска: 1 флакон объемом 30 мл (примерно на 1 месяц)</li>\r\n<li>Срок хранения: 1 год</li>\r\n<li>Условия хранения: в особых условиях не нуждается</li>\r\n<li>Не является лекарственным средством</li>\r\n<li>Одобрено, рекомендовано Казахской Академией питания и Лабораторией курортологии и бальнеологии НИИ К и ВБ</li>\r\n</ul>\r\n<p>&nbsp;</p>\r\n</div>\r\n<div id=\"sostav\" class=\"tab-pane\"><a class=\"fancybox img-container float-left\" href=\"app/pages/static/img/water-7.jpg\"><img class=\"img-responsive fr-fic fr-dii\" src=\"app/pages/static/img/water-7.jpg\" alt=\"\" /></a>\r\n<p><strong>ДИГИДРОКВЕРЦЕТИН (ДГК)</strong> &ndash; жирорастворимый биофлавоноид из древесины лиственницы. По антиоксидантной и капилляропротекторной активности.<br />ДГК &ndash; несомненный лидер и непревзойденный по своей силе флавоноид, имеющий в своей структуре пять гидроксильных групп. Он превосходит известные и применяемые в настоящее время средства в 3-5 раз! За многообразие и универсальность своих профилактических и оздоровительных свойств дигидрокверцетин по праву заслужил почетный титул &laquo;король флавоноидов&raquo;. ДГК &ndash; эффективное антиоксидантное средство, которое прерывает процессы перекисного окисления липидов в мембранах клеток, защищает клетку от повреждающего действия свободных радикалов, а также эффективно исправляет нарушения в различных звеньях антиоксидантной системы организма. ДГК профилактирует развитие окислительного стресса, дегенеративно-дистрофических процессов в тканях и раннего клеточного старения. Позволяет эффективно противодействовать разрушительным факторам современной экологии, производства, характера питания и неправильного образа жизни. Важно подчеркнуть, что ДГК абсолютно безопасен для человека и животных. За последние 30 лет он заслужил достойное признание не только в индустрии здоровья и в косметологии, но и в пищевой промышленности и в сельском хозяйстве. Проведенные многочисленные исследования доказали, что он не вызывает аллергии, не обладает цитотоксическим действием и не провоцирует мутации.<br /><br /><a class=\"fancybox img-container float-right\" href=\"app/pages/static/img/water-9.jpg\"><img class=\"img-responsive fr-fic fr-dii\" src=\"app/pages/static/img/water-9.jpg\" alt=\"\" /></a> <strong>ДИГИДРОКЕМПФЕРОЛ</strong> &ndash; является биогенетическим предшественником ДГК, усиливающим его целебные свойства.<br />Биологическая ценность дигидрокемпферола:<br />Помогает организму очищать кровь и поддерживать ее в нормальном состоянии.<br />Защищает печень от вредных воздействий.<br />Поддерживает регенерацию клеток и восстанавливает желчеотделение, являясь отличным природным гепатопротектором.<br />Нормализует холестерин в крови.<br />Регулирует содержание глюкозы в крови и усиливает процесс устойчивости организма к повреждающему воздействию повышенного сахара. Таким образом, дигидрокемпферол, входящий в состав БФК, предохраняет от сахарного диабета и профилактирует его многочисленные осложнения.<br />&nbsp;</p>\r\n<p><strong>НАРИНГИН: Биологическая активность нарингина:</strong></p>\r\n<div class=\"row\">\r\n<div class=\"col-xs-12 col-sm-6 col-md-4\">\r\n<ul class=\"check-list\">\r\n<li>Антиоксидантное действие</li>\r\n<li>Бронходренажное действие</li>\r\n<li>Снижение уровня холестерина и липидов крови</li>\r\n</ul>\r\n</div>\r\n<div class=\"col-xs-12 col-sm-6 col-md-4\">\r\n<ul class=\"check-list\">\r\n<li>Противовоспалительный эффект</li>\r\n<li>Противоопухолевое действие</li>\r\n<li>Активирует функции головного мозга</li>\r\n</ul>\r\n</div>\r\n<div class=\"col-xs-12 col-sm-6 col-md-4\">\r\n<ul class=\"check-list\">\r\n<li>Подавляет аппетит</li>\r\n<li>Улучшает метаболизм глюкозы</li>\r\n<li>Укрепляет капилляры (повышает эластичность)</li>\r\n</ul>\r\n</div>\r\n</div>\r\n<p>&nbsp;</p>\r\n<p>Основа - Гидроплазма &nbsp; (пятое состояние вещества, имеющееся в воде с многомерными &nbsp; &nbsp; &nbsp; &nbsp; &nbsp; &nbsp; &nbsp; &nbsp; &nbsp; &nbsp; &nbsp;изомерами кластеров)</p>\r\n<p>Ионы флавоноидной группы в малой концентрации, выдержанные особым методом в воде с высокой активностью, предварительно обработанной лазером.</p>\r\n<p>Прозрачная жидкость без вкуса и запаха. Осадок допускается.</p>\r\n</div>\r\n<div id=\"otzyv\" class=\"tab-pane\">\r\n<div class=\"comment-text\">\r\n<p><strong>Оксана (Тюмень)</strong></p>\r\n<p>Вот уже в течение года мы всей семьёй потребляем Гидроплазму и очень благодарны г-ну Инюшину за это ЧУДО! Без преувеличений это именно так. ЖКТ отозвался первым, уже через 2 недели ушли такие проблемы как вздутия и газообразование. Я более 10 лет мучилась сильнейшими и продолжительными мигренями. Прошла массу обследований, медикаментозных и нетрадиционных способов лечения, но всё было тщетно, боль возвращалась. Через месяц после начала приёма Гидроплазмы я стала забывать как это, когда три дня мучаешься от болей и таблетки не помогают. Кроме этого наша семья попрощалась с постоянной цепной реакции хватать и передавать друг другу регулярные ОРВи и прочие инфекционные и ЛОР заболевания, больше мы не реагируем на каждый чих в общественном транспорте))) Иммунитет восстанавливает, поднимает на 100%!!! Моей маме 70 лет, после начала приёма Гидроплазмы её перестали беспокоить суставы рук, улучшилось зрение и снизилась метеозависимость. В общем, я очень рада, что однажды познакомилась с этой удивительной водой и поверила ей.</p>\r\n</div>\r\n<hr />\r\n<div class=\"comment-text\">\r\n<p><strong>Резида, 75 лет (Башкирия)</strong></p>\r\n<p>Гипертония &ndash; около 30 лет, сахарный диабет &ndash; около 20 лет (сахар 12 ед). После 3-х месяцев употребления гидроплазмы &laquo;WATER FOR LIFE&raquo; повышение давления стало меньше беспокоить, прибавилось энергии, улучшилось настроение, сахар снизился до 7 ед.</p>\r\n</div>\r\n<hr />\r\n<div class=\"comment-text\">\r\n<p><strong>Андрей, 48 лет (г. Челябинск).</strong></p>\r\n<p>После длительно зрительной нагрузки (7 часов езды за рулем автомобиля в ночное время) ощутил дискомфорт в глазах и обратил внимание, что склеры красные. Закапал в глаза гидроплазму &laquo;WATER FOR LIFE&raquo; (2-3 капли). Через 30-40 минут обнаружил нормальные склеры, и чувство рези в глазах быстро прошло.</p>\r\n</div>\r\n<hr />\r\n<div class=\"comment-text\">\r\n<p><strong>Елена, 43 года (г. Челябинск).</strong></p>\r\n<p>Беспокоила поливалентная аллергия (особенно на цитрусовые). Перед новогодним праздником (за 1,5 месяца до 1 января) активно стала принимать биогенную воду &laquo;WATER FOR LIFE&raquo; (10 капель на 500 мл питьевой воды). В Новый год съела около 4 кг апельсинов и аллергия не проявилась. Более того была метеочувствительность, которая проявлялась частыми головными болями. Биогенная вода избавила то этого недуга.</p>\r\n</div>\r\n<hr />\r\n<div class=\"comment-text\">\r\n<p><strong>Николай, 56 лет (г. Челябинск).</strong></p>\r\n<p>На фоне приема биогенной воды &laquo;WATER FOR LIFE&raquo; в обычной дозировке (10 капель на 500 мл питьевой воды) через 2-2,5 месяца стал замечать уменьшение тяги к спиртному и даже периодически стойкое неприятие к алкоголю, хотя раньше еженедельно тянуло к выпивке горячительных напитков.</p>\r\n</div>\r\n<hr />\r\n<div class=\"comment-text\">\r\n<p><strong>Сергей, 38 лет (г. Челябинск).</strong></p>\r\n<p>По утрам около 5 лет испытывал затруднение носового дыхания и выделения слизисто-гнойного характера из носа. Принимая биогенную воду &laquo;WATER FOR LIFE&raquo; в обычной концентрации вовнутрь и промывая нос биогенной водой для наружного применения (10-15 капель гидроплазмы на 100 мл воды), обнаружил, что дыхание через нос нормализовалось, и выделения прекратились через 1,5 месяца.</p>\r\n</div>\r\n<hr />\r\n<div class=\"comment-text\">\r\n<p><strong>Татьяна, 44 года (г. Копейск).</strong></p>\r\n<p>Синдром хронической усталости беспокоил около 3-х лет, и трудоспособность была резко снижена. По утрам не испытывала чувства бодрости. Буквально сразу после завтрака хотелось лечь и подремать. Месяц приема биогенной воды &laquo;WATER FOR LIFE&raquo; вернул былую трудоспособность и заряд бодрости как в более молодом возрасте. Также обнаружила у себя хороший косметический эффект: ногти и волосы стали радовать своим состоянием.</p>\r\n</div>\r\n<hr />\r\n<div class=\"comment-text\">\r\n<p><strong>Светлана, 48 лет (г. Копейск).</strong></p>\r\n<p>Около 8 лет страдала запорами. Использовала различные чистки, принимала БАДы и делала клизмы. Улучшение было, но не стойкое. Биогенная вода &laquo;WATER FOR LIFE&raquo; в обычной концентрации во внутрь (3 месяца приема) значительно улучшила работу кишечника. Стул стал регулярным по утрам в течение вот уже 4-х месяцев.</p>\r\n</div>\r\n<hr />\r\n<div class=\"comment-text\">\r\n<p><strong>Анна, 38 лет (г. Челябинск).</strong></p>\r\n<p>Очень часто беспокоит молочница. Особенно после стресса или простуды. Использую традиционные медицинские средства. Эффект наступает обычно через 5-7 дней. Подружка познакомила с гидроплазмой &laquo;WATER FOR LIFE&raquo;. Стала принимать во внутрь и на 3 день приема обнаружила обострение молочницы с сильным зудом и обильными выделениями. Очень удивилась, потому что провоцирующего фактора не было. Проконсультировалась у компетентного врача. Он сказал, что началось очищение, и порекомендовал в дополнение к приему гидроплазмы внутрь делать спринцевание утром и вечером биогенной водой для наружного применения (30 капель на 200 мл воды). Обострение прошло очень быстро (на 2 день спринцевания), что меня очень порадовало и приятно удивило. Через 1,5 месяца была сильная простуда, но молочница не обострилась. Однозначно связываю этот благоприятный факт с приемом целебного эликсира &laquo;WATER FOR LIFE&raquo;.</p>\r\n</div>\r\n<hr />\r\n<div class=\"comment-text\">\r\n<p><strong>Александр, 42 года (г. Челябинск).</strong></p>\r\n<p>На свое здоровье особо не жалуюсь. Активно занимаюсь в тренажерном зале по вечерам три раза в неделю и веду здоровый образ жизни. Но каждую весну отмечаю усталость после обычных тренировок и подавленное настроение. Друзья рекомендовали мне всегда минерально-витаминные комплексы, но я не любитель всяких БАДов. Этой весной познакомился с гидроплазмой, которая меня очень заинтересовала, потому что я стараюсь пить много, чтобы не было обезвоживания, особенно после активных тренировок. Решил перейти с обычной воды на биогенную воду, полученную с помощью &laquo;WATER FOR LIFE&raquo;. Результат меня удивил тем, что я на 4 день приема гидроплазмы перестал испытывать усталость после вечерних тренировок, хотя раньше с ног валился, добравшись до дома. Настроение великолепное и с потенцией стало еще лучше.</p>\r\n</div>\r\n<hr />\r\n<div class=\"comment-text\">\r\n<p><strong>Марина, 38 лет (г. Челябинск).</strong></p>\r\n<p>С 12 лет страдаю приступообразными головными болями с тошнотой и неукротимой рвотой. Плюс подавленное настроение и дефицит энергии. Поставили диагноз: мигрень. Приступы происходят с ежемесячной частотой, продолжаются около 2-3 дней и плохо обезболиваются различными таблетками. В январе услышала по гидроплазму &laquo;WATER FOR LIFE&raquo; и стала пить на постоянной основе в обычной дозировке. Приступы не беспокоят уже 3 месяца. Даже бокал вина в День своего рождения не спровоцировал обострение, а раньше после такой дозы легкого спиртного головная боль появлялась со 100% гарантией. Настроение отличное и энергии хватает на целый день. Очень благодарна Инюшину В.М. за его очень полезную биогенную воду.</p>\r\n</div>\r\n<hr />\r\n<div class=\"comment-text\">\r\n<p><strong>Алексей, 41 год (г. Нижневартовск).</strong></p>\r\n<p>С 18 лет страдаю доброкачественной гипербилирубинемией (Болезнь Жильбера). Печень сильно не беспокоила. Вот только билирубин никогда не был в норме. Периодически проходил лечение в гастроэнтерологии, ставили капельницы и делали уколы. Использовал курсами различные БАДы весной и осенью для поддержания работы печени, но показатели билирубина все равно не приходили в норму. И со временем я смирился со своим состоянием. В декабре 2015 года мне рассказали про удивительную гидроплазму &laquo;WATER FOR LIFE&raquo; и сказали, что для печени она очень нужна. Я согласился пить биогенную воду и перешел на постоянный режим потребления. Через 4 месяца во время очередной диспансеризации я сдал печеночные пробы. Билирубин оказался в норме. Лечащий врач очень удивился, а потом порадовался моему состоянию. Я не поверил результату и повторно сдал анализы в платном диагностическом центре. Показатели билирубина были в норме и точно такими же. Это просто фантастика! Низкий поклон и большая благодарность академику Инюшину В.М. за его открытие.</p>\r\n</div>\r\n<hr />\r\n<div class=\"comment-text\">\r\n<p><strong>Регина, 34 года (г. Уфа).</strong></p>\r\n<p>Миома матки 8 мм, была предложена операция. Принимала гидроплазму &laquo;WATER FOR LIFE&raquo; в обычной дозировке. Результат через 3 месяца: миома уменьшилась до 2 мм, отпала необходимость в операции и наступила долгожданная беременность.</p>\r\n</div>\r\n<hr />\r\n<div class=\"comment-text\">\r\n<p><strong>Елена, 37 лет (г. Уфа).</strong></p>\r\n<p>Пять лет назад попала под наблюдение гинеколога с диагнозом узловая мастопатия правой груди и нарушение менструального цикла (месячные редкие, нерегулярные и скудные). Беспокоили боли и уплотнения железистой ткани, а подмышечные лимфоузлы были слегка увеличены. Врач назначал лечение и ежегодное обследование. Через год стала побаливать левая грудь, что меня серьезно расстроило. Начала интересоваться народными средствами и применять их для себя. Боли и уплотнения в левой груди перестали беспокоить, а в правой улучшения не наблюдалось. В январе подружка пригласила на вебинар, который проводил доктор и рассказывал про гидроплазму &laquo;WATER FOR LIFE&raquo; &ndash; воду III тысячелетия. После консультации с врачом начала пить биогенную воду и прикладывать ватные диски с биогенной водой повышенной концентрации на места уплотнения. Почувствовала улучшение общего самочувствия и насыщение организма необходимой энергией. Где-то через 2 месяца обратила внимание на обильные месячные, а еще через месяц стала замечать, что болезненность и размеры уплотнений в правой груди начали уменьшаться. Похудела на 8 килограмм. На 5 месяц приема гидроплазмы во время очередного осмотра гинеколог обнаружил значительное улучшение со стороны правой груди и подмышечных узлов справа. Месячные пришли в норму и стали регулярными на протяжении последних трех месяцев. Во время сексуальной близости стала испытывать оргазм, о котором давно пришлось забыть. Приятно чувствовать себя счастливой и полноценной женщиной. Спасибо гидроплазме за мое женское здоровье и семейную гармонию.</p>\r\n</div>\r\n<hr />\r\n<div class=\"comment-text\">\r\n<p><strong>Нина, 20 лет (г. Курган).</strong></p>\r\n<p>С детства мучает дисбактериоз: частые запоры и боли в животе. В последние 3 года периодически обостряется холецистит (на УЗИ утолщение стенки и перегиб пузыря). Нарушение в диете обязательно сказывалось на моем кишечнике и желчном пузыре. О гидроплазме &laquo;WATER FOR LIFE&raquo; узнала в декабре 2015 года. Без капельки сомнения стала активно пить биогенную воду и умываться ей, так как из-за дисбактериоза периодически появлялись прыщики на лице и теле. На 5 день приема гидроплазмы ощутила резкие боли в животе и многократный стул серо-зеленого цвета. Меня предупредили, что пойдет очищение и возможно обострение на фоне длительных задержек (иногда не могла сходить в туалет по 4-5 дней). Останавливаться не стала. Мучения длились 3 дня, и кишечник успокоился. С каждой прожитой неделей я чувствовала, что мое общее состояние улучшается и кишечник приходит в норму. На третий месяц постепенно начала расширять свою диету и кушать то, от чего раньше воздерживалась. Последний месяц в туалет &laquo;по-большому&raquo; хожу регулярно. Вижу хороший косметический эффект на лице: кожа стала чистой.</p>\r\n</div>\r\n<hr />\r\n<div class=\"comment-text\">\r\n<p><strong>Гоша, 4 мес. (г. Челябинск).</strong></p>\r\n<p>На фоне приема детских смесей были трудности со стулом: сильно плакал и подолгу не мог опорожнить кишечник. После приема биогенной воды &laquo;WATER FOR LIFE&raquo; (1 капельки на 200 мл чистой питьевой воды) работа кишечника усилилась, а потом нормализовалась. Несколько дней приема биогенной воды восстановили кишечник.</p>\r\n</div>\r\n<hr />\r\n<div class=\"comment-text\">\r\n<p><strong>Валентина, 63 года (г. Магнитогорск).</strong></p>\r\n<p>Мучаюсь с ногами уже около 13 лет, потому что имею серьезный диагноз: варикоз с тромбофлебитом. Операцию не делают из-за сердечной недостаточности. С трудом поднимаюсь на четвертый этаж. Глотаю различные таблетки. Соседка после новогоднего праздника порекомендовала добавлять в обычную питьевую воду капельки гидроплазмы &laquo;WATER FOR LIFE&raquo; и забинтовывать ноги бинтом, смоченным в биогенной воде на основе гидроплазмы. Объяснила, что это будет улучшать качество крови и состояние сосудов. Последовала ее настойчивым рекомендациям и не пожалела. Одышка уменьшилась, стало легче передвигаться. На 4 месяц наружного использования гидроплазмы увидела резкое уменьшение варикозных узлов и вены стали менее заметными, чем раньше. Поднимаюсь на 4 этаж без остановок. Надеюсь на дальнейшее улучшение моего состояния. Каждый раз при встрече с соседкой благодарю ее за заботу и внимание по отношению ко мне.</p>\r\n</div>\r\n<hr />\r\n<div class=\"comment-text\">\r\n<p><strong>Олег, 46 лет (г. Челябинск).</strong></p>\r\n<p>После переохлаждения начался ларингофарингит с начальными явлениями трахеита. После 5 процедур ингаляции биогенной водой &laquo;WATER FOR LIFE&raquo; (5 капель гидроплазмы на 5 мл чистой воды) с помощью механического небулайзера (ингалятора) в первый день заболевания к вечеру ощутил значительное улучшение, а на следующий день необходимости в ингаляции уже не было, так как чувствовал себя хорошо, и жалоб не было.</p>\r\n</div>\r\n<hr />\r\n<div class=\"comment-text\">\r\n<p><strong>Николай, 51 год (г. Челябинск).</strong></p>\r\n<p>19 лет назад была спортивная травма поясничного отдела позвоночника и правого коленного сустава. Ежегодно в весеннее время проводил реабилитационные процедуры по поводу травмы спины и коленки. Эффект был, но не продолжительный и с годами интенсивность болей нарастала. Особенно весной приходилось даже носить специальный пояс для фиксации поясничного отдела позвоночника и накладывать эластичный бинт на поврежденный сустав. С января 2016 года посоветовали пить гидроплазму &laquo;WATER FOR LIFE&raquo; и делать примочки на поясницу с биогенной водой по вечерам на 30-40 минут, если днем позвоночник испытал перенапряжение в пояснице, а также забинтовывать больной коленный сустав марлевым бинтом, смоченным в биогенной воде (концентрация для наружного применения). Эту весну чувствую себя намного лучше, и объем очередных реабилитационных процедур лечащий доктор уменьшил из-за моего удовлетворительного состояния. Буду и дальше продолжать пить воду и оздоравливаться снаружи. Спасибо &laquo;WATER FOR LIFE&raquo; &ndash; чудодейственной воде XXI века.</p>\r\n</div>\r\n<hr />\r\n<div class=\"comment-text\">\r\n<p><strong>Татьяна, 32 года, (г. Коркино).</strong></p>\r\n<p>Девять лет болею псориазом (наследственность по материнской линии). Особенно сильно &laquo;цвела&raquo; в весеннее время. Ежегодно лечилась традиционными методами. Эффект был незначительным и непродолжительным. Гормонотерапию не использовала, так как не хотела побочного эффекта. Народные средства улучшали состояние, но дежурные бляшки на локтях никогда не исчезали. В январе 2016 года услышала о гидроплазме &laquo;WATER FOR LIFE&raquo;, которую можно использовать во внутрь и снаружи. Появилась надежда. Проконсультировалась с врачом и стала следовать его рекомендациям: использовать гидроплазму вовнутрь, а также орошать проблемную кожу и делать примочки биогенной водой повышенной концентрации (15-20 капель на 100 мл воды) на дежурные бляшки. Через 10-14 дней стала чувствовать общее улучшение состояние: появилась энергия, и улучшилось настроение. Стала худеть и за месяц потеряла 4 кг лишнего веса. Ко второму месяцу стали заметны косметические улучшения. Хочется отметить, что этой весной не было такого сильного обострения как раньше. Дежурные бляшки на локтях становятся менее заметными. Продолжаю процесс своего оздоровления. Надеюсь на дальнейшее улучшение, так как период использования гидроплазмы еще пока непродолжительный и составляет около 4-х месяцев.</p>\r\n</div>\r\n<hr />\r\n<div class=\"comment-text\">\r\n<p><strong>Олег, 46 лет (г. Челябинск).</strong></p>\r\n<p>На фоне приема биогенной воды &laquo;WATER FOR LIFE&raquo; сразу стал ощущать эффект очищения печени и кишечника. Потом через неделю почувствовал прилив сил и повышение трудоспособности. Еще через несколько дней заметил повышение стрессоустойчивости и гармонизацию душевного состояния.</p>\r\n</div>\r\n<hr />\r\n<div class=\"comment-text\">\r\n<p><strong>Римма, 39 лет (г. Уфа).</strong></p>\r\n<p>Экзема на руках 12 лет после рождения второго ребенка, которого вынашивала тяжело. Использовала все доступные медикаментозные мази и глотала массу различных БАД. Эффект был, но не особо радовал меня. Руки всегда хотелось спрятать от людских глаз. И еще появилась интимная проблема: месячные стали нерегулярными и скудными. Гидроплазму &laquo;WATER FOR LIFE&raquo; стала использовать в конце января по рекомендации подружки, у которой перестала часто болеть голова. Пила во внутрь и делала ванночки с теплой биогенной водой для кистей рук на 30-40 минут. Недели через 3 стала замечать улучшение состояния и активное заживление трещинок. Через месяц начались обильные месячные как раньше. Последние три месяца они проходят нормально и во время. Улучшилась сексуальная жизнь. На 4 месяц использования гидроплазмы показала свой результат врачу, который обрадовался внешнему виду моих ручек. Сожалею, что не сделала фотографию, что было с ними до гидроплазмы, чтобы всем показывать колоссальную разницу. Теперь я не прячу свои руки, а наоборот всем показываю, какие они у меня стали красивые.</p>\r\n</div>\r\n<hr />\r\n<div class=\"comment-text\">\r\n<p><strong>Татьяна, 56 лет (г. Уфа).</strong></p>\r\n<p>В 43 года после сильного переохлаждения поставили диагноз пиелонефрит. Обострения были очень частыми по 3-4 раза в год. Лечилась и в стационаре, и амбулаторно. Последние три года стала сильно отекать, и повысилось давление. Врач периодически назначает мочегонные, сосудистые и антибиотики, после которых присоединился дисбактериоз кишечника с частым жидким стулом. Жизнь оказалась не в радость. Поликлиника стала как дом родной, а аптека &ndash; продуктовым магазином. Про гидроплазму &laquo;WATER FOR LIFE&raquo; рассказали в конце декабря. На нее сразу возложила последнюю свою надежду. Через неделю почувствовала боль в пояснице. Сказали, что это обострение и останавливать процесс нежелательно. Боль прошла через три дня. В течение месяца активно стали уходить отеки, и я похудела на 9 килограмм. Давление нормализовалось на третий месяц, и я отказалась от лекарств. Анализы мочи в пределах нормы. В туалет хожу без проблем. О, свершилось чудо! Огромное спасибо потрясающему изобретению для всего человечества.</p>\r\n</div>\r\n<hr />\r\n<div class=\"comment-text\">\r\n<p><strong>Оксана, 48 лет (г. Челябинск).</strong></p>\r\n<p>На фоне приема биогенной воды &laquo;WATER FOR LIFE&raquo; (10-15 капель на 500 мл питьевой воды) стала замечать по утрам, что отхаркивается зеленая мокрота. До этого беспокоил непродолжительный кашель по утрам. Через 3 недели выделения из бронхо-легочной системы прекратились, и исчез утренний кашель.</p>\r\n</div>\r\n<hr />\r\n<div class=\"comment-text\">\r\n<p><strong>Глеб, 3,5 года (г. Троицк).</strong></p>\r\n<p>После того как пошел в 2 года в детский сад, начал болеть различными простудными заболеваниями с частотой 1 раз в 2 месяца. Использовали различные минерально-витаминные комплексы для детей, детские йогурты для иммунитета, но особого результата не увидели. В декабре 2015 года услышали о гидроплазме &laquo;WATER FOR LIFE&raquo; и тут же подумали о нашем ребенке. Стали давать ему ежедневно биогенную воду в разведении 3 капли на 500 мл питьевой воды. Этот объем он с удовольствием выпивал в течение дня. Результат нас очень вдохновил и порадовал: за все время приема гидроплазмы ни разу не было простудных заболеваний. Также обратили внимание, что ребенок стал более спокойным, веселым и работа кишечника нормализовалась, а до этого иногда беспокоили боли в животике и жидкий стул.</p>\r\n</div>\r\n<hr />\r\n<div class=\"comment-text\">\r\n<p><strong>Кристина, 7 лет (г. Челябинск).</strong></p>\r\n<p>С детства была слабым ребенком с частыми простудными заболеваниями: ангина и бронхит. В 4 года появились приступы кашля с удушьем. Поставили предастматический бронхит и назначили различные лекарства. Антибиотики использовали очень редко, потому что ребенок сразу начинал жаловаться на боли в животе. Применяли различные народные средства, которые уменьшали срок лечения, делали ингаляции, но приступы все равно появлялись. Врач нас предупредил, что у ребенка может появиться бронхиальная астма, чего мы очень боялись. В декабре 2015 года по рекомендации знакомых стали давать биогенную воду &laquo;Вода для жизни&raquo; в концентрации 7 капель гидроплазмы на 500 мл воды. Старались, чтобы ребенок выпивал до 1 литра целебной воды. Через 5 дней начался сильный кашель с мокротой, но без температуры. Нас предупредили, что пошел процесс очищения, и порекомендовали делать ингаляции с биогенной водой. Обострение кашля длилось 2 дня без температуры. С момента очищения и по сегодняшний день (прошло 4 месяца) не было простуды в виде кашля и температуры. Единственный раз появился насморк, и мы с ним справились за два дня, закапывая гидроплазму без разведения в нос. Теперь у нас в доме появился добрый доктор &laquo;Айболит&raquo;, чему мы очень рады.</p>\r\n</div>\r\n<hr />\r\n<div class=\"comment-text\">\r\n<p><strong>Рафаэль, 76 лет (Башкирия).</strong></p>\r\n<p>Более 15 лет страдал простатитом. После 2-х месяцев употребления гидроплазмы &laquo;WATER FOR LIFE&raquo; перестали беспокоить частые ночные позывы на мочеиспускание.</p>\r\n</div>\r\n<hr />\r\n<div class=\"comment-text\">\r\n<p><strong>Виктор, 54 года (г. Чебаркуль).</strong></p>\r\n<p>Страдаю онкологическим заболеванием: аденома простаты. Доктор сказал, что очень высокий риск перехода в рак, потому что титр онкомаркеров был всегда очень высоким. Регулярно проходил диспансерные осмотры в онкодиспансере и сдавал необходимые анализы. Врачи отмечали стабильное состояние с небольшими отклонениями то в лучшую сторону, то в худшую. Всегда старался придерживаться рекомендаций лечащего врача, но болезнь все равно каждый день давала о себе знать. В декабре случайно узнал от одного человека о гидроплазме &laquo;WATER FOR LIFE&raquo;, доверился информации, начал пить биогенную воду и целый месяц делал с ней микроклизмы (1 мл гидроплазмы на 200 мл воды). В течение первой недели стал ощущать прилив сил и улучшение настроения. Через месяц боли в промежности стали уменьшаться и процесс мочеиспускания улучшился. Стала появляться утренняя эрекция и я снова почувствовал себя мужчиной. На четвертый месяц использования гидроплазмы пришел на диспансерный осмотр. Услышав, что мое состояние стало улучшаться, доктор назначил УЗИ простаты и анализ крови на онкомаркеты. Мой результат оказался блестящим: размеры простаты умень-шились в 1,4 раза, а количество онкомаркеров снизилось в 1,8 раза. Продолжаю пить биогенную воду и каждое утро радуюсь новому дню. Появилась надежда, что смогу справиться без операции со своим недугом.</p>\r\n</div>\r\n<hr />\r\n<div class=\"comment-text\">\r\n<p><strong>Нина, 54 года (г. Челябинск).</strong></p>\r\n<p>Последние 16 лет у меня серьезный диагноз: диффузный токсический зоб, узловая форма, множественные узлы обеих долей. Имею еще небольшой &laquo;букет&raquo; заболеваний и ожирение. Регулярно наблюдаюсь у эндокринолога в поликлинике по месту проживания. Использую медикаменты и народные средства. Лечащий врач говорит, что мое состояние относительно стабильное. В январе после новогодних праздников услышала про гидроплазму &laquo;WATER FOR LIFE&raquo;. К воде я отношусь серьезно и решила проверить ее действие на себе. Начала делать биогенную воду до 2-2,5 литров и пить в течение дня. В первый месяц стала отмечать какое-то общее улучшение организма. Похудела на 12 кг за два месяца. Небольшие отклонения в здоровье стали меньше беспокоить. В апреле на УЗИ щитовидной железы обнаружили уменьшение размеров узлов, и их количество стало меньше. Чувствую себя намного лучше. Раньше с нетерпением ждала пенсионного возраста и мечтала уйти на пенсию. Сейчас пересмотрела свои планы, и буду продолжать трудиться на своей любимой работе.</p>\r\n</div>\r\n<hr />\r\n<div class=\"comment-text\">\r\n<p><strong>Ода продукту!</strong></p>\r\n<p>Добрый вечер, компания,на которую я возлагаю большие надежды.Продуктом пользуюсь совсем не давно, постепенно изучаю его.Могу сказать одно &mdash; начался простудный процесс &mdash; болеть голова, горло и появился озноб.Капала капли гидроплазмы под язык, в нос, В первый день &mdash; улучшение состояния на 60%, на второй день все симптомы исчезли.Спасибо Инюшину В.М. за продукт, а компании и спонсорам за информацию и наличие товара.Здорово!..</p>\r\n</div>\r\n<hr />\r\n<div class=\"comment-text\">\r\n<p><strong>Павел, 48лет. (г. Уфа)</strong></p>\r\n<p>Пью гидроплазму с июня месяца, уже через неделю почувствовал результат- энергию, работоспособность, как будто помолодел лет на десять, перестали болеть колени, спина. С утра просыпаюсь бодрым сразу, а раньше уходило полчаса, пока мышцы придут в тонус. Летом в купальный сезон обострился аллергический насморк, перед сном закапал концентрат в глаза и нос, через 20 минут чесотка в носу успокоилась. Утром и днём повторил, нос открылся, всё прошло. В апреле месяце сего года у меня вдруг проявился псориаз, раньше его не было. Прошёл двухнедельный дневной стационар, выступления на коже удалось убрать, но врач сказал, что теперь он будет мучить меня вся жизнь, что псориаз неизлечим. Время конечно покажет, но если псориаз больше не проявится, то буду благодарить гидроплазму и судьбу за то что привела меня в imagine people. Младшей и старшей дочери был поставлен диагноз-гастрит. У обоих были проблемы со стулом. После употребления &laquo;живой&raquo; воды всё нормализовалось, у старшей ещё и угревая сыпь прошла. Теперь гидроплазма заменяет нам все лекарства.</p>\r\n</div>\r\n<hr />\r\n<div class=\"comment-text\">\r\n<p><strong>Светлана, 35 лет (Екатеринбург)</strong></p>\r\n<p>С 18 лет мой диагноз &mdash; ревматоидный полиартрит. Это бесконечные боли, скованность в движениях и ощущение безвыходности&hellip; СТО РАЗ можно было сдаться и опустить руки! Мой лечащий врач, разведя руками, сказал: &laquo;Жди результата&raquo;&hellip;. Но я никогда не сдавалась! Искала выход &mdash; новые методы и возможности. Год назад я узнала о ГИДРОПЛАЗМЕ. Друзья, это &raquo; БОМБА&raquo;! В моей жизни ВСЕ ИЗМЕНИЛОСЬ! Уже через полторы недели я почувствовала изменения. Теперь, спустя столько лет я СНОВА ЖИВУ! Живу без болей, без скованности в движениях&hellip;. И САМОЕ ГЛАВНОЕ &mdash; БЕЗ ТАБЛЕТОК!!! Я хочу, чтоб Вы понимали &mdash; выход всегда ЕСТЬ! Главное &mdash; не отчаиваться и действовать! Об этом надо знать! Изменить свою жизнь &mdash; ЛЕГКО!!!</p>\r\n</div>\r\n<hr />\r\n<div class=\"comment-text\">\r\n<p><strong>Елена( Екатеринбург)</strong></p>\r\n<p>Здравствуйте. На работе моя коллега пожаловалась на расстройство желудка. Я на стакан воды развела 15 капель гидроплазмы и она ее выпила. Через час все пришло в норму. Проблема прошла. Коллега сразу приобрела бутылочку гидроплазмы.</p>\r\n</div>\r\n<hr />\r\n<div class=\"comment-text\">\r\n<p><strong>Анастасия г. Миасс</strong></p>\r\n<p>Здравствуйте! меня зовут Анастасия, я висцеральный терапевт, остеопат(массажист).Я употребляю биогенную воду 2 недели и 4 дня, пишу так точно, т.к каждый день я, моя семья и мои пациенты получают положительные результаты от ее применения. с первого же стакана, прилив сил, активность, улучшение мозговой деятельности. на четвертый день применения, всей семьей отметили легкость в усвоении пищи, у мужа в этот же день значительно улучшилось зрение пропал синдром&raquo; куриной слепоты&raquo; из-за хронической анемии у меня была проблема так называемые &laquo;заеды&raquo; на губах, теперь их нет, перестали &laquo;сыпаться&raquo; волосы, жду теперь результатов по ногтям! Было необходимо бодрствовать сутки без сна, пила воду, закапывала 1 раз днем в уши и глаза, это помогло сохранить нужное рабочее состояние, продукт работает мягко и постепенно, я ощущаю его действие по всему организму в его &laquo;слабых&raquo; местах, то голова немного по болит и пройдет(есть проблема с сосудами головы), то сустав, или орган требующий внимания. У мужа всегда осенью обострение хронического холецистита, что сопровождается температурой, сонливость, вялостью и прочими неприятными симптомами, организм с благодарностью принял помощь в виде биогенной воды, мой муж работоспособен, у него чудесное настроение и энергии в достатке, не принимает никаких лекарственных препаратов. Таким образом это еще и дополнительная диагностика. У пациентки, на фоне антипаразитарной очистки, обострился цистит, 1л. воды решил эту проблему, рези прошли почти сразу. Пейте правильную воду дорогие друзья и будьте здоровы и счастливы вместе со своими близкими!</p>\r\n</div>\r\n<hr />\r\n<div class=\"comment-text\">\r\n<p><strong>Валентина, г.Уфа</strong></p>\r\n<p>Хочу поделиться результатами, применяя ALFA ДИГИДРОКВЕРЦЕТИН. С продуктом только начала знакомиться, но доверяя производителю и доктору, начала применять его на практике. Сутки назад было состояния здоровья на стадии простудного заболевания, но получилось так, что дома закончилась гидроплазма( результат от ее применения уже колоссальный, в т.ч. и по респираторным заболеваниям). На вебинаре Тамара поделилась своим результатом, что при простудном заболевании, употребила по 2 капсулы ALFA ДИГИДРОКВЕРЦЕТИНа и за 2 дня решила свою проблему положительно. Я последовала ее примеру, правда, пила по 1 таблетке 2 дня и результат аналогичный! Очень советую принять информацию о продуктах компании, с которой я сотрудничаю и несу радость и благодарность тех людей, которые меня услышали! Всем здоровья!</p>\r\n</div>\r\n<hr />\r\n<div class=\"comment-text\">\r\n<p><strong>Марина, 49 лет (г. Ирбит)</strong></p>\r\n<p>Мое состояние здоровья в последнее время было далеко от нормы &mdash; вес около 150 кг, сахарный диабет (20 &mdash; 22 ед), отеки, давление. Употребляю гидроплазму и БАД &laquo;МОЯ ТАЛИЯ&raquo; около трех месяцев. Результат меня очень радует : минус 21 кг, сахар снизился до 7 ед. Благодарю за возможность простым способом улучшить здоровье!!!</p>\r\n</div>\r\n<hr />\r\n<div class=\"comment-text\">\r\n<p><strong>Сергей( Екатеринбург)</strong></p>\r\n<p>Несколько лет сохла и трескалась кожа на руках. Никакие мази, гели, и др. не помогали. Начал делать примочки с гидроплазмой в течении двух недель, трещины зажили, кожа стала мягкой, увлажненной, перестала трескаться.</p>\r\n</div>\r\n<hr />\r\n<div class=\"comment-text\">\r\n<p><strong>Михаил, 50 лет, Краснотурьинск</strong></p>\r\n<p>Вчера, 26 декабря 2016 года, я ножом срезал кожу на среднем пальце правой руки. Кровь остановил повязкой. После капнул 1 каплю &laquo;WATER FOR LIFE&raquo; и лёг спать. Утром рана почти затянулась. Я капнул ещё одну каплю и рана полностью затянулась в течение 4 часов.</p>\r\n</div>\r\n<hr />\r\n<div class=\"comment-text\">\r\n<p><strong>Михаил Легаев, 50 лет, Краснотурьинск</strong></p>\r\n<p>У жены случился насморк &ndash; 5 платков за день. Закапав в каждую ноздрю в течение дня 4 раза по 1 капле &laquo;WATER FOR LIFE&raquo;, на утро встала без насморка.</p>\r\n</div>\r\n<hr />\r\n<div class=\"comment-text\">\r\n<p><strong>Лариса Тюмень</strong></p>\r\n<p>Папе 83 года, грибок на ногах более 10 лет, конечно, лечили всеми известными мазями, дорогими таблетками и народными средствами. В результате не долгое мнимое спокойствие и прогрессирование болезни, с появлением воспаления грибка на руках. Уже не верил и не хотел пробовать ничего нового, доставляя неудобства себе и близким этой заразной болячкой. После 2х дней на ночь примочек с биогенной водой, шепнул на ухо, что у него происходят чудеса, &mdash; главный очаг на большом пальце вскрылся и безболезненно отошел с больным ногтем. Это сильно отца впечатлило и вдохновило на следующий, надеемся на заключительный и быстрый этап выздоровления.<br />Маме 78 лет, кашель после лечения простуды не проходил более 3-х недель, мешал говорить, спать и по словам &laquo;был сильно не хорошим&raquo;.. А с утра, как правило, головная боль и раздражительность. После 2-х раз ингаляций с 1 капелькой Гидроплазмы уснула и спала до утра сама, и нам всем дала выспаться! Закрепила результат в течении 3 дней и первый раз сказала мне -ДА, Я СЕЙЧАС Воде ВЕРЮ!<br />Так что ничего не надо доказывать ни кому, просто возьмите и проверьте на себе и близким вам людям, что это за Биогенная вода!?</p>\r\n</div>\r\n<hr />\r\n<div class=\"comment-text\">\r\n<p><strong>Рузиля Галимова Уфа</strong></p>\r\n<p>C августа 2016 года, принимаем &laquo;WATER FOR LIFE&raquo; всей семьей, за всю зиму не болели гриппом , капаю в глаза , рассосалась катаракта , внук 16 лет , аденоиды пришли в норму, раньше в зимние время нос не дышал, на операцию не хотели, Благодаря , &laquo;WATER FOR LIFE&raquo; стало дышать легко , внучка 2 годика, капаю в рот несколько капель для профилактики у самой было воспаление легких 12 лет назад, через обострение очистились бронхи. Препарат работает реально на 100%. Благодарю!!! Всем желаю здоровья!!!</p>\r\n</div>\r\n<hr />\r\n<div class=\"comment-text\">\r\n<p><strong>Галина, Оренбург</strong></p>\r\n<p>Я- врач по специальности. История моего знакомства с гидроплазмой уходит корнями в глубокое прошлое.<br />Мои наблюдения по результатам с 31.01.2016 года<br />Всю свою сознательную жизнь я искала метод, или универсальный продукт, который будет восстанавливать самого человека как многофункциональную систему. Еще на 1 курсе мед.академии я пришла в деканат с вопросом&raquo;Когда в медицине перестанут лечить симптомы и синдромы, а займутся восстановлением здоровья в целом, когда упор будет сделан на человека, а не на болезненные симптомы?&raquo; Ответ был поразительным:<br />&laquo;Да, мы сейчас рассматриваем возможности перестройки программы обучения студентов, ваш курс как раз является переходным&raquo;<br />Прошло 38 лет с момента получения мной диплома врача-лечебника, за которые я так и не смогла найти универсального средства, хотя искала всегда.<br />А ответ был рядом &mdash; это вода. Впервые узнала о гидроплазме 31 января 2017 года. Начала принимать сама и посоветовала ряду своих знакомых.<br />РЕЗУЛЬТАТЫ на сегодня превзошли все ожидания: исчезли или значительно уменьшились явления гипервозбудимости у детей, улучшился сон и повысилось настроение у всех, принимающих эту &laquo;ЖИВУЮ ВОДУ&raquo;, ушли симптомы геморроя, исчезли боли и нормализовался стул при тяжелом язвенном колите, улучшилось зрение, разгладились мелкие морщинки на лице, исчезли боли в пояснице, у ребенка с ДЦП сдвиг в лучшую сторону по симптоматике, уменьшились симптомы аллергии, мужчины отмечают улучшение состояния с мочеполовой сферой, что немаловажно в возрасте за 50.<br />Теперь непосредственно -о моих результатах за короткий период с 31 января 2016 года:<br />На моей компьютерной диагностике &ndash; результаты просто потрясли &mdash; обнаружились изменения в шейно-грудном и поясничном отделах позвоночника( скажите, у кого их сейчас нет? даже в более молодом возрасте у многих такие проблемы есть, а у врача с сидячим образом жизни &mdash; это естественно, и я об этих проблемах знала. Второе , на что обратил внимание диагност &mdash; это нагрузка на венозные сосуды, да, действительно в последние 2 месяца страдала обострением т.н. &laquo;царской болезни&raquo;, беспокоили геморроидальные узлы, традиционные методы лечения не помогали, а за 5 дней приема гидроплазмы узлов как не бывало. Но я понимаю, что для нормализации процессов венозного застоя, конечно, нужно время, и я продолжаю принимать гидроплазму. Третья проблема, выявленная на диагностике связана с кожей. Это вообще отдельная история: страдаю псориазом с 12 лет. В медицинский, собственно, поступала с целью найти способ излечения от этой неудобной проблемы, которая многих может привести к инвалидности, если поражаются суставы. Увы, все ранее известные методы результатов либо вообще не давали, либо давали кратковременное улучшение состояния. Обострения наступали в холодное время года, до прихода солнышка ничем не снимались. За 1,5 месяца приема гидроплазмы ушли полностью высыпания на теле( Я вновь смогла посещать бассейн!), дежурные бляшки на локтях стали бледными , более плоскими, прошла стадия шелушения. Я уверена, что дальнейший прием гидроплазмы полностью избавит меня от этой проблемы!!!!!!!!!!!!!!!!!!!!!!!!!!!!!!! В преддверии Нового 2017 года ко мне пришло ЧУДО, по другому я не могу это назвать. Вот и все, что выявилось на диагностике у женщины в 59 лет(а я-то не обращалась к коллегам уже более 15 лет, и думала, что на диагностике в каждом моем органе найдутся изменения. Но я ведь пила до этого гидроплазму в течение месяца, и только потом пошла на диагностику.<br />Это еще одно подтверждение результатов улучшения состояния органов и систем за короткий период приема воды.<br />ВОДУ ПЬЮТ ВСЕ!!!!!!!!!!!!!!!!!!!!!!!!!!!!!!!!!!<br />Противопоказаний нет! В отличии от лекарственных препаратов, где показаний гораздо меньше, чем противопоказаний.<br />В следующем отзыве напишу те чудесные преобразования в моей жизни, которые происходят со мной с момента приема гидроплазмы. У кого есть личные вопросы к врачу, стучитесь в скайп galinaradaeva<br />Всем здравия, счастья, удачи и успехов!!!!!!!!!!!!!!!!!!!!!! Я люблю вас, IMAGINE PEOPLE!!!!!!!!!!!!!!!!!!!!!!!!!!!!!</p>\r\n</div>\r\n<hr />\r\n<div class=\"comment-text\">\r\n<p><strong>Оксана, 34 года, г. Санкт-Петербург</strong></p>\r\n<p>Сегодня я сделала повторное УЗИ брюшной полости, в ноябре 2015 года проходила обследование в санатории, где был обнаружен полип в желчном пузыре 4,5 мм, размер хоть и небольшой, но врачи рекомендовали вести наблюдение за его ростом, так как большие образования потребуют хирургического вмешательства. После гинекологической операции в июле 2015 года я стала внимательнее относиться к здоровью, так в феврале 2016 года подруга познакомила меня с продуктом под названием &laquo;биогенная вода&raquo; (живая вода). Прием гидроплазмы начала с марта не большими дозами, а с апреля 2016 года без всяких опасений перешла на постоянное его потребление. Сегодня, 24.03.2017 года, я сделала повторное УЗИ брюшной полости и уже рассказала об этом всем своим близким, молчать не могу, так как лекарств я не применяла, а полип ИСЧЕЗ с экрана СОВСЕМ!!!! Диагноз врача тому подтверждение! Остались хлопья, которые в последствии могут перерасти в камни, но я продолжаю свои наблюдения и уверенна, что с таким продуктом исчезнут и они! Всем здоровья, берегите своих близких, остальное приложится!</p>\r\n</div>\r\n<p>&nbsp;</p>\r\n</div>\r\n</div>\r\n</div>', 52, 20, '2019-03-15 04:59:25', '2019-03-19 11:30:00', NULL, 0);
INSERT INTO `products` (`id`, `name`, `img`, `mini_description`, `description`, `price`, `points`, `created_at`, `updated_at`, `deleted_at`, `is_present`) VALUES
(13, 'ALFA ДИГИДРОКВЕРЦЕТИН', 'products/March2019/CW0DrfQajAorhmxdTLnI.jpg', 'ЭТАЛОННЫЙ АНТИОКСИДАНТ!', '<div class=\"col-xs-12\">\r\n<ul class=\"nav nav-pills mb-3\">\r\n<li class=\"nav-item active\"><a class=\"nav-link active\" role=\"tab\" href=\"#detail\" aria-expanded=\"true\" data-toggle=\"tab\">Подробное описание</a></li>\r\n<li class=\"nav-item\"><a class=\"nav-link\" role=\"tab\" href=\"#pokaz\" aria-expanded=\"false\" data-toggle=\"tab\">Показания</a></li>\r\n<li class=\"nav-item\"><a class=\"nav-link\" role=\"tab\" href=\"#pimen\" aria-expanded=\"false\" data-toggle=\"tab\">Применение</a></li>\r\n<li class=\"nav-item\"><a class=\"nav-link\" role=\"tab\" href=\"#sostav\" aria-expanded=\"false\" data-toggle=\"tab\">Состав</a></li>\r\n<li class=\"nav-item\"><a class=\"nav-link\" role=\"tab\" href=\"#otzyv\" aria-expanded=\"false\" data-toggle=\"tab\">Отзывы</a></li>\r\n</ul>\r\n<div class=\"tab-content\">\r\n<div id=\"detail\" class=\"tab-pane active\" role=\"tabpanel\"><a class=\"fancybox img-container float-right\" href=\"app/pages/static/img/alfa1.jpg\"><img class=\"img-responsive\" src=\"app/pages/static/img/alfa1.jpg\" alt=\"\" /></a>\r\n<p><strong>БФК &laquo;ALFA Дигидрокверцетин&raquo;</strong>&nbsp;&mdash; иммунный природный модулятор нового поколения, обладает свойствами защиты организма от неблагоприятного влияния бактерий, вирусов и грибков. Защищая иммунные клетки от воздействия свободных радикалов и продуктов метаболизма, препарат мобилизует работу защитных сил организма, обеспечивая тем самым&nbsp;укрепление иммунитета.<br /> <strong>БФК &laquo;ALFA Дигидрокверцетин&raquo;</strong>&nbsp;&mdash; природный капилляропротектор. Его по праву можно назвать &laquo;сосудистым лекарем&raquo;, поскольку неоценима его роль в процессах, способствующих восстановлению эластичности и проницаемости капилляров. Капилляротерапия является базисной для преодоления любой патологии. Поддерживая нормальную функцию капилляров, мы можем оставаться всегда здоровыми. БФК помогает в терапии таких заболеваний, как инсульт, инфаркт, ишемическая болезнь сердца, гипертоническая болезнь, атеросклероз, предотвращает тромбообразование, стабилизирует мозговое кровообращение.</p>\r\n<a class=\"fancybox img-container float-left\" href=\"app/pages/static/img/alfa2.jpg\"><img class=\"img-responsive\" src=\"app/pages/static/img/alfa2.jpg\" alt=\"\" /></a>\r\n<p><strong>БФК &laquo;ALFA Дигидрокверцетин&raquo;</strong>&nbsp;&mdash; природный онкопротектор. Доказана его бесценная способность тормозить развитие опухолевых клеток, запуская механизм самоуничтожения (апоптоз) поврежденных и мутирующих клеток, не нарушая при этом процессы деления здоровых клеток.&nbsp;Оказывает неоценимое оздоравливающее действие при воспалительных, склеротических, дистрофических заболеваниях глаз, улучшает чувствительность и проводимость зрительного нерва, повышает остроту зрения, восстанавливает кровообращение.</p>\r\n<p><strong>БФК &laquo;ALFA Дигидрокверцетин&raquo;</strong>&nbsp;&mdash; решение проблем&nbsp; мочеполовой системы. Комплекс снижает воспалительные процессы почек, мочевого пузыря, предстательной железы. Положительно влияет на восстановление репродуктивной функции человека. Комплекс улучшает качество кожных покровов, устраняет угревую и гнойничковую сыпь, влияет на синтез коллагена и эластина, улучшает тургор кожи, осветляет, придает свежесть, а также защищает от ультрафиолетового излучения.</p>\r\n<p><strong>БФК &laquo;ALFA Дигидрокверцетин&raquo;</strong>&nbsp;усиливает действие многих полезных веществ, витаминов, минералов, усиливая их проникающие свойства. Улучшает отток метаболитов, нормализует обмен веществ&nbsp; в клетках.</p>\r\n<p>Биологически активное соединение, исключительно природного состава, представлено тремя биофлавоноидами: Дигидрокверцетин (ДГК) &ndash; 90%, Дигидрокемферол &ndash; 8%, Нарингин &ndash; 2%. Вместе &ndash;&nbsp; это активное биологическое соединение, оказывающее мощный синергетический эффект.</p>\r\n<p>Сырьем для производства такого биофлавоноидного&nbsp; комплекса является лиственница Сибирская и Даурская, обладающая самой высокой биостойкостью по сравнению с другими хвойными породами. И не случайно ее называют деревом вечности.</p>\r\n</div>\r\n<div id=\"pokaz\" class=\"tab-pane\" role=\"tabpanel\"><a class=\"fancybox img-container float-right\" href=\"app/pages/static/img/alfa4.jpg\"><img class=\"img-responsive\" src=\"app/pages/static/img/alfa4.jpg\" alt=\"\" /></a>\r\n<ul class=\"check-list\">\r\n<li>Блокирует, нейтрализует и выводит из организма избыток свободных радикалов, а значит &ndash; предотвращает возникновение и развитие многочисленных заболеваний</li>\r\n<li>Тормозит развитие и запускает естественную гибель опухолевых клеток, эффективно нейтрализует вредные воздействия после химио- и радиотерапии</li>\r\n<li>Препятствует разрушению клеточных, тканевых, органных мембран, укрепляет стенки кровеносных сосудов, усиливает кровоток, улучшая свойства крови. Снижает на 50% риск развития инфаркта и инсульта. Существенно сокращает рубцовую зону ишемического повреждения миокарда, улучшает сократительную функцию сердца, улучшает кровоснабжение сердца, предотвращает внутрисосудистое тромбообразование</li>\r\n<li>Нормализует артериальное давление, уменьшает метеозависимость, улучшает общее самочувствие, снимает головные боли, головокружение и шум в ушах</li>\r\n<li>Профилактирует заболевания ЦНС и периферической нервной системы: энцефалопатия, болезнь Альцгеймера и Паркинсона, эпилепсия, рассеянный склероз, нейропатия и др.</li>\r\n<li>Останавливает развитие дистрофических и склеротических заболеваний глаз (глаукома, катаракта, отслойка сетчатки и др.), повышает остроту зрения</li>\r\n<li>Тормозит развитие воспалительного процесса любой локализации</li>\r\n<li>Профилактирует обострение хронических заболеваний органов дыхания (пневмония, плеврит, обструктивный бронхит, бронхиальная астма, туберкулез)</li>\r\n<li>Защищает от вредных воздействий желудок и кишечник, активизирует процессы восстановления слизистой оболочки желудка и двенадцатиперстной кишки</li>\r\n<li>Выводит токсины, препятствует возникновению гепатоза и цирроза печени</li>\r\n<li>Предупреждает спазм сосудов, вызванный потреблением алкоголя. Способствует снижению вероятности развития гипертонического криза у склонных к гипертонии людей</li>\r\n<li>Снижает вероятность заболевания сахарным диабетом, облегчает течение развившихся форм, повышает устойчивость тканей организма к повреждающему действию избыточного сахара в крови</li>\r\n<li>Является мощнейшим антиаллергическим средством</li>\r\n<li>Является иммунным модулятором (изменяющим) и активатором иммунной системы. Он предохраняет организм от неблагоприятного влияния бактерий, вирусов и грибков, обеспечивая укрепление иммунитета</li>\r\n<li>Улучшает состояние кожных покровов, эффективно воздействует на процессы регенерации, устраняет угревую и гнойничковую сыпь, увеличивает синтез коллагена и эластина. В результате сокращается количество морщин, долго сохраняется молодость кожи</li>\r\n<li>Способствует восстановлению состояния костной, хрящевой и соединительной ткани</li>\r\n<li>Помогает восстановить репродуктивную функцию мужчин и женщин, повышает потенцию, нормализует подвижность сперматозоидов, снижает воспалительные явления в простате у мужчин и органах малого таза у женщин, предупреждает развитие раннего климакса, улучшает либидо и сексуальное влечение к противоположному полу. Он чрезвычайно полезен людям старше 40 лет для профилактики гормональных нарушений, а также в климактерическом периоде у женщин и при недостаточности тестостерона у мужчин</li>\r\n<li>Является активным антистрессорным средством, способным нормализовать работу нервной и гормональной систем во время психотравмирующих ситуаций</li>\r\n<li>Обладает антимутагенным свойством, профилактирует повреждение ДНК клетки на мембранно-клеточном уровне</li>\r\n<li>Снимает синдром хронической усталости, повышает умственную и физическую работоспособность</li>\r\n<li>Обладает низкой токсичностью, а значит &mdash; безопасен при употреблении в больших дозах</li>\r\n</ul>\r\n</div>\r\n<div id=\"pimen\" class=\"tab-pane\" role=\"tabpanel\">\r\n<p><a class=\"fancybox img-container float-right\" href=\"app/pages/static/img/alfa5.jpg\"><img class=\"img-responsive\" src=\"app/pages/static/img/alfa5.jpg\" alt=\"\" /></a> <strong>Рекомендация по применению: </strong><br /> 1 капсула в день.<br /> При нормальном или низком артериальном давлении - утром до еды, при повышенном давлении &mdash; желательно использовать после еды. Минимальный курс приема составляет 2 месяца. После 40 лет следует применять более длительными курсами. При необходимости можно перейти на постоянную основу употребления или увеличить на короткое время (до 1 месяца) суточную дозировку в 2 раза.<br /> БАД можно применять коротким курсом в течение 1 месяца при наличии частых болезненных состояний у детей.<br /> Не рекомендуется использовать: детям до 18 лет, беременным женщинам и кормящим матерям, при индивидуальной непереносимости компонентов.<br /> Форма выпуска: 30 капсул в блистере.</p>\r\n</div>\r\n<div id=\"sostav\" class=\"tab-pane\" role=\"tabpanel\"><a class=\"fancybox img-container float-right\" href=\"app/pages/static/img/alfa3.jpg\"><img class=\"img-responsive\" src=\"app/pages/static/img/alfa3.jpg\" alt=\"\" /></a>\r\n<p><strong>ДИГИДРОКВЕРЦЕТИН</strong> (ДГК) &ndash; жирорастворимый биофлавоноид из древесины лиственницы.<br /> По антиоксидантной и капилляропротекторной активности ДГК &ndash; несомненный лидер и непревзойденный по своей силе флавоноид, имеющий в своей структуре пять гидроксильных групп. Он превосходит известные и применяемые в настоящее время средства в 3-5 раз! За многообразие и универсальность своих профилактических и оздоровительных свойств дигидрокверцетин по праву заслужил почетный титул &laquo;король флавоноидов&raquo;. ДГК &ndash; эффективное антиоксидантное средство, которое прерывает процессы перекисного окисления липидов в мембранах клеток, защищает клетку от повреждающего действия свободных радикалов, а также эффективно исправляет нарушения в различных звеньях антиоксидантной системы организма. ДГК профилактирует развитие окислительного стресса, дегенеративно-дистрофических процессов в тканях и раннего клеточного старения. Позволяет эффективно противодействовать разрушительным факторам современной экологии, производства, характера питания и неправильного образа жизни.<br /> Важно подчеркнуть, что ДГК абсолютно безопасен для человека и животных. За последние 30 лет он заслужил достойное признание не только в индустрии здоровья и в косметологии, но и в пищевой промышленности и в сельском хозяйстве. Проведенные многочисленные исследования доказали, что он не вызывает аллергии, не обладает цитотоксическим действием и не провоцирует мутации.</p>\r\n<p><strong>ДИГИДРОКЕМПФЕРОЛ</strong> &ndash; является биогенетическим предшественником ДГК, усиливающим его целебные свойства.</p>\r\n<ul>\r\n<li>Дигидрокверцетин &ndash; 90%</li>\r\n<li>Дигидрокемпферол &ndash; 8%</li>\r\n<li>Нарингин &ndash; 2%<br /> &nbsp;</li>\r\n</ul>\r\n<p><strong>Биологическая ценность дигидрокемпферола:</strong></p>\r\n<div class=\"row\">\r\n<div class=\"col-xs-12 col-sm-6 col-md-4\">\r\n<ul class=\"check-list\">\r\n<li>Помогает организму очищать кровь и поддерживать ее в нормальном состоянии</li>\r\n<li>Защищает печень от вредных воздействий</li>\r\n<li>Поддерживает регенерацию клеток и восстанавливает желчеотделение, являясь отличным природным гепатопротектором</li>\r\n<li>Нормализует холестерин в крови</li>\r\n</ul>\r\n</div>\r\n<div class=\"col-xs-12 col-sm-6 col-md-4\">\r\n<ul class=\"check-list\">\r\n<li>Регулирует содержание глюкозы в крови и усиливает процесс устойчивости организма к повреждающему воздействию повышенного сахара. Таким образом, дигидрокемпферол, входящий в состав БФК, предохраняет от сахарного диабета и профилактирует его осложнения</li>\r\n</ul>\r\n<br /> &nbsp;</div>\r\n<div class=\"col-xs-12 col-sm-6 col-md-4\">&nbsp;</div>\r\n</div>\r\n<p><strong>НАРИНГИН: Биологическая активность нарингина:</strong></p>\r\n<div class=\"row\">\r\n<div class=\"col-xs-12 col-sm-6 col-md-4\">\r\n<ul class=\"check-list\">\r\n<li>Антиоксидантное действие</li>\r\n<li>Бронходренажное действие</li>\r\n<li>Снижение уровня холестерина и липидов крови</li>\r\n</ul>\r\n</div>\r\n<div class=\"col-xs-12 col-sm-6 col-md-4\">\r\n<ul class=\"check-list\">\r\n<li>Противовоспалительный эффект</li>\r\n<li>Противоопухолевое действие</li>\r\n<li>Активирует функции головного мозга</li>\r\n</ul>\r\n</div>\r\n<div class=\"col-xs-12 col-sm-6 col-md-4\">\r\n<ul class=\"check-list\">\r\n<li>Подавляет аппетит</li>\r\n<li>Улучшает метаболизм глюкозы</li>\r\n<li>Укрепляет капилляры (повышает эластичность)</li>\r\n</ul>\r\n</div>\r\n</div>\r\n<p>&nbsp;</p>\r\n</div>\r\n<div id=\"otzyv\" class=\"tab-pane\" role=\"tabpanel\">\r\n<div class=\"comment-text\">\r\n<p><strong>Валентина</strong><strong>, </strong><strong>56&nbsp;</strong><strong> лет (Башкирия)</strong></p>\r\n<p>Хочу поделиться результатами, применяя ALFA ДИГИДРОКВЕРЦЕТИН.\\r\\nС продуктом только начала знакомиться, но доверяя производителю, начала применять его на практике. Сутки назад было состояния здоровья на стадии простудного заболевания, но получилось так, что дома закончилась гидроплазма( результат от ее применения уже колоссальный, в т.ч.и по респираторным заболеваниям). На вебинаре Тамара поделилась своим результатом, что при простудном заболевании, употребила по 2 капсулы ALFA ДИГИДРОКВЕРЦЕТИН и за 2 дня решила свою проблему положительно. Я последовала ее примеру, правда, пила по 1 таблетке 2 дня и результат аналогичный!\\r\\nОчень советую принять эту информацию о продуктах компании, с которой я сотрудничаю и несу радость и благодарность тех людей, которые меня услышали!</p>\r\n</div>\r\n<hr />\r\n<div class=\"comment-text\">\r\n<p>&nbsp;</p>\r\n</div>\r\n</div>\r\n</div>\r\n</div>', 104, 40, '2019-03-15 04:59:53', '2019-03-19 11:22:51', NULL, 0),
(14, 'G-BIO', 'products/March2019/Kd6Cj80g0c2aKTtd5ipk.jpg', 'Продукт, обеспечивающий высокое качество жизни человека', '<div class=\"col-xs-12\">\n<ul class=\"nav nav-pills mb-3\">\n<li class=\"nav-item active\"><a class=\"nav-link active\" href=\"#detail\" data-toggle=\"tab\">Подробное описание</a></li>\n<li class=\"nav-item\"><a class=\"nav-link\" href=\"#pimen\" data-toggle=\"tab\">Применение</a></li>\n<li class=\"nav-item\"><a class=\"nav-link\" href=\"#sostav\" data-toggle=\"tab\">Теория и экспериментальная база</a></li>\n<li class=\"nav-item\"><a class=\"nav-link\" href=\"#in_sostav\" data-toggle=\"tab\">Состав</a></li>\n<li class=\"nav-item\"><a class=\"nav-link\" href=\"#otzyv\" data-toggle=\"tab\">Отзывы</a></li>\n</ul>\n<div class=\"tab-content\">\n<div id=\"detail\" class=\"tab-pane active\"><a class=\"fancybox img-container float-left\" href=\"app/pages/static/img/bio1.jpg\"><img class=\"img-responsive fr-fic fr-dii\" src=\"app/pages/static/img/bio1.jpg\" alt=\"\" /></a>\n<p class=\"tab-pane\">Все заболевания начинаются с изменений водных структур мембран клеток. Дефекты мембран создают условия для проникновения во внутреннюю среду клеток, вирусов, бактерий и токсинов. Мы испытываем стресс и ежедневно теряем колоссальное количество антиэнтропийной энергии, которая не успевает восстанавливаться.&nbsp;<br />Кроме того, на нас действует природные, космические, геофизические факторы. На солнце возникают вспышки плазмы в виде длинных плазменных &laquo;языков&raquo;. Они создают избыточную ионизацию в атмосфере земли и электромагнитные вихри, которые негативно влияют на наши тонкие водные структуры, а также на плазменные структуры связанные с ними.&nbsp;<br />В результате наша иммунная система слабеет. Щит, который оберегает наш организм от вирусов и бактерий, теряет свою целостность. Вирусы находят лазейку в щите, просачиваются внутрь клетки и разрушают ее структуру. В работе организма происходит сбой, клетка получает дефект и перестает работать правильно. В итоге развивается болезнь, нарушаются важные в работе организма процессы.&nbsp;<br />Принцип воздействия БИОТЕРМАЛЬНОГО КОМПЛЕКСА G-BIO на организм человека, реализуется именно через кластеры гидроплазмы, что позволяет быстро восстанавливать биоэнергетическую структуру клеток. Впервые в мировой практике создан эксклюзивный гидропродукт способный увеличивать антиэнтропийный потенциал нашего организма, что способствует его быстрому выздоровлению и укреплению здоровья.&nbsp;<br /><br /><br /><a class=\"fancybox img-container float-right\" href=\"app/pages/static/img/bio2.jpg\"><img class=\"img-responsive fr-fic fr-dii\" src=\"app/pages/static/img/bio2.jpg\" alt=\"\" /></a> <strong>БИОТЕРМАЛЬНЫЙ КОМПЛЕКС G-BIO</strong>&nbsp;возвращает человеку яркость и полноту жизни, драгоценное здоровье, красоту и энергию, благодаря восстановлению антиэнтропийного состояния организма через его водные структуры. &nbsp;<br /><br />БИОТЕРМАЛЬНЫЙ КОМПЛЕКС предназначен для:&nbsp;</p>\n<ul class=\"check-list\">\n<li class=\"tab-pane active\">Ликвидации аллергической зависимости у детей и других возрастных групп&nbsp;</li>\n<li class=\"tab-pane active\">Увеличения на 20-25 % эффективного функционирования клеточных мембран за счет их гидрофилизаций многомерной гидроплазмы</li>\n<li class=\"tab-pane active\">Нормализации обмена веществ в пожилом и старческом возрасте, в результате продлевается жизнь человека на 15-20 %</li>\n<li class=\"tab-pane active\">Профилактики и ликвидации последствий псистрессов у населения в случае длительного применения, в том числе и в детском возрасте&nbsp;</li>\n<li class=\"tab-pane active\">Иммуномодуляции</li>\n</ul>\n<p class=\"tab-pane\"><br />&nbsp; &nbsp; &nbsp; &nbsp;&nbsp;&nbsp;<strong>БИОТЕРМАЛЬНЫЙ КОМПЛЕКС&nbsp;</strong><strong>G-BIO</strong>&nbsp;эффективно защищает нас от низкоинтенсивных электромагнитных излучений (ЭМИ) сотовых телефонов и компьютеров, а также радиоактивных излучений изотопов плутония, стронция и других, которыми загрязнены огромные площади земного шара.<br /><br />Продукт, который не имеет аналогов в мировой практике, создан в Казахстане, эксклюзивно для компании<strong>&nbsp;&laquo;IMAGINE PEOPLE&raquo;.&nbsp;</strong></p>\n<div class=\"tab-pane active\">&nbsp;</div>\n<p align=\"center\"><strong>ВОДА ДЛЯ ЖИЗНИ - даёт БЕЗУПРЕЧНОЕ ПРЕИМУЩЕСТВО в КАЧЕСТВЕ ЖИЗНИ!</strong></p>\n</div>\n<div id=\"pokaz\" class=\"tab-pane\">&nbsp;\n<p>&nbsp;</p>\n</div>\n<div id=\"pimen\" class=\"tab-pane\"><a class=\"fancybox img-container float-right\" href=\"app/pages/static/img/bio3.jpg\"><img class=\"img-responsive fr-fic fr-dii\" src=\"app/pages/static/img/bio3.jpg\" alt=\"\" /></a>\n<p>&nbsp; &nbsp; &nbsp;Спрей-флакон с <strong>БИОТЕРМАЛЬНЫМ КОМПЛЕКСОМ G-BIO</strong> (температура не менее 20-250&deg;С и не более +370&deg;С) поднести на расстоянии 5-10 см от поверхности кожи и распылить порцию биотермальной воды на область поражения сыпью или другими кожными проявлениями. Длительность импульса составляет порядок от 1/10 секунды до 3/10. Обычно на поверхность наносится 3-5 импульсов с промежутками от 2-х до 3-х секунд. После чего происходит процесс ассимиляции (усвоение) биотермальных водных структур рецепторной и капиллярной сетью кожной поверхности или рефлексогенных зон. Через 3-5 минут перерыва можно переходить к обработке других зон. <br /><br />&nbsp; &nbsp; &nbsp; Также обработке <strong>БИОТЕРМАЛЬНЫМ КОМПЛЕКСОМ G-BIO</strong>&nbsp; подвергаются суставы, как подколенная часть, так и лобная часть, вся подошвенная зона левой и правой ноги, крестец. За 1 сеанс обрабатывается не более 7 зон. Избыточная обработка более чем 7 зон ухудшает качество эффективности процедур. Длительность курса составляет не менее 10-15 дней. При хронических заболеваниях суставов, кожи, нейродермитов и других - курс продлевается от 30 до 40 дней. После чего делается перерыв 20-30 дней и курс повторяется. В течение года пациент может получить 3-4 курса для борьбы с хроническими болезнями суставов, кожи, имеющих аутоиммунную природу. <br /><br /><a class=\"fancybox img-container float-left\" href=\"app/pages/static/img/bio4.jpg\"><img class=\"img-responsive fr-fic fr-dii\" src=\"app/pages/static/img/bio4.jpg\" alt=\"\" /></a> <strong>&nbsp; &nbsp;<br />&nbsp; БИОТЕРМАЛЬНЫЙ КОМПЛЕКС G-BIO</strong> можно использовать для борьбы с артозными язвами стоматита в ротовой полости, по схеме: перед едой 2-3 импульса утром и вечером. Перерыв между курсами 10 дней. Количество курсов не менее 2-3 в год. А при наличии хронического стоматита количества курсов может быть 12-15. Перерыв между курсами 10-15 дней.&nbsp;<br /><br />&nbsp; &nbsp; &nbsp;Для проведения профилактики БИОТЕРМАЛЬНЫЙ КОМПЛЕКС G-BIO можно использовать на энергетические зоны человека (так называемые чакры), начиная с головы. Наносить по 2-3 импульса, с промежутком в 3 секунды на каждую зону.&nbsp;<br />&nbsp;</p>\n<p>&nbsp;</p>\n</div>\n<div id=\"sostav\" class=\"tab-pane\"><a class=\"fancybox img-container float-left\" href=\"app/pages/static/img/bio5.jpg\"><img class=\"img-responsive fr-fic fr-dii\" src=\"app/pages/static/img/bio5.jpg\" alt=\"\" /></a>\n<p><strong>&nbsp; &nbsp; &nbsp;БИОТЕРМАЛЬНЫЙ КОМПЛЕКС G-BIO</strong>&nbsp;восстанавливает межклеточные связи, трансформирует тепловые волны, обогащая клетку различными видами энергий. Речь идет о резонансном поглощении строго определенных частот инфракрасного (теплового) излучения. Именно из таких волн и тепловых фононов строится очень тонкая и нежная структура, которая позволяет повысить эффективность координации бесчисленных колебательных процессов в живом организме. Нарушения теплового режима ведет к очень тяжелым последствиям для организма, так как нарушается координация всей многомерной колебательной системы.&nbsp;<br />Продукт объединяет в себе систему векторов, которые соответствуют номерам &mdash; №3, №5, №7.&nbsp;<br /><br /><br /><a class=\"fancybox img-container float-right\" href=\"app/pages/static/img/bio6.jpg\"><img class=\"img-responsive fr-fic fr-dii\" src=\"app/pages/static/img/bio6.jpg\" alt=\"\" /></a> &nbsp; &nbsp;<br />&nbsp; <strong>БИОТЕРМАЛЬНЫЙ КОМПЛЕКС G-BIO</strong> оказывает воздействие на клетку в биопространстве. Мембраны клеток имеют многовекторную сложную структуру.&nbsp;<br /><br /><strong>№3</strong> действует в трехмерной векторной системе.&nbsp;<br />Он начинает основную работу по восстановлению, готовит фундамент для большой и масштабной работы по &laquo;оздоровлению&raquo; клетки.&nbsp;<br /><br /><strong>№5</strong> с пяти векторной системой действия, имеет более сложную структуру и более широкий спектр действия.&nbsp;<br /><br /><strong>№7</strong> с семи векторной системой воздействия, подключает к работе спинальные, дополнительные векторы. &nbsp;<br /><br />&nbsp; &nbsp; &nbsp;Это ступеньки, по которым вы поднимаетесь от профилактики болезней до высокоэффективных мер по восстановлению и регенерации всех его систем.&nbsp;Путем соединения гидроплазмы WFL и композита №3, №5 и №7 получен высокоэффективный <strong>БИОТЕРМАЛЬНЫЙ КОМПЛЕКС G-BIO</strong>, который резко усиливает свою активность при поглощении инфракрасного излучения в области 1000 микрон, что дает возможность регулировать интенсивность тех или иных процессов, необходимых для того или иного клиента.&nbsp;<br /><br /><a class=\"fancybox img-container float-left\" href=\"app/pages/static/img/bio7.jpg\"><img class=\"img-responsive fr-fic fr-dii\" src=\"app/pages/static/img/bio7.jpg\" alt=\"\" /></a> <strong>&nbsp; &nbsp; БИОТЕРМАЛЬНЫЙ КОМПЛЕКС G-BIO</strong>&nbsp;возвращает человеку яркость и полноту жизни, драгоценное здоровье, красоту и энергию, благодаря восстановлению антиэнтропийного состояния организма через его водные структуры. &nbsp;<br /><br />&nbsp; &nbsp; &nbsp;Стабильный эффект был доказан на взвеси эритроцитов крови человека, которые повышались на 20-30 % при ассимиляции с гидроплазмой. Следовательно, люди, которые употребляют средство в виде смачивания слизистой носа и языка, при закапывании в глаза, а также при протирке кожной поверхности лица и ушных раковин, &nbsp;создают тот фундамент, на котором строится крепкое здоровья, активная полноценная жизнь, даже в возрасте 70-90 лет и более.&nbsp;</p>\n<p>&nbsp;</p>\n</div>\n<div id=\"in_sostav\" class=\"tab-pane\">\n<div class=\"comment-text\">\n<p>Основа - Гидроплазма &nbsp; (пятое состояние вещества, имеющееся в воде с многомерными &nbsp; &nbsp; &nbsp; &nbsp; &nbsp; &nbsp; &nbsp; &nbsp; &nbsp; &nbsp; &nbsp;изомерами кластеров)</p>\n<p>Ионы флавоноидной группы в малой концентрации, выдержанные особым методом в воде с высокой активностью, предварительно обработанной лазером.</p>\n<p>Двухвалентные катионы кальция и магния в микродозах (субмикроэлементы), взятые особым путем из разных видов природных солей (в основном карловарская)</p>\n<p>Устойчивый термосенсибилизатор из минералов малахитового ряда в микродозах.</p>\n<p>Имеет светло зеленоватый цвет и солоноватый вкус. Осадок допускается.</p>\n</div>\n</div>\n<div id=\"otzyv\" class=\"tab-pane\">\n<div class=\"comment-text\">\n<p>&nbsp; &nbsp; &nbsp;Отзывов пока нет, но скоро они появятся!</p>\n</div>\n<p>&nbsp;</p>\n</div>\n</div>\n</div>', 65, 25, '2019-03-15 05:00:27', '2019-03-19 10:00:17', NULL, 0),
(15, 'CLEAR SPACE', 'products/March2019/1n7YW4nzR6sJQYQk4MIP.jpg', 'Вакуумный нейтрализатор', '<p>&nbsp; &nbsp; &nbsp; &nbsp; На основе достижения в области биофизической экологии и геоэкологии создан<br /> высокоэффективный нейтрализатор для ликвидации негативного действия геоплазменных потоков (четвертое состояние вещества в виде элементарных частиц), пагубно влияющих на здоровье детей и взрослых и нарушающих стабильность психики человека. Геоплазменные потоки и вихри способны разрушать здоровье человека в собственной квартире, либо провоцировать страшную аварию на автотрассе или улицах города, а также деформировать вашу деловую активность в офисах фирм и банков. A при сочетании действия техногенных электромагнитных излучений компьютеров, мобильных телефонов, цветных телевизоров, электрических подстанций, высоковольтных линий электропередач, электроволновых печей и т.д., возникает сильный негативный эффект, разрушающий здоровье и психику человека.<br /> <br /> &nbsp; &nbsp; &nbsp; &nbsp; Наблюдения и научные исследования казахстанских биофизиков, а также исследователей из Словакии и США показывают, что установка <strong>&laquo;CLEAR SPACE&raquo;</strong> в автомобиле снижает вероятность автокатастроф на 30-40%. Такова многолетняя статистика. Кроме того,&nbsp; нейтрализатор &laquo;CLEAR SPACE&raquo;, который находится около экрана компьютера, предохраняет ваше зрение, уменьшает вероятность появления головных болей, в 2 раза снижает вероятность образования злокачественных опухолей в головном мозге, особенно если вы много работаете с компьютером и мобильным телефоном.<br /> <br /> &nbsp; &nbsp; &nbsp; &nbsp; <strong>&laquo;CLEAR SPACE&raquo;</strong> обладает антиэнтропийной структурной памятью и срок его действия без<br /> снижения эффекта достигает 15-20 лет. Нейтрализатор работает в пределах температур от -45C до +55C. Радиус действия <strong>&laquo;CLEAR SPACE&raquo;</strong> достигает 2,5 метра (зона 100% -ной нейтрализации).<br /> <br /> <strong>&laquo;CLEAR SPACE&raquo; ЗАЩИТИТ ВАШЕ ЗДОРОВЬЕ<br /> И СОХРАНИТ ВАШУ ЖИЗНЬ ОТ \"HEBИДИМЫX ВРАГОВ\"!</strong></p>', 104, 40, '2019-03-15 05:00:49', '2019-03-20 11:35:14', NULL, 0),
(16, 'CLEAR SPACE II', 'products/March2019/0Wc2OfYNFUarP4nJAKTZ.jpg', 'Вакуумный нейтрализатор', '<p>На основе достижения в области биофизической экологии и геоэкологии создан<br />высокоэффективный нейтрализатор для ликвидации негативного действия геоплазменных потоков (четвертое состояние вещества в виде элементарных частиц), пагубно влияющих на здоровье детей и взрослых и нарушающих стабильность психики человека. Геоплазменные потоки и вихри способны разрушать здоровье человека в собственной квартире, либо провоцировать страшную аварию на автотрассе или улицах города, а также деформировать вашу деловую активность в офисах фирм и банков. A при сочетании действия техногенных электромагнитных излучений компьютеров, мобильных телефонов, цветных телевизоров, электрических подстанций, высоковольтных линий электропередач, электроволновых печей и т.д., возникает сильный негативный эффект, разрушающий здоровье и психику человека.<br /><br />Наблюдения и научные исследования казахстанских биофизиков, а также исследователей из Словакии и США показывают, что установка&nbsp;<strong>&laquo;CLEAR SPACE&raquo;</strong>&nbsp;в автомобиле снижает вероятность автокатастроф на 30-40%. Такова многолетняя статистика. Кроме того,&nbsp; нейтрализатор &laquo;CLEAR SPACE&raquo;, который находится около экрана компьютера, предохраняет ваше зрение, уменьшает вероятность появления головных болей, в 2 раза снижает вероятность образования злокачественных опухолей в головном мозге, особенно если вы много работаете с компьютером и мобильным телефоном.<br /><br /><strong>&laquo;CLEAR SPACE&raquo;</strong>&nbsp;обладает антиэнтропийной структурной памятью и срок его действия без<br />снижения эффекта достигает 15-20 лет. Нейтрализатор работает в пределах температур от -45C до +55C. Радиус действия&nbsp;<strong>&laquo;CLEAR SPACE&raquo;</strong>&nbsp;достигает 2,5 метра (зона 100% -ной нейтрализации).<br /><br /><strong>&laquo;CLEAR SPACE&raquo; ЗАЩИТИТ ВАШЕ ЗДОРОВЬЕ<br />И СОХРАНИТ ВАШУ ЖИЗНЬ ОТ \"HEBИДИМЫX ВРАГОВ\"!</strong></p>', 208, 60, '2019-03-20 05:46:09', '2019-03-20 05:48:51', NULL, 0);

-- --------------------------------------------------------

--
-- Структура таблицы `roles`
--

CREATE TABLE `roles` (
  `id` int(10) UNSIGNED NOT NULL,
  `name` varchar(191) COLLATE utf8mb4_unicode_ci NOT NULL,
  `display_name` varchar(191) COLLATE utf8mb4_unicode_ci NOT NULL,
  `created_at` timestamp NULL DEFAULT NULL,
  `updated_at` timestamp NULL DEFAULT NULL
) ENGINE=InnoDB DEFAULT CHARSET=utf8mb4 COLLATE=utf8mb4_unicode_ci;

--
-- Дамп данных таблицы `roles`
--

INSERT INTO `roles` (`id`, `name`, `display_name`, `created_at`, `updated_at`) VALUES
(1, 'admin', 'Administrator', '2019-02-12 22:59:27', '2019-02-12 22:59:27'),
(2, 'user', 'Normal User', '2019-02-12 22:59:27', '2019-02-12 22:59:27');

-- --------------------------------------------------------

--
-- Структура таблицы `settings`
--

CREATE TABLE `settings` (
  `id` int(10) UNSIGNED NOT NULL,
  `key` varchar(191) COLLATE utf8mb4_unicode_ci NOT NULL,
  `display_name` varchar(191) COLLATE utf8mb4_unicode_ci NOT NULL,
  `value` text COLLATE utf8mb4_unicode_ci,
  `details` text COLLATE utf8mb4_unicode_ci,
  `type` varchar(191) COLLATE utf8mb4_unicode_ci NOT NULL,
  `order` int(11) NOT NULL DEFAULT '1',
  `group` varchar(191) COLLATE utf8mb4_unicode_ci DEFAULT NULL
) ENGINE=InnoDB DEFAULT CHARSET=utf8mb4 COLLATE=utf8mb4_unicode_ci;

--
-- Дамп данных таблицы `settings`
--

INSERT INTO `settings` (`id`, `key`, `display_name`, `value`, `details`, `type`, `order`, `group`) VALUES
(5, 'admin.bg_image', 'Admin Background Image', '', '', 'image', 5, 'Admin'),
(6, 'admin.title', 'Admin Title', 'IP ONE', '', 'text', 1, 'Admin'),
(7, 'admin.description', 'Admin Description', 'Welcome!', '', 'text', 2, 'Admin'),
(8, 'admin.loader', 'Admin Loader', '', '', 'image', 3, 'Admin'),
(9, 'admin.icon_image', 'Admin Icon Image', '', '', 'image', 4, 'Admin'),
(10, 'admin.google_analytics_client_id', 'Google Analytics Client ID (used for admin dashboard)', NULL, '', 'text', 1, 'Admin'),
(11, 'site.address', 'Адрес', 'Москва, Россия', NULL, 'text', 1, 'Site'),
(12, 'site.email', 'Почта', 'email@example.com', NULL, 'text', 7, 'Site'),
(13, 'site.phone', 'Телефон', '+7(929)789-79-46', NULL, 'text', 8, 'Site');

-- --------------------------------------------------------

--
-- Структура таблицы `sliders`
--

CREATE TABLE `sliders` (
  `id` int(10) UNSIGNED NOT NULL,
  `slider_id` int(11) DEFAULT NULL,
  `image` varchar(100) COLLATE utf8mb4_unicode_ci DEFAULT NULL,
  `title` varchar(100) COLLATE utf8mb4_unicode_ci DEFAULT NULL,
  `description` text COLLATE utf8mb4_unicode_ci,
  `link` varchar(100) COLLATE utf8mb4_unicode_ci DEFAULT NULL,
  `created_at` timestamp NULL DEFAULT NULL,
  `updated_at` timestamp NULL DEFAULT NULL,
  `deleted_at` timestamp NULL DEFAULT NULL,
  `number` int(11) DEFAULT '1'
) ENGINE=InnoDB DEFAULT CHARSET=utf8mb4 COLLATE=utf8mb4_unicode_ci;

--
-- Дамп данных таблицы `sliders`
--

INSERT INTO `sliders` (`id`, `slider_id`, `image`, `title`, `description`, `link`, `created_at`, `updated_at`, `deleted_at`, `number`) VALUES
(7, 2, 'sliders/March2019/JuNuG4aRys70PSTjm48z.png', 'G-BIO', '<p><span style=\"color: #264796; font-family: MyWebFont; font-size: 22px;\">возвращает человеку яркость </span></p>\r\n<p><span style=\"color: #264796; font-family: MyWebFont; font-size: 22px;\">и полноту жизни, драгоценное здоровье</span></p>\r\n<p><span style=\"color: #264796; font-family: MyWebFont; font-size: 22px;\">красоту и энергию</span></p>', '/products/14', '2019-02-20 04:59:10', '2019-03-19 13:24:20', NULL, 3),
(13, 1, 'sliders/March2019/fLGI4fg0DI5jIU3mcWP3.jpg', '', '', NULL, '2019-03-19 10:02:59', '2019-03-27 08:22:12', NULL, 1),
(14, 1, 'sliders/March2019/jozsOvYISRLeKF8EgVjj.jpg', 'Акция 4+2 (G-BIO)', '<p>При покупке монокейса</p>\r\n<p>G-BIO</p>\r\n<p>Цена 200 у.е. (75 баллов)</p>\r\n<p>&nbsp;</p>\r\n<p><span style=\"color: #264796; font-family: MyWebFont; font-size: 18px;\">Период действия акции с 1 по 31 марта</span></p>', 'stocks/1', '2019-03-19 12:24:27', '2019-03-19 13:15:55', NULL, 4),
(15, 1, 'sliders/March2019/w4pNhwld0XubuwebROap.jpg', 'Акция 4+2 (AE)', '<p>При покупке монокейса</p>\r\n<p>Absolute Energy</p>\r\n<p>Цена 320 у.е. (120 баллов)</p>\r\n<p>&nbsp;</p>\r\n<p><span style=\"color: #264796; font-family: MyWebFont; font-size: 18px;\">Период действия акции с 1 по 31 марта</span></p>\r\n<p>&nbsp;</p>', 'stocks/1', '2019-03-19 12:36:13', '2019-03-19 13:15:47', NULL, 3),
(16, 1, 'sliders/March2019/v6dkedxbaBzrplszD9zr.jpg', NULL, NULL, NULL, '2019-03-19 12:46:14', '2019-03-19 12:46:14', NULL, 2),
(17, 2, 'sliders/March2019/rXwHHLcRVOEiYhiGS6o1.png', 'ABSOLUTE ENERGY', '<p><span style=\"color: #264796; font-family: MyWebFont; font-size: 22px;\">поднимает биоэнергетику организма</span></p>\r\n<p><span style=\"color: #264796; font-family: MyWebFont; font-size: 22px;\"> повышает жизнеспособность</span></p>\r\n<p><span style=\"color: #264796; font-family: MyWebFont; font-size: 22px;\"> и стрессоустойчивость</span></p>', 'products/10', '2019-03-19 12:58:56', '2019-03-19 13:00:32', NULL, 2),
(18, 2, 'sliders/March2019/keAr7Ra9iod95hXjvSNW.png', 'Water for Life', '<p><span style=\"color: #264796; font-family: MyWebFont; font-size: 22px;\">продлевает жизнь</span></p>\r\n<p><span style=\"color: #264796; font-family: MyWebFont; font-size: 22px;\"> замедляет процессы старения</span></p>\r\n<p><span style=\"color: #264796; font-family: MyWebFont; font-size: 22px;\">улучшает состояние клеточных мембран</span></p>', 'products/12', '2019-03-19 13:23:04', '2019-03-19 13:23:04', NULL, 1),
(19, 1, 'sliders/March2019/CIarPgu1B89RMGTw9SnU.jpg', 'Продление акции 3+1', '<p><span style=\"color: #264796; font-family: MyWebFont; font-size: 20.8px;\">в честь такого светлого </span></p>\r\n<p><span style=\"color: #264796; font-family: MyWebFont; font-size: 20.8px;\">праздника, а</span><span style=\"color: #264796; font-family: MyWebFont; font-size: 20.8px;\">кция \"3+1\"</span></p>\r\n<p><span style=\"color: #264796; font-family: MyWebFont; font-size: 20.8px;\">продлевается до 31 марта!</span></p>', 'stocks/2', '2019-03-20 11:59:40', '2019-03-20 11:59:40', NULL, 5);

-- --------------------------------------------------------

--
-- Структура таблицы `stocks`
--

CREATE TABLE `stocks` (
  `id` int(10) UNSIGNED NOT NULL,
  `title` varchar(255) COLLATE utf8mb4_unicode_ci DEFAULT NULL,
  `date` date DEFAULT NULL,
  `img` varchar(255) COLLATE utf8mb4_unicode_ci DEFAULT NULL,
  `mini_description` text COLLATE utf8mb4_unicode_ci,
  `text` text COLLATE utf8mb4_unicode_ci,
  `created_at` timestamp NULL DEFAULT NULL,
  `updated_at` timestamp NULL DEFAULT NULL,
  `deleted_at` timestamp NULL DEFAULT NULL
) ENGINE=InnoDB DEFAULT CHARSET=utf8mb4 COLLATE=utf8mb4_unicode_ci;

--
-- Дамп данных таблицы `stocks`
--

INSERT INTO `stocks` (`id`, `title`, `date`, `img`, `mini_description`, `text`, `created_at`, `updated_at`, `deleted_at`) VALUES
(1, 'АКЦИИ МАРТА', '2019-03-01', 'stocks\\March2019\\TIbLjZpwGLR5XxlFmhE4.jpeg', 'Мы открываем возможность предварительной регистрации партнеров для получения возможности первыми встать в структуру нашей компании и получить дополнительные возможности к заработку!', '<div style=\"text-align: left;\">\r\n<p style=\"text-align: center;\"><span style=\"font-family: Arial, Helvetica, sans-serif; font-size: 18px;\">Уважаемые партнеры!</span></p>\r\n<p style=\"text-align: left;\"><span style=\"font-size: 18px;\">Поздравляем Вас с началом весны, пусть это время станет временем перемен, светлых эмоций и свежих идей! А весна непременно даст сил на реализацию всего, что задумано. А мы подготовили для вас следующие акции:</span></p>\r\n<p style=\"text-align: left;\"><span style=\"font-size: 18px;\"><strong>1. Скидка на Монокейсы ABSOLUTE ENERGY BOX и G-BIO BOX продолжается. </strong></span></p>\r\n<p style=\"text-align: left;\"><span style=\"font-size: 18px;\">Период действия акции с 01 по 31 марта (включительно).</span></p>\r\n<p style=\"text-align: left;\"><span style=\"font-size: 18px;\"> стоимость <strong>Монокейса&nbsp;</strong><strong>ABSOLUTE ENERGY BOX</strong><strong>&nbsp;всего 320 у.е., количество баллов - 120, </strong></span></p>\r\n<p style=\"text-align: left;\"><span style=\"font-size: 18px;\"> стоимость <strong>Монокейса&nbsp;</strong><strong>G-BIO BOX</strong><strong>&nbsp;всего 200 у.е., количество баллов - 75. </strong></span></p>\r\n<p style=\"text-align: left;\"><span style=\"font-size: 18px;\">Спешите приобрести! Акция действительна для всех партнеров!</span></p>\r\n<p style=\"text-align: left;\">&nbsp;</p>\r\n<p style=\"text-align: left;\"><span style=\"font-size: 18px;\"><strong>2. Акция \"Подарок при регистрации\". </strong></span></p>\r\n<p style=\"text-align: left;\"><span style=\"font-size: 18px;\">Период действия акции с 01 по 31 марта (включительно).</span></p>\r\n<p><span style=\"font-size: 18px;\">При регистрации компания дарит новым партнерам подарки! </span></p>\r\n<p><span style=\"font-size: 18px;\">на пакет \"Старт\" партнер получает в подарок 1 Alfa ДГК</span></p>\r\n<p><span style=\"font-size: 18px;\">на пакет \"Профессионал\" партнер получает в подарок 3 Water for life и 1 Alfa ДГК</span></p>\r\n<p><span style=\"font-size: 18px;\">на пакет \"Мега\" партнер получает в подарок 6 Water for life и 2 Alfa ДГК</span></p>\r\n<p>&nbsp;</p>\r\n<p><span style=\"font-size: 18px;\"><strong>3. И специально к весеннему празднику мы запускаем акцию \"3+1\"!</strong> </span></p>\r\n<p><span style=\"font-size: 18px;\">Период действия акции с 01 по 21 марта (включительно).</span></p>\r\n<p><span style=\"font-size: 18px;\">При покупке 3-х любых продуктов компании, четвертый получаете в подарок!</span></p>\r\n<p>&nbsp;</p>\r\n<p><span style=\"font-size: 18px;\"><strong>4. Продолжается акция \"Комплекс функционального питания в подарок!\" </strong><strong>Период действия акции с 01 февраля по 30 апреля.</strong></span></p>\r\n<p><span style=\"font-size: 18px;\">Выполните следующие условия и получите новинку от компании \"Комплекс функционального питания\" в подарок:</span></p>\r\n<p><span style=\"font-size: 18px;\"> заказы на 100 баллов и более с 01 по 28 февраля </span></p>\r\n<p><span style=\"font-size: 18px;\"> заказы на 100 баллов и более с 01 по 31 марта</span></p>\r\n<p><span style=\"font-size: 18px;\"> заказы на 100 баллов и более с 01 по 30 апреля </span></p>\r\n<p><span style=\"font-size: 18px;\">Заказы могут быть накопительными в течение месяца, но обязательно в каждом месяце действия акции личный объем должен быть не менее 100 баллов.</span></p>\r\n<p><span style=\"font-size: 18px;\">Акция действует на каждые 100 баллов, выполненные в течение месяца. Например, если партнер выполняет по 200 баллов личного объема в каждом месяце действия акция, то он получает в подарок 2 комплекса функционального питания в подарок. Подарки выдаются после окончания акции. </span></p>\r\n<p><span style=\"font-size: 18px;\">В акции могут участвовать все активные партнеры, также партнеры сделавшие апгрейд.</span></p>\r\n<p><span style=\"font-size: 18px;\"><strong>Бонус!</strong> При выполнении личного объема на каждые 100 баллов в любом месяце действия акции партнер дополнительно получает 1 тоник для глаз \"W nature\" в подарок! Например, если партнер выполняет по 200 баллов личного объема в любом месяце действия акция, то он получает 2 тоника для глаз \"W nature\" в подарок. </span></p>\r\n<p>&nbsp;</p>\r\n<p><span style=\"font-size: 18px;\"><strong>5. Так же обращаем ваше внимание, что в марте нет в продаже подарочных наборов №1,2,3,4.</strong></span></p>\r\n<p><span style=\"font-family: Arial, Helvetica, sans-serif; font-size: 18px;\">С уважением, Администрация \"IMAGINE PEOPLE\"</span></p>\r\n</div>', '2019-02-28 02:36:37', '2019-03-20 05:17:11', NULL),
(2, 'Продление акции 3+1 в честь праздника Наурыз!', '2019-03-20', 'stocks/March2019/iS5lJsctyTzb442g8swl.jpg', 'Поздравляем вас с прекрасным праздником Наурыз!!! В честь такого светлого праздника Акция 3+1 продлевается до 31 марта!!!!', '<p>Внимание!!! Поздравляем вас с прекрасным праздником Наурыз!!! В честь такого светлого праздника Акция 3+1 продлевается до 31 марта!!!! Все кто не успел поучаствовать в данной акции у них есть супер возможность воспользоваться таким шансом!!! Всех с наступающим Наурызом!!! Наурыз кутты болсын!</p>', '2019-03-20 11:57:41', '2019-03-20 11:57:41', NULL);

-- --------------------------------------------------------

--
-- Структура таблицы `translations`
--

CREATE TABLE `translations` (
  `id` int(10) UNSIGNED NOT NULL,
  `table_name` varchar(191) COLLATE utf8mb4_unicode_ci NOT NULL,
  `column_name` varchar(191) COLLATE utf8mb4_unicode_ci NOT NULL,
  `foreign_key` int(10) UNSIGNED NOT NULL,
  `locale` varchar(191) COLLATE utf8mb4_unicode_ci NOT NULL,
  `value` text COLLATE utf8mb4_unicode_ci NOT NULL,
  `created_at` timestamp NULL DEFAULT NULL,
  `updated_at` timestamp NULL DEFAULT NULL
) ENGINE=InnoDB DEFAULT CHARSET=utf8mb4 COLLATE=utf8mb4_unicode_ci;

--
-- Дамп данных таблицы `translations`
--

INSERT INTO `translations` (`id`, `table_name`, `column_name`, `foreign_key`, `locale`, `value`, `created_at`, `updated_at`) VALUES
(1, 'data_types', 'display_name_singular', 8, 'en', 'Slider', '2019-02-13 03:03:43', '2019-02-13 03:03:43'),
(2, 'data_types', 'display_name_singular', 8, 'cn', '', '2019-02-13 03:03:43', '2019-02-13 03:03:43'),
(3, 'data_types', 'display_name_plural', 8, 'en', 'Sliders', '2019-02-13 03:03:43', '2019-02-13 03:03:43'),
(4, 'data_types', 'display_name_plural', 8, 'cn', '', '2019-02-13 03:03:43', '2019-02-13 03:03:43'),
(5, 'menu_items', 'title', 17, 'en', 'Sliders', '2019-02-13 03:05:11', '2019-02-13 03:05:11'),
(6, 'menu_items', 'title', 17, 'cn', '', '2019-02-13 03:05:11', '2019-02-13 03:05:11'),
(7, 'sliders', 'title', 2, 'en', 'asdf', '2019-02-13 03:08:53', '2019-02-13 03:50:39'),
(8, 'sliders', 'title', 2, 'cn', '', '2019-02-13 03:08:53', '2019-02-13 03:08:53'),
(9, 'sliders', 'description', 2, 'en', '<p>asdfasdf</p>', '2019-02-13 03:08:53', '2019-02-13 03:50:39'),
(10, 'sliders', 'description', 2, 'cn', '', '2019-02-13 03:08:53', '2019-02-13 03:08:53'),
(11, 'sliders', 'title', 3, 'en', '', '2019-02-13 04:25:21', '2019-02-13 04:25:21'),
(12, 'sliders', 'title', 3, 'cn', '', '2019-02-13 04:25:21', '2019-02-13 04:25:21'),
(13, 'sliders', 'description', 3, 'en', '', '2019-02-13 04:25:21', '2019-02-13 04:25:21'),
(14, 'sliders', 'description', 3, 'cn', '', '2019-02-13 04:25:21', '2019-02-13 04:25:21'),
(15, 'menu_items', 'title', 20, 'en', '', '2019-02-13 04:41:57', '2019-02-13 04:41:57'),
(16, 'menu_items', 'title', 20, 'cn', '', '2019-02-13 04:41:57', '2019-02-13 04:41:57'),
(17, 'menu_items', 'title', 21, 'en', '', '2019-02-13 04:42:31', '2019-02-13 04:42:31'),
(18, 'menu_items', 'title', 21, 'cn', '', '2019-02-13 04:42:31', '2019-02-13 04:42:31'),
(19, 'menu_items', 'title', 22, 'en', '', '2019-02-13 04:42:47', '2019-02-13 04:42:47'),
(20, 'menu_items', 'title', 22, 'cn', '', '2019-02-13 04:42:47', '2019-02-13 04:42:47'),
(21, 'menu_items', 'title', 23, 'en', '', '2019-02-13 04:43:04', '2019-02-13 04:43:04'),
(22, 'menu_items', 'title', 23, 'cn', '', '2019-02-13 04:43:04', '2019-02-13 04:43:04'),
(23, 'menu_items', 'title', 24, 'en', '', '2019-02-13 04:43:27', '2019-02-13 04:43:27'),
(24, 'menu_items', 'title', 24, 'cn', '', '2019-02-13 04:43:27', '2019-02-13 04:43:27'),
(25, 'menu_items', 'title', 25, 'en', '', '2019-02-13 04:43:44', '2019-02-13 04:43:44'),
(26, 'menu_items', 'title', 25, 'cn', '', '2019-02-13 04:43:44', '2019-02-13 04:43:44'),
(27, 'menu_items', 'title', 2, 'en', 'Media', '2019-02-15 04:59:14', '2019-02-15 04:59:14'),
(28, 'menu_items', 'title', 2, 'cn', '', '2019-02-15 04:59:14', '2019-02-15 04:59:14'),
(29, 'menu_items', 'title', 10, 'en', 'Settings', '2019-02-15 04:59:27', '2019-02-15 04:59:27'),
(30, 'menu_items', 'title', 10, 'cn', '', '2019-02-15 04:59:27', '2019-02-15 04:59:27'),
(31, 'data_types', 'display_name_singular', 10, 'en', 'Новость', '2019-02-15 05:13:50', '2019-02-15 05:13:50'),
(32, 'data_types', 'display_name_singular', 10, 'cn', '', '2019-02-15 05:13:50', '2019-02-15 05:13:50'),
(33, 'data_types', 'display_name_plural', 10, 'en', 'Новости', '2019-02-15 05:13:50', '2019-02-15 05:13:50'),
(34, 'data_types', 'display_name_plural', 10, 'cn', '', '2019-02-15 05:13:50', '2019-02-15 05:13:50'),
(35, 'sliders', 'title', 5, 'en', 'Готовый бизнес', '2019-02-18 03:09:46', '2019-02-18 03:09:46'),
(36, 'sliders', 'description', 5, 'en', '<p>Спешите успеть заработать вместе с нами! для первых 1000 партнеров открываются уникальные возможности!</p>', '2019-02-18 03:09:46', '2019-02-18 03:09:46'),
(37, 'sliders', 'title', 6, 'en', '', '2019-02-18 03:20:08', '2019-02-18 03:20:08'),
(38, 'sliders', 'description', 6, 'en', '', '2019-02-18 03:20:08', '2019-02-18 03:20:08'),
(39, 'data_types', 'display_name_singular', 11, 'en', 'Контент', '2019-02-18 23:14:11', '2019-02-18 23:14:11'),
(40, 'data_types', 'display_name_plural', 11, 'en', 'Контент', '2019-02-18 23:14:11', '2019-02-18 23:14:11'),
(41, 'contents', 'name', 1, 'en', '', '2019-02-18 23:14:21', '2019-02-18 23:14:21'),
(42, 'contents', 'content', 1, 'en', '', '2019-02-18 23:14:21', '2019-02-18 23:14:21'),
(43, 'menu_items', 'title', 6, 'en', 'Menu Builder', '2019-02-18 23:42:46', '2019-02-18 23:42:46'),
(44, 'menu_items', 'title', 29, 'en', 'Business', '2019-02-18 23:43:33', '2019-03-27 07:15:06'),
(45, 'menu_items', 'title', 30, 'en', 'Stocks', '2019-02-18 23:43:59', '2019-03-27 07:14:27'),
(47, 'menu_items', 'title', 32, 'en', 'Products', '2019-02-18 23:44:17', '2019-03-27 07:14:39'),
(50, 'contents', 'name', 2, 'en', '', '2019-02-19 00:22:08', '2019-02-19 00:22:08'),
(51, 'contents', 'content', 2, 'en', '', '2019-02-19 00:22:08', '2019-02-19 00:22:08'),
(52, 'menu_items', 'title', 35, 'en', 'About', '2019-02-19 00:23:50', '2019-03-27 07:17:55'),
(53, 'contents', 'name', 3, 'en', '', '2019-02-19 01:48:00', '2019-02-19 01:48:00'),
(54, 'contents', 'content', 3, 'en', '<h5>Многие люди считают, что для того, чтобы зарабатывать в сетевом <br />бизнесе, нужно продавать. Но это не так!</h5>\n<div class=\"block\">\n<p>Наша концепция бизнеса подразумевает создание сети потребителей посредством рекомендаций. Задумайтесь, мы с вами делаем это каждый день, но не получаем никакого вознаграждения! <br />Вспомните, когда Вы в последний раз кому-то с удовольствием рассказывали (рекомендовали) о магазине, турфирме, услуге, ресторане, интересном фильме? Вы это делали и делаете, не задумываясь о том, что Вам за рекомендацию кто-то заплатит. Любопытно, но так делают абсолютно все люди на планете! <br />Каждый человек имеет свое четкое мнение по отношении к тому, с чем он столкнулся, что пробовал и чем пользовался! <br />И хотим мы этого или не хотим, но всегда, когда мы говорим об этом ПОЛОЖИТЕЛЬНО &mdash; мы РЕКОМЕНДУЕМ, а если ОТРИЦАТЕЛЬНО &mdash; ПРЕДОСТЕРЕГАЕМ. <br />Сегодня покупать товары в интернет-магазине ОЧЕНЬ УДОБНО и ВЫГОДНО!</p>\n</div>\n<p><img src=\"img/head-icon.png\" alt=\"\" /></p>\n<div class=\"block\">\n<p>Приведем пример: <br />Все люди пьют воду - это факт. Зададим людям, которые <br />уже услышали о Water for life, три вопроса:</p>\n</div>\n<div class=\"block\">\n<p>Было бы Вам интересно иметь дома или всегда под рукой источник с целебной (живой) водой? Не все, но большая половина ответит - ДА! <br />А как Вы думаете, среди Ваших друзей, знакомых, есть люди, которым это тоже было бы интересно? Те, кто на первый вопрос ответил - ДА , скажут конечно - ДА! И так до бесконечности, у каждого человека есть большое количество людей, которым это интересно, а может быть даже необходимо. <br />А Вам было бы интересно получать 10% от каждой покупки Вашими рекомендованными людьми в интернет магазине компании? А по 10% от рекомендаций Ваших людей и т д? Все ответят однозначно - ДА! <br />А теперь представьте, что компания IMAGINE PEOPLE выплачивает Вам - 10% с каждой покупки тех людей, которые будут приобретать продукт компании по Вашей рекомендации. Вам предоставлена возможность все контролировать и видеть через свой интернет-офис: кто купил; что купил; на какую сумму сделана покупка; какое вознаграждение Вам причитается. Более того, каждый, кто купил товар по Вашей рекомендации в интернет-магазине, получает такие же возможности что и Вы &mdash; рекомендовать и получать процент от покупки. И что самое интересное &mdash; Вам заплатят за рекомендации Ваших людей! <br />Вы были бы заинтересованы, чтобы таких рекомендаций у Вас было очень много? Не трудно представить, как быстро начнет расти Ваша потребительская сеть, если каждый потребитель Вашей сети имеет финансовое вознаграждение за создание своей потребительской сети! <br />И это ВЫГОДНО ВСЕМ! Компания не вкладывает большие деньги в рекламу, а делится прибылью с теми, кто ему создает товарооборот. Вы получаете глобальную бизнес-возможность, не вкладывая миллионы для открытия своего бизнеса.</p>\n</div>\n<div class=\"block\">\n<p>Аналитики мирового уровня сделали вывод &mdash; 80% всего товара в мире продается и покупается за счет ПОТРЕБИТЕЛЬСКОЙ РЕКОМЕНДАЦИИ, и только 20% &mdash; за счет рекламы. <br />Каждый день мы рекомендуем, а значит, создаем магазинам, турфирмам, кинотеатрам потребительские рынки на миллионы долларов, но не получаем за это финансовое вознаграждение. <br />В компании &laquo;IMAGINE PEOPLE&raquo; Вы имеете возможность на основе потребительской рекомендации создать международную потребительскую сеть и воплотить в жизнь Ваши самые смелые мечты!</p>\n</div>', '2019-02-19 01:48:00', '2019-03-27 07:55:14'),
(56, 'news', 'title', 1, 'en', '', '2019-02-19 02:19:34', '2019-02-19 02:19:34'),
(57, 'news', 'mini_description', 1, 'en', '', '2019-02-19 02:19:34', '2019-02-19 02:19:34'),
(58, 'news', 'text', 1, 'en', '', '2019-02-19 02:19:34', '2019-02-19 02:19:34'),
(59, 'products', 'name', 1, 'en', '', '2019-02-19 03:22:01', '2019-02-19 03:22:01'),
(60, 'products', 'mini_description', 1, 'en', '', '2019-02-19 03:22:01', '2019-02-19 03:22:01'),
(61, 'products', 'description', 1, 'en', '', '2019-02-19 03:22:01', '2019-02-19 03:22:01'),
(62, 'data_types', 'display_name_singular', 9, 'en', 'Продукт', '2019-02-19 03:24:05', '2019-02-19 03:24:05'),
(63, 'data_types', 'display_name_plural', 9, 'en', 'Продукты', '2019-02-19 03:24:05', '2019-02-19 03:24:05'),
(64, 'contents', 'name', 10, 'en', '', '2019-03-27 07:12:32', '2019-03-27 07:12:32'),
(65, 'contents', 'content', 10, 'en', '<h2>DISCOVER FOR YOURSELF</h2>\n<h1>Imagine People</h1>\n<div class=\"row my-5 pb-5\">\n<div class=\"col-12\"><img src=\"img/open-ip-one.png\" /></div>\n</div>\n<p>Becoming a partner of the company, you acquire a highly efficient business, as well as</p>\n<p>system for the development of your business, wherever you are!</p>', '2019-03-27 07:12:32', '2019-03-27 07:23:33'),
(66, 'menu_items', 'title', 18, 'en', 'News', '2019-03-27 07:14:11', '2019-03-27 07:14:11'),
(67, 'menu_items', 'title', 41, 'en', 'Idea', '2019-03-27 07:15:16', '2019-03-27 07:15:16'),
(68, 'menu_items', 'title', 42, 'en', 'Opportunities', '2019-03-27 07:15:43', '2019-03-27 07:15:43'),
(69, 'menu_items', 'title', 39, 'en', 'Reviews', '2019-03-27 07:16:01', '2019-03-27 07:16:01'),
(70, 'menu_items', 'title', 40, 'en', 'Information', '2019-03-27 07:16:12', '2019-03-27 07:16:12'),
(71, 'menu_items', 'title', 44, 'en', 'Documents', '2019-03-27 07:16:27', '2019-03-27 07:16:27'),
(72, 'menu_items', 'title', 45, 'en', 'How to buy?', '2019-03-27 07:16:41', '2019-03-27 07:16:41'),
(73, 'menu_items', 'title', 46, 'en', 'Contacts', '2019-03-27 07:17:07', '2019-03-27 07:17:07'),
(74, 'menu_items', 'title', 47, 'en', 'Science', '2019-03-27 07:17:16', '2019-03-27 07:17:16'),
(75, 'menu_items', 'title', 48, 'en', 'Documents', '2019-03-27 07:17:28', '2019-03-27 07:17:28'),
(76, 'menu_items', 'title', 49, 'en', 'Videos', '2019-03-27 07:17:36', '2019-03-27 07:17:36'),
(77, 'menu_items', 'title', 50, 'en', 'About us', '2019-03-27 07:17:46', '2019-03-27 07:17:46'),
(78, 'contents', 'name', 11, 'en', 'Контакты', '2019-03-27 07:22:30', '2019-03-27 07:22:30'),
(79, 'contents', 'content', 11, 'en', '<p class=\"contacts-title\">Представляем Вам команду Центрального офиса. <br />Вы можете напрямую обратиться к нашим сотрудникам по интересующим Вас вопросам.</p>\n<div class=\"row\">\n<div class=\"col-md-6\">\n<h6>отдел логистики</h6>\n<div class=\"row\">\n<div class=\"col-md-2 contacts_icon\"><img src=\"img/empl-icon.png\" alt=\"\" /></div>\n<div class=\"col-md-10\">\n<p>Ким Дмитрий</p>\n<span class=\"post\"><a href=\"mailto:post@ip-one.net\">post@ip-one.net</a></span></div>\n</div>\n</div>\n<div class=\"col-md-6\">\n<h6>служба поддержки</h6>\n<div class=\"row\">\n<div class=\"col-md-2 contacts_icon\"><img src=\"img/feed-icon.png\" alt=\"\" /></div>\n<div class=\"col-md-10 align-self-center\"><span class=\"tel\"><a href=\"tel:+7 707 746 65 64\">+7 707 746 65 64</a></span></div>\n</div>\n</div>\n</div>\n<h6>отдел по работе с show-room</h6>\n<div class=\"row\">\n<div class=\"col-md-6\">\n<div class=\"row\">\n<div class=\"col-md-2 contacts_icon\"><img src=\"img/empl-icon.png\" alt=\"\" /></div>\n<div class=\"col-md-10\">\n<p>Келимбетов Рифат</p>\n<span class=\"tel\"><a href=\"tel:+7 707 822 29 92\">+7 707 822 29 92</a></span> <span class=\"skype\"><a href=\"#\">manager2_375</a></span> <span class=\"post\"><a href=\"mailto:manager2@ip-one.net\">manager2@ip-one.net</a></span></div>\n</div>\n</div>\n<div class=\"col-md-6\">\n<div class=\"row\">\n<div class=\"col-md-2 contacts_icon\"><img src=\"img/empl-icon.png\" alt=\"\" /></div>\n<div class=\"col-md-10\">\n<p>Камза Карина</p>\n<span class=\"tel\"><a href=\"tel:+7 700 687 17 58\">+7 700 687 17 58</a></span> <span class=\"skype\"><a href=\"#\">manager1_350</a></span> <span class=\"post\"><a href=\"mailto:manager1@ip-one.net\">manager1@ip-one.net</a></span></div>\n</div>\n</div>\n<div class=\"col-md-6\">\n<div class=\"row\">\n<div class=\"col-md-2 contacts_icon\"><img src=\"img/empl-icon.png\" alt=\"\" /></div>\n<div class=\"col-md-10\">\n<p>Канатулы Жансар</p>\n<span class=\"tel\"><a href=\"tel:+7 708 624 11 75\">+7 708 624 11 75</a></span> <span class=\"skype\"><a href=\"#\">manager4_151</a></span> <span class=\"post\"><a href=\"mailto:manager4@ip-one.net\">manager4@ip-one.net</a></span></div>\n</div>\n</div>\n</div>\n<h6>oтдел по работе с регионами</h6>\n<div class=\"row\">\n<div class=\"col-md-6\">\n<div class=\"row\">\n<div class=\"col-md-2 contacts_icon\"><img src=\"img/empl-icon.png\" alt=\"\" /></div>\n<div class=\"col-md-10\">\n<p>Умбетьярова Гульмира</p>\n<span class=\"tel\"><a href=\"tel:+7 775 824 44 17\">+7 775 824 44 17</a></span> <span class=\"post\"><a href=\"mailto:manager@ip-one.net\">manager@ip-one.net</a></span></div>\n</div>\n</div>\n</div>\n<h6>oтдел маркетинга</h6>\n<div class=\"row\">\n<div class=\"col-md-6\">\n<div class=\"row\">\n<div class=\"col-md-2 contacts_icon\"><img src=\"img/empl-icon.png\" alt=\"\" /></div>\n<div class=\"col-md-10\">\n<p>Жалиева Саида</p>\n<span class=\"tel\"><a href=\"tel:+7 747 255 50 38\">+7 747 255 50 38</a></span> <span class=\"post\"><a href=\"mailto:marketing@ip-one.net\">marketing@ip-one.net</a></span></div>\n</div>\n</div>\n</div>\n<h6>информационный отдел</h6>\n<div class=\"row\">\n<div class=\"col-md-6\">\n<div class=\"row\">\n<div class=\"col-md-2 contacts_icon\"><img src=\"img/empl-icon.png\" alt=\"\" /></div>\n<div class=\"col-md-10\">\n<p>Медеум Алима</p>\n<span class=\"tel\"><a href=\"tel:+7 747 157 75 94\">+7 747 157 75 94</a></span> <span class=\"post\"><a href=\"mailto:info@ip-one.net\">info@ip-one.net</a></span></div>\n</div>\n</div>\n</div>', '2019-03-27 07:22:30', '2019-03-27 07:22:30'),
(80, 'contents', 'name', 12, 'en', '', '2019-03-27 07:30:39', '2019-03-27 07:30:39'),
(81, 'contents', 'content', 12, 'en', '<p><img class=\"mb-4\" style=\"display: block; margin: auto; width: 250px; padding: 10px 0;\" src=\"https://ip-one.net/img/logo.png\" /></p>\n<p class=\"mb-4 text-center\" style=\"line-height: 1.5rem;\">IMAGINE PEOPLE is an international<br />Internet company<br />which makes it possible to acquire<br />product and lead<br />business around the world!</p>\n<p class=\"mb-4 text-center\" style=\"line-height: 1.5rem; position: relative;\">Republic of Kazakhstan, 050000, Almaty city,<br />Bukhar Zhyrau 33, Business Center \"Jenis\", office 4</p>', '2019-03-27 07:30:39', '2019-03-27 07:30:39'),
(82, 'news', 'title', 25, 'en', '', '2019-03-27 07:36:37', '2019-03-27 07:36:37'),
(83, 'news', 'mini_description', 25, 'en', '', '2019-03-27 07:36:37', '2019-03-27 07:36:37'),
(84, 'news', 'text', 25, 'en', '', '2019-03-27 07:36:37', '2019-03-27 07:36:37'),
(85, 'contents', 'name', 13, 'en', 'Отзывы', '2019-03-27 07:49:31', '2019-03-27 07:49:31'),
(86, 'contents', 'content', 13, 'en', '<div class=\"row\">\n<div class=\"col-md-6 comment_text\">\n<div class=\"comment_list\">\n<h6>Андрей, 48 лет (г. Челябинск)</h6>\n<p>Гипертония &ndash; около 30 лет, сахарный диабет &ndash; около 20 лет (сахар 12 ед). После 3-х месяцев употребления гидроплазмы &laquo;WATER FOR LIFE&raquo; повышение давления стало меньше беспокоить, прибавилось энергии, улучшилось настроение, сахар снизился до 7 ед.</p>\n</div>\n<div class=\"comment_list\">\n<h6>Олег, 46 лет (г. Челябинск)</h6>\n<p>На фоне приема биогенной воды &laquo;WATER FOR LIFE&raquo; (10-15 капель на 500 мл питьевой воды) стала замечать по утрам, что отхаркивается зеленая мокрота. До этого беспокоил непродолжительный кашель по утрам. Через 3 недели выделения из бронхо-легочной системы прекратились, и исчез утренний кашель.</p>\n</div>\n<div class=\"comment_list\">\n<h6>Рафаэль, 76 лет (Башкирия)</h6>\n<p>Более 15 лет страдал простатитом. После 2-х месяцев употребления гидроплазмы &laquo;WATER FOR LIFE&raquo; перестали беспокоить частые ночные позывы на мочеиспускание.</p>\n</div>\n<div class=\"comment_hidden-block\">\n<div class=\"comment_list\">\n<h6>Елена(Екатеринбург)</h6>\n<p>Здравствуйте. На работе моя коллега пожаловалась на расстройство желудка. Я на стакан воды развела 15 капель гидроплазмы и она ее выпила. Через час все пришло в норму. Проблема прошла. Коллега сразу приобрела бутылочку гидроплазмы.</p>\n</div>\n<div class=\"comment_list\">\n<h6>Сергей(Екатеринбург)</h6>\n<p>Несколько лет сохла и трескалась кожа на руках. Никакие мази, гели, и др. не помогали. Начал делать примочки с гидроплазмой в течении двух недель, трещины зажили, кожа стала мягкой, увлажненной, перестала трескаться.</p>\n</div>\n<div class=\"comment_list\">\n<h6>Михаил Легаев, 50 лет, Краснотурьинск</h6>\n<p>У жены случился насморк &ndash; 5 платков за день. Закапав в каждую ноздрю в течение дня 4 раза по 1 капле &laquo;WATER FOR LIFE&raquo;, на утро встала без насморка.</p>\n</div>\n<div class=\"comment_list\">\n<h6>Павел, 48 лет. (г. Уфа)</h6>\n<p>Вчера, 26 декабря 2016 года, я ножом срезал кожу на среднем пальце правой руки. Кровь остановил повязкой. После капнул 1 каплю &laquo;WATER FOR LIFE&raquo; и лёг спать. Утром рана почти затянулась. Я капнул ещё одну каплю и рана полностью затянулась в течение 4 часов.</p>\n</div>\n<div class=\"comment_list\">\n<h6>Андрей, 48 лет (г. Челябинск)</h6>\n<p>Гипертония &ndash; около 30 лет, сахарный диабет &ndash; около 20 лет (сахар 12 ед). После 3-х месяцев употребления гидроплазмы &laquo;WATER FOR LIFE&raquo; повышение давления стало меньше беспокоить, прибавилось энергии, улучшилось настроение, сахар снизился до 7 ед.</p>\n</div>\n<div class=\"comment_list\">\n<h6>Олег, 46 лет (г. Челябинск)</h6>\n<p>На фоне приема биогенной воды &laquo;WATER FOR LIFE&raquo; (10-15 капель на 500 мл питьевой воды) стала замечать по утрам, что отхаркивается зеленая мокрота. До этого беспокоил непродолжительный кашель по утрам. Через 3 недели выделения из бронхо-легочной системы прекратились, и исчез утренний кашель.</p>\n</div>\n<div class=\"comment_list\">\n<h6>Рафаэль, 76 лет (Башкирия)</h6>\n<p>Более 15 лет страдал простатитом. После 2-х месяцев употребления гидроплазмы &laquo;WATER FOR LIFE&raquo; перестали беспокоить частые ночные позывы на мочеиспускание.</p>\n</div>\n</div>\n<div class=\"show_all\">\n<p class=\"show_btn\"><img src=\"img/double-arrow.png\" alt=\"\" /></p>\n</div>\n</div>\n<div class=\"col-md-6 comment_video\">\n<div class=\"video_list\"><iframe class=\"fr-draggable\" src=\"https://www.youtube.com/embed/zE3pzQISAZ4\" width=\"100%\" height=\"350px\" frameborder=\"0\" allowfullscreen=\"\"></iframe></div>\n<div class=\"video_list\"><iframe class=\"fr-draggable\" src=\"https://www.youtube.com/embed/KTINmzfpfrM\" width=\"100%\" height=\"350px\" frameborder=\"0\" allowfullscreen=\"\"></iframe></div>\n<div class=\"comment_hidden-block\">\n<div class=\"video_list\"><iframe class=\"fr-draggable\" src=\"https://www.youtube.com/embed/f5mFUc63mHA\" width=\"100%\" height=\"350px\" frameborder=\"0\" allowfullscreen=\"\"></iframe></div>\n<div class=\"video_list\"><iframe class=\"fr-draggable\" src=\"https://www.youtube.com/embed/iuY-Yb5p1iw\" width=\"100%\" height=\"350px\" frameborder=\"0\" allowfullscreen=\"\"></iframe></div>\n<div class=\"video_list\"><iframe class=\"fr-draggable\" src=\"https://www.youtube.com/embed/9majwEZl4IU\" width=\"100%\" height=\"350px\" frameborder=\"0\" allowfullscreen=\"\"></iframe></div>\n<div class=\"video_list\"><iframe class=\"fr-draggable\" src=\"https://www.youtube.com/embed/9wEYZqYHFfg\" width=\"100%\" height=\"350px\" frameborder=\"0\" allowfullscreen=\"\"></iframe></div>\n<div class=\"video_list\"><iframe class=\"fr-draggable\" src=\"https://www.youtube.com/embed/PTpN9KQv6ws\" width=\"100%\" height=\"350px\" frameborder=\"0\" allowfullscreen=\"\"></iframe></div>\n<div class=\"video_list\"><iframe class=\"fr-draggable\" src=\"https://www.youtube.com/embed/xHV37dKy_XU\" width=\"100%\" height=\"350px\" frameborder=\"0\" allowfullscreen=\"\"></iframe></div>\n<div class=\"video_list\"><iframe class=\"fr-draggable\" src=\"https://www.youtube.com/embed/gCcCIUv8hnU\" width=\"100%\" height=\"350px\" frameborder=\"0\" allowfullscreen=\"\"></iframe></div>\n<div class=\"video_list\"><iframe class=\"fr-draggable\" src=\"https://www.youtube.com/embed/BBqVRo5ZC0s\" width=\"100%\" height=\"350px\" frameborder=\"0\" allowfullscreen=\"\"></iframe></div>\n<div class=\"video_list\"><iframe class=\"fr-draggable\" src=\"https://www.youtube.com/embed/DKHIn0Aeoi4\" width=\"100%\" height=\"350px\" frameborder=\"0\" allowfullscreen=\"\"></iframe></div>\n</div>\n<div class=\"show_all\">\n<p class=\"show_btn\"><img src=\"img/double-arrow.png\" alt=\"\" /></p>\n</div>\n</div>\n</div>', '2019-03-27 07:49:31', '2019-03-27 07:49:31'),
(87, 'sliders', 'title', 13, 'en', '', '2019-03-27 08:21:18', '2019-03-27 08:21:18'),
(88, 'sliders', 'description', 13, 'en', '', '2019-03-27 08:21:18', '2019-03-27 08:21:18');

-- --------------------------------------------------------

--
-- Структура таблицы `users`
--

CREATE TABLE `users` (
  `id` int(10) UNSIGNED NOT NULL,
  `role_id` int(10) UNSIGNED DEFAULT NULL,
  `name` varchar(191) COLLATE utf8mb4_unicode_ci NOT NULL,
  `email` varchar(191) COLLATE utf8mb4_unicode_ci NOT NULL,
  `avatar` varchar(191) COLLATE utf8mb4_unicode_ci DEFAULT 'users/default.png',
  `email_verified_at` timestamp NULL DEFAULT NULL,
  `password` varchar(191) COLLATE utf8mb4_unicode_ci NOT NULL,
  `remember_token` varchar(100) COLLATE utf8mb4_unicode_ci DEFAULT NULL,
  `settings` text COLLATE utf8mb4_unicode_ci,
  `created_at` timestamp NULL DEFAULT NULL,
  `updated_at` timestamp NULL DEFAULT NULL
) ENGINE=InnoDB DEFAULT CHARSET=utf8mb4 COLLATE=utf8mb4_unicode_ci;

--
-- Дамп данных таблицы `users`
--

INSERT INTO `users` (`id`, `role_id`, `name`, `email`, `avatar`, `email_verified_at`, `password`, `remember_token`, `settings`, `created_at`, `updated_at`) VALUES
(1, 1, 'godmanshot', 'godmanshot@gmail.com', 'users/default.png', NULL, '$2y$10$.4fbBHUwSEjkgijSWXgcf.3IDjRCk01re3ZYOiMJhX8GNwakHYEZK', '4Lt7b8nj5Df4L5cBh0apTvxJP5WXQdsdjpyovzidS5Gouwddc1PyjpH8Z6q2', '{\"locale\":\"ru\"}', '2019-02-12 23:09:00', '2019-02-13 03:05:46'),
(2, 1, 'Saida', 'marketing@ip-one.net', 'users/default.png', NULL, '$2y$10$G9ABAt6rAfva9kHbU/7V.el.Dcxe4BnD2i2BuzbpAvX8wQIP1UwOe', NULL, NULL, '2019-03-19 04:23:58', '2019-03-19 04:23:58');

-- --------------------------------------------------------

--
-- Структура таблицы `user_roles`
--

CREATE TABLE `user_roles` (
  `user_id` int(10) UNSIGNED NOT NULL,
  `role_id` int(10) UNSIGNED NOT NULL
) ENGINE=InnoDB DEFAULT CHARSET=utf8mb4 COLLATE=utf8mb4_unicode_ci;

--
-- Индексы сохранённых таблиц
--

--
-- Индексы таблицы `contents`
--
ALTER TABLE `contents`
  ADD PRIMARY KEY (`id`),
  ADD KEY `contents_slug_index` (`slug`);

--
-- Индексы таблицы `data_rows`
--
ALTER TABLE `data_rows`
  ADD PRIMARY KEY (`id`),
  ADD KEY `data_rows_data_type_id_foreign` (`data_type_id`);

--
-- Индексы таблицы `data_types`
--
ALTER TABLE `data_types`
  ADD PRIMARY KEY (`id`),
  ADD UNIQUE KEY `data_types_name_unique` (`name`),
  ADD UNIQUE KEY `data_types_slug_unique` (`slug`);

--
-- Индексы таблицы `menus`
--
ALTER TABLE `menus`
  ADD PRIMARY KEY (`id`),
  ADD UNIQUE KEY `menus_name_unique` (`name`);

--
-- Индексы таблицы `menu_items`
--
ALTER TABLE `menu_items`
  ADD PRIMARY KEY (`id`),
  ADD KEY `menu_items_menu_id_foreign` (`menu_id`);

--
-- Индексы таблицы `migrations`
--
ALTER TABLE `migrations`
  ADD PRIMARY KEY (`id`);

--
-- Индексы таблицы `news`
--
ALTER TABLE `news`
  ADD PRIMARY KEY (`id`);

--
-- Индексы таблицы `password_resets`
--
ALTER TABLE `password_resets`
  ADD KEY `password_resets_email_index` (`email`);

--
-- Индексы таблицы `permissions`
--
ALTER TABLE `permissions`
  ADD PRIMARY KEY (`id`),
  ADD KEY `permissions_key_index` (`key`);

--
-- Индексы таблицы `permission_role`
--
ALTER TABLE `permission_role`
  ADD PRIMARY KEY (`permission_id`,`role_id`),
  ADD KEY `permission_role_permission_id_index` (`permission_id`),
  ADD KEY `permission_role_role_id_index` (`role_id`);

--
-- Индексы таблицы `products`
--
ALTER TABLE `products`
  ADD PRIMARY KEY (`id`);

--
-- Индексы таблицы `roles`
--
ALTER TABLE `roles`
  ADD PRIMARY KEY (`id`),
  ADD UNIQUE KEY `roles_name_unique` (`name`);

--
-- Индексы таблицы `settings`
--
ALTER TABLE `settings`
  ADD PRIMARY KEY (`id`),
  ADD UNIQUE KEY `settings_key_unique` (`key`);

--
-- Индексы таблицы `sliders`
--
ALTER TABLE `sliders`
  ADD PRIMARY KEY (`id`);

--
-- Индексы таблицы `stocks`
--
ALTER TABLE `stocks`
  ADD PRIMARY KEY (`id`);

--
-- Индексы таблицы `translations`
--
ALTER TABLE `translations`
  ADD PRIMARY KEY (`id`),
  ADD UNIQUE KEY `translations_table_name_column_name_foreign_key_locale_unique` (`table_name`,`column_name`,`foreign_key`,`locale`);

--
-- Индексы таблицы `users`
--
ALTER TABLE `users`
  ADD PRIMARY KEY (`id`),
  ADD UNIQUE KEY `users_email_unique` (`email`),
  ADD KEY `users_role_id_foreign` (`role_id`);

--
-- Индексы таблицы `user_roles`
--
ALTER TABLE `user_roles`
  ADD PRIMARY KEY (`user_id`,`role_id`),
  ADD KEY `user_roles_user_id_index` (`user_id`),
  ADD KEY `user_roles_role_id_index` (`role_id`);

--
-- AUTO_INCREMENT для сохранённых таблиц
--

--
-- AUTO_INCREMENT для таблицы `contents`
--
ALTER TABLE `contents`
  MODIFY `id` int(10) UNSIGNED NOT NULL AUTO_INCREMENT, AUTO_INCREMENT=14;
--
-- AUTO_INCREMENT для таблицы `data_rows`
--
ALTER TABLE `data_rows`
  MODIFY `id` int(10) UNSIGNED NOT NULL AUTO_INCREMENT, AUTO_INCREMENT=85;
--
-- AUTO_INCREMENT для таблицы `data_types`
--
ALTER TABLE `data_types`
  MODIFY `id` int(10) UNSIGNED NOT NULL AUTO_INCREMENT, AUTO_INCREMENT=13;
--
-- AUTO_INCREMENT для таблицы `menus`
--
ALTER TABLE `menus`
  MODIFY `id` int(10) UNSIGNED NOT NULL AUTO_INCREMENT, AUTO_INCREMENT=3;
--
-- AUTO_INCREMENT для таблицы `menu_items`
--
ALTER TABLE `menu_items`
  MODIFY `id` int(10) UNSIGNED NOT NULL AUTO_INCREMENT, AUTO_INCREMENT=51;
--
-- AUTO_INCREMENT для таблицы `migrations`
--
ALTER TABLE `migrations`
  MODIFY `id` int(10) UNSIGNED NOT NULL AUTO_INCREMENT, AUTO_INCREMENT=23;
--
-- AUTO_INCREMENT для таблицы `news`
--
ALTER TABLE `news`
  MODIFY `id` int(10) UNSIGNED NOT NULL AUTO_INCREMENT, AUTO_INCREMENT=26;
--
-- AUTO_INCREMENT для таблицы `permissions`
--
ALTER TABLE `permissions`
  MODIFY `id` int(10) UNSIGNED NOT NULL AUTO_INCREMENT, AUTO_INCREMENT=72;
--
-- AUTO_INCREMENT для таблицы `products`
--
ALTER TABLE `products`
  MODIFY `id` int(10) UNSIGNED NOT NULL AUTO_INCREMENT, AUTO_INCREMENT=17;
--
-- AUTO_INCREMENT для таблицы `roles`
--
ALTER TABLE `roles`
  MODIFY `id` int(10) UNSIGNED NOT NULL AUTO_INCREMENT, AUTO_INCREMENT=3;
--
-- AUTO_INCREMENT для таблицы `settings`
--
ALTER TABLE `settings`
  MODIFY `id` int(10) UNSIGNED NOT NULL AUTO_INCREMENT, AUTO_INCREMENT=14;
--
-- AUTO_INCREMENT для таблицы `sliders`
--
ALTER TABLE `sliders`
  MODIFY `id` int(10) UNSIGNED NOT NULL AUTO_INCREMENT, AUTO_INCREMENT=20;
--
-- AUTO_INCREMENT для таблицы `stocks`
--
ALTER TABLE `stocks`
  MODIFY `id` int(10) UNSIGNED NOT NULL AUTO_INCREMENT, AUTO_INCREMENT=3;
--
-- AUTO_INCREMENT для таблицы `translations`
--
ALTER TABLE `translations`
  MODIFY `id` int(10) UNSIGNED NOT NULL AUTO_INCREMENT, AUTO_INCREMENT=89;
--
-- AUTO_INCREMENT для таблицы `users`
--
ALTER TABLE `users`
  MODIFY `id` int(10) UNSIGNED NOT NULL AUTO_INCREMENT, AUTO_INCREMENT=3;
--
-- Ограничения внешнего ключа сохраненных таблиц
--

--
-- Ограничения внешнего ключа таблицы `data_rows`
--
ALTER TABLE `data_rows`
  ADD CONSTRAINT `data_rows_data_type_id_foreign` FOREIGN KEY (`data_type_id`) REFERENCES `data_types` (`id`) ON DELETE CASCADE ON UPDATE CASCADE;

--
-- Ограничения внешнего ключа таблицы `menu_items`
--
ALTER TABLE `menu_items`
  ADD CONSTRAINT `menu_items_menu_id_foreign` FOREIGN KEY (`menu_id`) REFERENCES `menus` (`id`) ON DELETE CASCADE;

--
-- Ограничения внешнего ключа таблицы `permission_role`
--
ALTER TABLE `permission_role`
  ADD CONSTRAINT `permission_role_permission_id_foreign` FOREIGN KEY (`permission_id`) REFERENCES `permissions` (`id`) ON DELETE CASCADE,
  ADD CONSTRAINT `permission_role_role_id_foreign` FOREIGN KEY (`role_id`) REFERENCES `roles` (`id`) ON DELETE CASCADE;

--
-- Ограничения внешнего ключа таблицы `users`
--
ALTER TABLE `users`
  ADD CONSTRAINT `users_role_id_foreign` FOREIGN KEY (`role_id`) REFERENCES `roles` (`id`);

--
-- Ограничения внешнего ключа таблицы `user_roles`
--
ALTER TABLE `user_roles`
  ADD CONSTRAINT `user_roles_role_id_foreign` FOREIGN KEY (`role_id`) REFERENCES `roles` (`id`) ON DELETE CASCADE,
  ADD CONSTRAINT `user_roles_user_id_foreign` FOREIGN KEY (`user_id`) REFERENCES `users` (`id`) ON DELETE CASCADE;

/*!40101 SET CHARACTER_SET_CLIENT=@OLD_CHARACTER_SET_CLIENT */;
/*!40101 SET CHARACTER_SET_RESULTS=@OLD_CHARACTER_SET_RESULTS */;
/*!40101 SET COLLATION_CONNECTION=@OLD_COLLATION_CONNECTION */;
